seller_id,seller_name,city,rating,total_products,fulfilment_type,join_date
SELL00001,Mitra LLC,Hyderabad,4.1,316,Platform Fulfilled,2023-01-31
SELL00002,Hari-Gour,Mumbai,2.8,17,Seller Fulfilled,2019-05-19
SELL00003,Reddy Inc,Surat,4.1,72,Seller Fulfilled,2020-04-14
SELL00004,Pau-Mukhopadhyay,Mumbai,4.8,127,Seller Fulfilled,2020-03-22
SELL00005,Sandhu-Rastogi,Mumbai,2.9,176,Seller Fulfilled,2022-04-08
SELL00006,Chawla-Shenoy,Ahmedabad,2.0,260,Seller Fulfilled,2022-08-24
SELL00007,Sami-Mander,Ahmedabad,4.1,170,Platform Fulfilled,2023-02-28
SELL00008,"Kade, Bhatnagar and Das",Pune,2.7,118,Platform Fulfilled,2022-06-21
SELL00009,"Tak, Saha and Narula",Mumbai,3.7,317,Seller Fulfilled,2021-07-08
SELL00010,Saran-Mukhopadhyay,Kolkata,2.5,261,Seller Fulfilled,2019-02-06
SELL00011,Koshy-Bava,Delhi,4.1,137,Platform Fulfilled,2022-02-02
SELL00012,Sethi-Rajan,Bangalore,4.2,153,Seller Fulfilled,2022-01-13
SELL00013,"Nagi, Agate and Wadhwa",Chennai,3.5,245,Seller Fulfilled,2023-03-20
SELL00014,"Nayar, Saraf and Chaudhry",Kolkata,3.3,53,Platform Fulfilled,2023-10-03
SELL00015,"Dasgupta, Solanki and Sharma",Kolkata,3.0,461,Seller Fulfilled,2023-11-22
SELL00016,Brar PLC,Bangalore,3.4,145,Platform Fulfilled,2021-05-22
SELL00017,"Dhar, Bhatti and Bhasin",Hyderabad,2.8,474,Seller Fulfilled,2021-01-20
SELL00018,Bhardwaj-Vora,Delhi,3.8,468,Seller Fulfilled,2019-07-12
SELL00019,"Devi, Goyal and Magar",Mumbai,2.3,76,Platform Fulfilled,2022-09-14
SELL00020,Natt-Gandhi,Surat,3.8,363,Platform Fulfilled,2021-11-17
SELL00021,Pandya Ltd,Pune,3.5,46,Platform Fulfilled,2019-09-21
SELL00022,Lanka Inc,Mumbai,5.0,426,Seller Fulfilled,2022-04-02
SELL00023,Barad-Master,Hyderabad,3.3,107,Platform Fulfilled,2022-08-30
SELL00024,"Thakkar, Ratta and Mitter",Chennai,4.5,348,Seller Fulfilled,2023-07-18
SELL00025,Malhotra Group,Surat,4.5,464,Seller Fulfilled,2023-04-05
SELL00026,"Sami, Chatterjee and Maharaj",Pune,3.3,27,Platform Fulfilled,2023-09-26
SELL00027,Char Group,Mumbai,4.1,53,Platform Fulfilled,2022-10-14
SELL00028,Sehgal and Sons,Pune,3.3,170,Seller Fulfilled,2020-04-19
SELL00029,Ahluwalia-Sawhney,Kolkata,4.0,114,Seller Fulfilled,2023-03-10
SELL00030,"Krish, Thaker and Nagi",Ahmedabad,4.9,305,Seller Fulfilled,2020-06-23
SELL00031,"Narayan, Ramakrishnan and Tak",Kolkata,4.1,25,Seller Fulfilled,2020-08-07
SELL00032,"Yadav, Maharaj and Ramanathan",Bangalore,3.0,131,Platform Fulfilled,2021-06-13
SELL00033,Chawla-Munshi,Mumbai,4.3,287,Platform Fulfilled,2022-09-26
SELL00034,"Nagy, Malhotra and Ramakrishnan",Mumbai,3.2,41,Seller Fulfilled,2023-05-31
SELL00035,Kaur Inc,Ahmedabad,3.4,369,Seller Fulfilled,2022-04-24
SELL00036,Warrior and Sons,Mumbai,4.7,92,Seller Fulfilled,2021-07-30
SELL00037,Das-Parsa,Delhi,4.7,119,Platform Fulfilled,2019-11-12
SELL00038,"Dave, Oak and Oza",Pune,4.4,446,Seller Fulfilled,2021-09-13
SELL00039,Rajan-Panchal,Pune,5.0,461,Seller Fulfilled,2022-09-30
SELL00040,Prabhakar Inc,Bangalore,4.2,435,Platform Fulfilled,2020-04-22
SELL00041,Venkatesh-Rout,Ahmedabad,3.8,365,Platform Fulfilled,2022-03-30
SELL00042,Chhabra-Trivedi,Ahmedabad,4.0,152,Platform Fulfilled,2023-04-06
SELL00043,Sastry LLC,Delhi,4.1,101,Seller Fulfilled,2021-02-18
SELL00044,"Madan, Shukla and Dasgupta",Mumbai,3.9,35,Platform Fulfilled,2020-06-11
SELL00045,"Date, Virk and Krishnan",Chennai,3.6,464,Seller Fulfilled,2020-03-21
SELL00046,Nadkarni-Roy,Ahmedabad,4.6,409,Seller Fulfilled,2019-09-13
SELL00047,Bora-Balakrishnan,Kolkata,3.9,402,Seller Fulfilled,2019-10-15
SELL00048,"Tailor, Oommen and Chhabra",Pune,4.9,484,Seller Fulfilled,2021-11-17
SELL00049,Mukherjee-Walla,Ahmedabad,3.4,245,Seller Fulfilled,2023-06-29
SELL00050,Randhawa Inc,Surat,3.2,78,Platform Fulfilled,2022-08-03
SELL00051,"Mistry, Jhaveri and Pingle",Pune,3.7,452,Seller Fulfilled,2021-12-06
SELL00052,"Bhalla, Shetty and Manda",Mumbai,3.5,161,Seller Fulfilled,2019-12-29
SELL00053,"Krish, Nagi and Bajwa",Delhi,3.1,128,Seller Fulfilled,2022-02-03
SELL00054,"Ben, Jhaveri and Gour",Surat,4.4,423,Seller Fulfilled,2022-12-31
SELL00055,"Palla, Mohan and Dhar",Hyderabad,5.0,168,Platform Fulfilled,2019-03-30
SELL00056,Kala Group,Delhi,3.7,226,Seller Fulfilled,2020-07-25
SELL00057,"Chandra, Modi and Anand",Delhi,3.7,133,Platform Fulfilled,2023-02-19
SELL00058,Devan-Acharya,Surat,3.1,98,Platform Fulfilled,2020-01-20
SELL00059,Ganguly-Badami,Ahmedabad,4.8,280,Platform Fulfilled,2021-02-22
SELL00060,Merchant-Thakur,Pune,4.2,260,Seller Fulfilled,2023-08-12
SELL00061,"Uppal, Suri and Agarwal",Chennai,1.7,412,Seller Fulfilled,2020-10-22
SELL00062,"Pingle, Bassi and Mangal",Hyderabad,3.9,205,Platform Fulfilled,2023-01-23
SELL00063,Khare-Bassi,Hyderabad,4.0,290,Platform Fulfilled,2019-12-26
SELL00064,Tara Group,Ahmedabad,3.1,310,Platform Fulfilled,2021-08-08
SELL00065,Viswanathan-Prakash,Kolkata,4.3,149,Platform Fulfilled,2019-08-18
SELL00066,Pillay-Uppal,Surat,3.8,154,Platform Fulfilled,2021-04-19
SELL00067,Sharaf-Mann,Kolkata,3.9,463,Platform Fulfilled,2022-10-23
SELL00068,Sachdeva-Lanka,Hyderabad,3.3,278,Platform Fulfilled,2021-06-20
SELL00069,Sarraf Group,Surat,4.0,313,Seller Fulfilled,2019-08-11
SELL00070,Raghavan Ltd,Hyderabad,4.9,492,Seller Fulfilled,2020-09-13
SELL00071,"Date, Kapoor and Saran",Delhi,3.9,293,Platform Fulfilled,2023-01-19
SELL00072,"Lala, Goda and Cheema",Ahmedabad,4.6,463,Platform Fulfilled,2023-11-17
SELL00073,"Sen, Setty and Garde",Mumbai,2.7,27,Platform Fulfilled,2023-02-23
SELL00074,Minhas-Hayer,Pune,3.9,61,Platform Fulfilled,2022-08-19
SELL00075,"Dash, Kothari and Sarna",Hyderabad,3.9,317,Seller Fulfilled,2020-08-12
SELL00076,Keer-Din,Ahmedabad,4.9,201,Seller Fulfilled,2021-05-16
SELL00077,"Sahota, Modi and Prashad",Surat,4.1,123,Platform Fulfilled,2023-07-15
SELL00078,Sama-Randhawa,Surat,3.1,441,Platform Fulfilled,2020-11-15
SELL00079,"Majumdar, Shere and Bains",Pune,4.6,145,Seller Fulfilled,2022-01-28
SELL00080,Barad-Sengupta,Delhi,3.7,269,Platform Fulfilled,2019-05-24
SELL00081,Khanna LLC,Chennai,4.0,367,Seller Fulfilled,2020-12-14
SELL00082,Tak-Raju,Pune,3.5,42,Platform Fulfilled,2021-07-31
SELL00083,"Bakshi, Swamy and Srinivas",Mumbai,3.7,494,Seller Fulfilled,2019-12-20
SELL00084,Ben-Garde,Bangalore,4.3,317,Seller Fulfilled,2022-02-26
SELL00085,Kari-Shroff,Hyderabad,4.2,380,Seller Fulfilled,2021-11-10
SELL00086,Gade Ltd,Chennai,4.0,132,Platform Fulfilled,2023-02-03
SELL00087,Ramesh Group,Delhi,3.0,89,Platform Fulfilled,2023-03-27
SELL00088,Bajwa Ltd,Mumbai,3.6,303,Platform Fulfilled,2020-05-17
SELL00089,Randhawa-Rajagopalan,Ahmedabad,4.4,335,Seller Fulfilled,2020-12-06
SELL00090,Bumb-Mahajan,Surat,3.8,414,Platform Fulfilled,2020-03-14
SELL00091,Morar-Mandal,Ahmedabad,2.7,60,Seller Fulfilled,2021-04-13
SELL00092,Anand Group,Ahmedabad,4.2,195,Seller Fulfilled,2020-07-31
SELL00093,"Mane, Palla and Khurana",Chennai,4.5,323,Seller Fulfilled,2021-01-16
SELL00094,Mangal-Bir,Pune,3.9,367,Platform Fulfilled,2019-01-16
SELL00095,Kannan-Dhawan,Bangalore,3.4,319,Platform Fulfilled,2021-03-27
SELL00096,Badal-Srivastava,Chennai,4.6,80,Platform Fulfilled,2021-04-15
SELL00097,Sarraf-Khosla,Ahmedabad,3.2,199,Seller Fulfilled,2022-12-16
SELL00098,Mangal-Bose,Chennai,2.6,28,Seller Fulfilled,2022-06-19
SELL00099,Din-Kurian,Mumbai,4.6,139,Platform Fulfilled,2020-05-16
SELL00100,Naidu LLC,Pune,3.1,443,Platform Fulfilled,2022-06-24
SELL00101,"Chokshi, Mannan and Ahluwalia",Pune,5.0,216,Seller Fulfilled,2022-11-14
SELL00102,"Gola, Master and Gour",Mumbai,3.8,89,Seller Fulfilled,2021-04-06
SELL00103,Zacharia-Bhasin,Pune,2.8,100,Seller Fulfilled,2023-09-01
SELL00104,"Gera, Gola and Vohra",Bangalore,3.3,161,Seller Fulfilled,2022-08-08
SELL00105,Sodhi PLC,Mumbai,3.7,338,Seller Fulfilled,2022-02-21
SELL00106,"Hora, Rajagopal and Devi",Hyderabad,3.0,312,Platform Fulfilled,2023-11-03
SELL00107,"Mani, Konda and Loyal",Mumbai,3.4,429,Platform Fulfilled,2021-01-17
SELL00108,"Mitter, Rao and Chacko",Bangalore,3.8,266,Platform Fulfilled,2021-02-10
SELL00109,Sehgal-Suresh,Mumbai,4.3,420,Seller Fulfilled,2023-09-26
SELL00110,Ganesan Inc,Chennai,4.0,406,Platform Fulfilled,2022-09-18
SELL00111,Aurora Ltd,Bangalore,3.5,41,Platform Fulfilled,2023-01-05
SELL00112,Kant-Chadha,Hyderabad,4.0,207,Platform Fulfilled,2020-09-04
SELL00113,Sharma and Sons,Bangalore,3.5,45,Platform Fulfilled,2022-06-23
SELL00114,Zacharia Ltd,Chennai,3.5,200,Seller Fulfilled,2022-03-01
SELL00115,Nagy Inc,Bangalore,4.0,220,Seller Fulfilled,2019-02-14
SELL00116,Mander PLC,Hyderabad,4.2,172,Seller Fulfilled,2020-08-29
SELL00117,Kar Inc,Ahmedabad,3.8,122,Seller Fulfilled,2022-05-01
SELL00118,"Kapur, Ghose and Yohannan",Hyderabad,4.0,337,Seller Fulfilled,2020-08-21
SELL00119,Malhotra Ltd,Surat,3.0,251,Seller Fulfilled,2023-05-17
SELL00120,Ravel-Thakur,Bangalore,3.0,10,Seller Fulfilled,2022-09-22
SELL00121,"Andra, Ahluwalia and Sachdev",Ahmedabad,3.2,469,Platform Fulfilled,2019-07-03
SELL00122,"Borra, Nagy and Kanda",Hyderabad,4.1,159,Platform Fulfilled,2022-04-04
SELL00123,"Kashyap, Gole and Reddy",Surat,4.6,30,Platform Fulfilled,2019-12-02
SELL00124,"Kanda, Goswami and Jaggi",Surat,2.8,499,Seller Fulfilled,2023-11-06
SELL00125,Barad PLC,Delhi,3.9,333,Seller Fulfilled,2021-01-21
SELL00126,Roy Inc,Bangalore,4.0,487,Platform Fulfilled,2020-04-24
SELL00127,"Mital, Desai and Hayer",Mumbai,2.8,188,Seller Fulfilled,2023-11-13
SELL00128,More and Sons,Kolkata,3.6,92,Platform Fulfilled,2020-04-06
SELL00129,"Mander, Walia and Oommen",Kolkata,2.4,38,Seller Fulfilled,2023-01-04
SELL00130,"Baral, Lanka and Bedi",Kolkata,4.4,160,Seller Fulfilled,2021-08-21
SELL00131,"Dutta, Yadav and Comar",Delhi,4.1,231,Platform Fulfilled,2023-08-25
SELL00132,Krish-Ahuja,Pune,3.1,328,Seller Fulfilled,2021-07-29
SELL00133,"Sandhu, Rana and Manne",Kolkata,3.8,475,Platform Fulfilled,2021-09-21
SELL00134,Sharaf-Pandit,Hyderabad,3.9,314,Seller Fulfilled,2022-07-29
SELL00135,Ramakrishnan LLC,Mumbai,4.8,271,Seller Fulfilled,2021-05-31
SELL00136,Radhakrishnan Group,Bangalore,3.7,441,Seller Fulfilled,2023-03-02
SELL00137,"Murthy, Sharaf and Bhatti",Ahmedabad,4.0,100,Seller Fulfilled,2021-12-06
SELL00138,Nori PLC,Kolkata,3.5,465,Platform Fulfilled,2021-12-23
SELL00139,Sarma-Rajagopalan,Mumbai,4.4,195,Platform Fulfilled,2021-12-24
SELL00140,Narang and Sons,Ahmedabad,4.5,50,Seller Fulfilled,2020-09-01
SELL00141,Buch-Sharma,Chennai,3.7,269,Seller Fulfilled,2020-07-09
SELL00142,"Bal, Sur and Kadakia",Hyderabad,4.7,473,Platform Fulfilled,2023-02-07
SELL00143,Pandey PLC,Chennai,3.9,82,Seller Fulfilled,2021-06-26
SELL00144,"Joshi, Gade and Bala",Mumbai,2.7,327,Platform Fulfilled,2020-10-12
SELL00145,Tripathi-Kota,Surat,3.8,279,Platform Fulfilled,2021-02-22
SELL00146,"Prasad, Prakash and Desai",Delhi,2.7,103,Seller Fulfilled,2019-12-28
SELL00147,"Kapoor, Sethi and Sule",Chennai,3.1,249,Seller Fulfilled,2022-05-09
SELL00148,Hegde-Deshpande,Kolkata,3.6,140,Seller Fulfilled,2019-11-04
SELL00149,"Amble, Majumdar and Brar",Hyderabad,3.7,161,Seller Fulfilled,2022-01-14
SELL00150,Rana-Dar,Mumbai,3.3,132,Seller Fulfilled,2021-09-30
SELL00151,Prasad-Tara,Delhi,3.6,474,Seller Fulfilled,2022-05-18
SELL00152,"Samra, Loke and Gulati",Mumbai,2.3,350,Seller Fulfilled,2019-06-15
SELL00153,Contractor PLC,Mumbai,4.6,15,Seller Fulfilled,2022-07-11
SELL00154,"Bala, Balan and Iyengar",Kolkata,2.9,78,Seller Fulfilled,2020-02-05
SELL00155,"Dhar, Madan and Din",Chennai,4.1,98,Platform Fulfilled,2023-04-24
SELL00156,Kannan Inc,Mumbai,4.4,379,Seller Fulfilled,2023-11-01
SELL00157,"Parmer, Dada and Bhardwaj",Hyderabad,3.9,415,Seller Fulfilled,2019-02-17
SELL00158,Basak-Narain,Ahmedabad,4.2,401,Platform Fulfilled,2023-02-02
SELL00159,Walla-Nadkarni,Bangalore,3.6,293,Seller Fulfilled,2021-05-18
SELL00160,Vala-Nagi,Surat,3.6,87,Platform Fulfilled,2022-05-01
SELL00161,Wagle-Grewal,Bangalore,3.6,31,Seller Fulfilled,2023-03-14
SELL00162,Arora PLC,Chennai,4.6,368,Platform Fulfilled,2022-04-22
SELL00163,Kohli Inc,Hyderabad,3.2,260,Seller Fulfilled,2023-09-05
SELL00164,Palan Inc,Surat,3.4,362,Seller Fulfilled,2019-11-05
SELL00165,"Dubey, Bawa and Chopra",Hyderabad,4.5,161,Seller Fulfilled,2021-08-12
SELL00166,Srivastava-Palla,Chennai,3.8,398,Seller Fulfilled,2021-08-12
SELL00167,"Biswas, Anand and More",Pune,5.0,66,Seller Fulfilled,2021-06-28
SELL00168,"Dewan, Jhaveri and Mallick",Hyderabad,4.1,106,Platform Fulfilled,2023-08-16
SELL00169,Cheema Group,Ahmedabad,4.5,223,Seller Fulfilled,2023-08-04
SELL00170,Butala-Parmar,Mumbai,3.9,163,Platform Fulfilled,2019-07-01
SELL00171,Walla Ltd,Mumbai,4.1,356,Seller Fulfilled,2023-03-19
SELL00172,Krish Ltd,Pune,3.9,407,Seller Fulfilled,2020-05-10
SELL00173,"Bhagat, Vig and Kata",Delhi,4.5,20,Platform Fulfilled,2023-04-25
SELL00174,Chokshi-Mahajan,Surat,4.1,176,Seller Fulfilled,2023-05-24
SELL00175,"Solanki, Kata and Padmanabhan",Mumbai,3.5,70,Platform Fulfilled,2022-04-28
SELL00176,Chadha Inc,Hyderabad,4.7,485,Seller Fulfilled,2021-12-28
SELL00177,Mitter-Chakrabarti,Kolkata,4.0,384,Seller Fulfilled,2020-01-16
SELL00178,Chanda-Gill,Pune,5.0,430,Platform Fulfilled,2019-11-05
SELL00179,"Pandit, Agate and Tailor",Pune,3.2,340,Platform Fulfilled,2023-09-01
SELL00180,"Lal, Natarajan and Pandit",Mumbai,4.0,266,Platform Fulfilled,2019-07-12
SELL00181,"Bera, Bhalla and Borra",Delhi,3.8,15,Seller Fulfilled,2020-07-13
SELL00182,Munshi-Rajan,Chennai,3.9,223,Seller Fulfilled,2019-06-01
SELL00183,Om-Parmer,Pune,5.0,65,Seller Fulfilled,2022-12-14
SELL00184,"Raju, Dhar and Jani",Bangalore,2.5,312,Platform Fulfilled,2021-10-28
SELL00185,Sem Ltd,Hyderabad,3.3,232,Platform Fulfilled,2020-05-08
SELL00186,"Mander, Karnik and Parmer",Bangalore,3.6,469,Platform Fulfilled,2023-04-27
SELL00187,Loyal Inc,Mumbai,2.9,430,Platform Fulfilled,2020-10-11
SELL00188,Mani LLC,Mumbai,3.3,307,Platform Fulfilled,2020-08-18
SELL00189,Naik-Babu,Surat,4.3,467,Seller Fulfilled,2023-10-25
SELL00190,"Chauhan, Dhar and Bansal",Pune,4.4,337,Seller Fulfilled,2020-12-31
SELL00191,"Ramaswamy, Gade and Bhatnagar",Ahmedabad,2.9,443,Seller Fulfilled,2019-01-25
SELL00192,"Nagarajan, Dora and Sen",Surat,4.9,88,Platform Fulfilled,2022-09-22
SELL00193,Bali-Ghose,Hyderabad,4.9,285,Platform Fulfilled,2020-04-22
SELL00194,"Butala, De and Bal",Kolkata,4.2,244,Platform Fulfilled,2023-05-10
SELL00195,"Ram, Naik and Warrior",Delhi,3.8,430,Platform Fulfilled,2021-03-09
SELL00196,Sharma-Dyal,Mumbai,4.6,133,Seller Fulfilled,2021-05-26
SELL00197,"Natarajan, Sarkar and Borde",Kolkata,4.9,278,Seller Fulfilled,2020-07-21
SELL00198,"Nagy, Balakrishnan and Deo",Ahmedabad,3.9,158,Platform Fulfilled,2023-03-01
SELL00199,Subramanian and Sons,Chennai,3.7,294,Seller Fulfilled,2021-10-28
SELL00200,Sule-More,Hyderabad,3.9,341,Seller Fulfilled,2023-02-26
SELL00201,Ramachandran Inc,Kolkata,4.6,393,Seller Fulfilled,2023-02-28
SELL00202,"Savant, Sunder and Gulati",Mumbai,5.0,399,Seller Fulfilled,2022-06-19
SELL00203,"Gaba, Bhavsar and Bal",Pune,3.9,177,Platform Fulfilled,2020-01-14
SELL00204,Loke and Sons,Pune,3.5,451,Seller Fulfilled,2021-05-11
SELL00205,"Sura, Bhatti and Varma",Pune,4.3,131,Seller Fulfilled,2022-03-26
SELL00206,"Sidhu, Bajwa and Prakash",Chennai,3.9,404,Seller Fulfilled,2022-08-10
SELL00207,Dube and Sons,Ahmedabad,4.2,83,Platform Fulfilled,2019-09-22
SELL00208,"Anne, Borah and Prakash",Delhi,4.7,463,Seller Fulfilled,2023-05-10
SELL00209,Kari-Srinivas,Surat,4.8,229,Seller Fulfilled,2020-01-18
SELL00210,Datta-Krishnamurthy,Surat,3.9,475,Seller Fulfilled,2019-11-01
SELL00211,Rau PLC,Delhi,4.6,136,Platform Fulfilled,2022-09-29
SELL00212,Bhargava-Sandhu,Pune,2.9,491,Seller Fulfilled,2019-03-06
SELL00213,Wali PLC,Pune,3.6,55,Seller Fulfilled,2019-01-16
SELL00214,Basu-Rastogi,Mumbai,4.4,312,Platform Fulfilled,2022-08-31
SELL00215,De-Nayar,Ahmedabad,3.0,247,Seller Fulfilled,2019-03-14
SELL00216,Grewal Group,Bangalore,3.7,226,Seller Fulfilled,2022-04-07
SELL00217,Venkataraman-Jain,Hyderabad,3.2,39,Seller Fulfilled,2019-12-14
SELL00218,"Subramanian, Konda and Merchant",Hyderabad,4.6,158,Seller Fulfilled,2023-08-19
SELL00219,"Din, Naidu and Buch",Bangalore,4.7,466,Platform Fulfilled,2023-09-20
SELL00220,"Soni, Lanka and Pai",Mumbai,3.5,127,Platform Fulfilled,2021-04-25
SELL00221,Pandya Inc,Chennai,4.1,71,Seller Fulfilled,2022-01-18
SELL00222,Khanna-Loyal,Kolkata,3.6,119,Seller Fulfilled,2022-01-25
SELL00223,Gade Group,Kolkata,4.6,466,Seller Fulfilled,2020-04-29
SELL00224,Jayaraman Ltd,Hyderabad,4.0,102,Seller Fulfilled,2022-08-14
SELL00225,Talwar-Sura,Surat,3.2,17,Seller Fulfilled,2023-01-29
SELL00226,"Mohan, Panchal and Amble",Ahmedabad,2.8,425,Seller Fulfilled,2021-05-15
SELL00227,"Morar, Sachdeva and Prabhu",Pune,2.9,123,Seller Fulfilled,2022-02-15
SELL00228,Srinivasan-Varghese,Chennai,5.0,66,Seller Fulfilled,2019-09-26
SELL00229,Dhawan PLC,Delhi,5.0,245,Seller Fulfilled,2021-09-27
SELL00230,Kapur-Chaudry,Bangalore,3.8,358,Seller Fulfilled,2022-12-10
SELL00231,Sundaram-Saxena,Pune,3.6,356,Seller Fulfilled,2022-02-24
SELL00232,"Bhavsar, Ramesh and Doshi",Hyderabad,4.9,16,Seller Fulfilled,2020-02-14
SELL00233,"Dutta, Mahal and Bhargava",Mumbai,4.5,282,Seller Fulfilled,2021-12-17
SELL00234,"Singh, Chandran and Narayanan",Surat,3.8,294,Seller Fulfilled,2022-08-17
SELL00235,Saha-Barad,Delhi,3.6,342,Seller Fulfilled,2022-02-27
SELL00236,Nori-Samra,Chennai,4.6,363,Platform Fulfilled,2022-04-11
SELL00237,Lall Inc,Ahmedabad,3.8,179,Seller Fulfilled,2022-03-06
SELL00238,"Shere, Merchant and Sundaram",Kolkata,3.7,162,Platform Fulfilled,2023-05-18
SELL00239,Bassi Group,Ahmedabad,3.7,188,Seller Fulfilled,2022-11-24
SELL00240,"Atwal, Minhas and Dara",Bangalore,4.6,278,Seller Fulfilled,2023-06-27
SELL00241,Sekhon Ltd,Kolkata,3.8,218,Platform Fulfilled,2020-03-05
SELL00242,Chanda-Sethi,Surat,4.0,70,Seller Fulfilled,2021-12-13
SELL00243,"Kibe, Chatterjee and Batta",Chennai,2.8,406,Seller Fulfilled,2021-10-12
SELL00244,"Goel, Behl and Kala",Surat,4.6,496,Seller Fulfilled,2022-11-15
SELL00245,Palla Inc,Mumbai,4.2,357,Platform Fulfilled,2023-02-08
SELL00246,Balasubramanian-Vaidya,Delhi,4.6,457,Seller Fulfilled,2020-02-19
SELL00247,"Sule, Char and Bhasin",Surat,4.2,149,Seller Fulfilled,2021-11-28
SELL00248,"Kashyap, Sibal and Edwin",Mumbai,3.8,465,Seller Fulfilled,2023-03-08
SELL00249,Sankaran-Borra,Mumbai,4.9,260,Seller Fulfilled,2023-09-12
SELL00250,"Joshi, Mammen and Kumar",Bangalore,3.5,366,Seller Fulfilled,2022-08-01
SELL00251,Chandra Group,Bangalore,3.7,95,Seller Fulfilled,2022-05-21
SELL00252,"Palla, Venkataraman and Garg",Chennai,4.7,385,Seller Fulfilled,2020-12-20
SELL00253,Deo LLC,Surat,4.9,482,Platform Fulfilled,2020-05-30
SELL00254,Natarajan Ltd,Bangalore,3.9,209,Seller Fulfilled,2021-07-18
SELL00255,Dhar-Gara,Bangalore,4.0,473,Seller Fulfilled,2022-06-13
SELL00256,Bains Group,Kolkata,4.7,97,Platform Fulfilled,2021-02-10
SELL00257,Dani Ltd,Ahmedabad,2.9,408,Platform Fulfilled,2022-01-14
SELL00258,"Dora, Saraf and Bedi",Mumbai,3.1,198,Seller Fulfilled,2020-09-29
SELL00259,Sekhon LLC,Delhi,3.2,276,Platform Fulfilled,2019-06-03
SELL00260,Pai-Pau,Kolkata,3.9,136,Platform Fulfilled,2021-12-08
SELL00261,Borra-Modi,Delhi,4.2,17,Seller Fulfilled,2020-02-14
SELL00262,Chaudhary Inc,Delhi,3.6,431,Seller Fulfilled,2021-11-11
SELL00263,Desai LLC,Ahmedabad,3.7,242,Seller Fulfilled,2022-11-03
SELL00264,Tiwari-Wable,Hyderabad,4.5,13,Seller Fulfilled,2023-09-04
SELL00265,"Walia, Upadhyay and Virk",Chennai,3.3,259,Platform Fulfilled,2020-05-16
SELL00266,Sem-Natt,Chennai,4.0,487,Platform Fulfilled,2022-05-25
SELL00267,Deo-Handa,Bangalore,4.8,412,Seller Fulfilled,2022-04-18
SELL00268,"Walia, Barad and Shanker",Surat,3.3,394,Seller Fulfilled,2023-04-02
SELL00269,"Sama, Bhakta and Deshmukh",Delhi,3.8,136,Platform Fulfilled,2022-04-23
SELL00270,Dora and Sons,Chennai,3.4,341,Seller Fulfilled,2022-09-04
SELL00271,"Chaudhary, Oak and Shan",Hyderabad,2.4,308,Seller Fulfilled,2022-03-17
SELL00272,"Narula, Borah and Deol",Pune,4.6,365,Platform Fulfilled,2021-09-30
SELL00273,Varghese PLC,Surat,3.6,13,Platform Fulfilled,2022-07-28
SELL00274,"Sood, Walia and Doctor",Surat,3.1,440,Seller Fulfilled,2021-10-20
SELL00275,Nadkarni-Deshmukh,Pune,3.5,183,Seller Fulfilled,2022-09-10
SELL00276,Pathak LLC,Mumbai,3.8,340,Seller Fulfilled,2020-12-13
SELL00277,Vaidya-Ramaswamy,Kolkata,4.0,490,Platform Fulfilled,2022-06-01
SELL00278,Sodhi-Kapur,Surat,3.7,434,Platform Fulfilled,2022-04-16
SELL00279,Kumer-Chandra,Chennai,4.4,186,Platform Fulfilled,2022-06-17
SELL00280,Sinha-Setty,Kolkata,4.5,248,Seller Fulfilled,2022-08-22
SELL00281,Sethi-Palla,Chennai,4.3,157,Seller Fulfilled,2019-09-19
SELL00282,Sidhu Inc,Ahmedabad,4.8,192,Platform Fulfilled,2021-12-31
SELL00283,Nath and Sons,Kolkata,3.0,66,Seller Fulfilled,2023-05-03
SELL00284,"Sethi, Vohra and Brahmbhatt",Delhi,3.1,149,Platform Fulfilled,2023-01-23
SELL00285,Din-Kanda,Bangalore,3.7,362,Platform Fulfilled,2022-01-23
SELL00286,Ranganathan PLC,Surat,4.9,57,Seller Fulfilled,2021-03-10
SELL00287,Tata-Choudhary,Chennai,3.3,380,Seller Fulfilled,2020-12-12
SELL00288,Doshi LLC,Surat,4.1,100,Seller Fulfilled,2023-01-17
SELL00289,Bahl Group,Surat,4.6,120,Platform Fulfilled,2019-03-12
SELL00290,Cheema-Prashad,Pune,3.9,111,Seller Fulfilled,2023-05-09
SELL00291,"Chadha, Keer and Bail",Mumbai,3.6,390,Platform Fulfilled,2023-11-20
SELL00292,"Kulkarni, Thaker and Tandon",Chennai,4.4,308,Platform Fulfilled,2020-07-04
SELL00293,"De, Subramanian and Dixit",Delhi,3.4,452,Platform Fulfilled,2021-07-11
SELL00294,Ghosh-Issac,Bangalore,4.9,476,Seller Fulfilled,2021-08-27
SELL00295,Karan Ltd,Pune,4.2,214,Seller Fulfilled,2020-04-01
SELL00296,"Varughese, Guha and Nori",Chennai,3.6,201,Seller Fulfilled,2023-01-23
SELL00297,Suri and Sons,Surat,3.3,176,Seller Fulfilled,2019-07-11
SELL00298,Sagar and Sons,Hyderabad,4.6,55,Platform Fulfilled,2022-08-14
SELL00299,Chowdhury-Misra,Hyderabad,3.6,178,Platform Fulfilled,2021-02-24
SELL00300,Butala-De,Surat,3.5,471,Seller Fulfilled,2022-10-20
SELL00301,Yohannan PLC,Bangalore,3.9,114,Seller Fulfilled,2020-04-18
SELL00302,"Ramakrishnan, Dugar and Suri",Ahmedabad,2.7,97,Seller Fulfilled,2021-06-16
SELL00303,Krishnamurthy-Kalita,Bangalore,4.4,256,Seller Fulfilled,2022-09-25
SELL00304,Chaudhuri PLC,Mumbai,3.4,280,Seller Fulfilled,2021-04-20
SELL00305,"Chakrabarti, Sarin and Chatterjee",Surat,2.0,127,Seller Fulfilled,2020-02-25
SELL00306,Panchal-Basu,Pune,4.3,468,Platform Fulfilled,2020-05-30
SELL00307,"Sundaram, Misra and Sehgal",Delhi,4.9,335,Seller Fulfilled,2021-12-24
SELL00308,"Pall, Ramanathan and Ray",Pune,4.2,226,Platform Fulfilled,2023-09-08
SELL00309,Nagarajan-Naik,Mumbai,3.6,181,Seller Fulfilled,2022-02-27
SELL00310,Rattan-Narasimhan,Ahmedabad,4.1,455,Seller Fulfilled,2023-01-16
SELL00311,Toor PLC,Ahmedabad,3.7,176,Platform Fulfilled,2019-08-28
SELL00312,Randhawa Inc,Surat,4.6,195,Seller Fulfilled,2020-11-25
SELL00313,"Kadakia, Pandya and Parsa",Bangalore,3.4,92,Platform Fulfilled,2019-02-19
SELL00314,Walia LLC,Ahmedabad,4.3,37,Platform Fulfilled,2022-12-29
SELL00315,Madan-Khurana,Kolkata,4.0,222,Platform Fulfilled,2023-07-10
SELL00316,"Gole, Sood and Modi",Hyderabad,2.8,443,Platform Fulfilled,2019-11-08
SELL00317,Kant LLC,Delhi,3.4,106,Seller Fulfilled,2020-09-22
SELL00318,Chopra Ltd,Ahmedabad,4.0,415,Seller Fulfilled,2023-05-06
SELL00319,Mangal Inc,Pune,4.5,105,Platform Fulfilled,2023-06-09
SELL00320,Bhatia-Comar,Hyderabad,5.0,369,Seller Fulfilled,2021-02-05
SELL00321,Nayak-Bhasin,Delhi,4.4,57,Platform Fulfilled,2021-05-05
SELL00322,Raman LLC,Ahmedabad,4.8,394,Platform Fulfilled,2020-11-02
SELL00323,Shukla and Sons,Delhi,4.6,239,Platform Fulfilled,2021-04-16
SELL00324,"Agarwal, Chokshi and Doctor",Bangalore,3.2,264,Seller Fulfilled,2019-06-22
SELL00325,Krishna Inc,Hyderabad,4.4,132,Seller Fulfilled,2022-01-08
SELL00326,"Badal, Lalla and Chokshi",Ahmedabad,5.0,359,Seller Fulfilled,2021-05-22
SELL00327,Rout-Sekhon,Kolkata,3.5,494,Seller Fulfilled,2021-07-19
SELL00328,Parmar and Sons,Ahmedabad,3.5,278,Platform Fulfilled,2021-12-03
SELL00329,Sura-Ghose,Pune,2.6,302,Seller Fulfilled,2022-09-01
SELL00330,"Jhaveri, Datta and Saxena",Surat,3.8,375,Platform Fulfilled,2022-08-24
SELL00331,Mital PLC,Mumbai,2.4,223,Platform Fulfilled,2019-12-24
SELL00332,"Mallick, Bora and Kulkarni",Pune,4.5,440,Seller Fulfilled,2019-06-14
SELL00333,"Wagle, Dugar and Mander",Bangalore,3.4,349,Seller Fulfilled,2021-07-02
SELL00334,Mohan-Parikh,Surat,3.5,399,Seller Fulfilled,2019-04-25
SELL00335,Thakkar Group,Bangalore,3.8,174,Platform Fulfilled,2022-12-09
SELL00336,"Sodhi, Pingle and Khalsa",Chennai,3.5,148,Seller Fulfilled,2019-07-27
SELL00337,"Pant, Tella and Keer",Mumbai,4.0,106,Seller Fulfilled,2019-08-31
SELL00338,Sridhar-Das,Chennai,3.7,237,Platform Fulfilled,2020-08-10
SELL00339,Chandran-Sidhu,Hyderabad,4.0,187,Seller Fulfilled,2022-03-22
SELL00340,Issac and Sons,Hyderabad,4.5,383,Platform Fulfilled,2021-05-15
SELL00341,Bhatti PLC,Hyderabad,5.0,441,Seller Fulfilled,2021-12-02
SELL00342,"Talwar, Chahal and Parekh",Mumbai,3.1,36,Seller Fulfilled,2021-03-10
SELL00343,Menon-Karnik,Mumbai,4.5,308,Platform Fulfilled,2020-02-11
SELL00344,"Desai, Thakkar and Deol",Chennai,3.5,397,Seller Fulfilled,2021-11-20
SELL00345,Kannan-Buch,Mumbai,3.6,251,Seller Fulfilled,2020-07-15
SELL00346,Varghese PLC,Chennai,4.5,57,Seller Fulfilled,2022-12-17
SELL00347,Tak Ltd,Delhi,3.5,156,Seller Fulfilled,2023-10-16
SELL00348,Ahuja Ltd,Kolkata,3.5,94,Seller Fulfilled,2021-01-13
SELL00349,"Bhalla, Bhagat and Bhasin",Surat,5.0,323,Seller Fulfilled,2020-04-19
SELL00350,"Rajagopalan, Dhingra and Bhattacharyya",Mumbai,4.1,261,Seller Fulfilled,2019-09-04
SELL00351,"Bains, Dara and Rattan",Mumbai,4.2,482,Seller Fulfilled,2023-06-13
SELL00352,Sinha-Ramesh,Chennai,3.6,10,Seller Fulfilled,2022-08-27
SELL00353,"Kaur, Dewan and Gill",Hyderabad,4.0,205,Seller Fulfilled,2019-03-16
SELL00354,Vyas LLC,Pune,4.1,14,Platform Fulfilled,2022-08-28
SELL00355,Doshi PLC,Delhi,3.7,408,Seller Fulfilled,2019-10-09
SELL00356,"Subramaniam, Kanda and Panchal",Hyderabad,4.1,66,Platform Fulfilled,2020-01-14
SELL00357,"Kalita, Balakrishnan and Gaba",Pune,3.3,238,Platform Fulfilled,2021-04-13
SELL00358,"Mody, Patla and Dube",Ahmedabad,3.5,336,Platform Fulfilled,2022-12-21
SELL00359,Kala and Sons,Pune,4.8,333,Platform Fulfilled,2019-07-25
SELL00360,Talwar-Tiwari,Kolkata,4.5,39,Seller Fulfilled,2023-10-19
SELL00361,Narasimhan-Mall,Surat,3.1,442,Seller Fulfilled,2021-06-24
SELL00362,Som-Kala,Hyderabad,3.8,48,Seller Fulfilled,2020-11-22
SELL00363,"Bhasin, Misra and Rajan",Ahmedabad,3.9,149,Platform Fulfilled,2021-03-07
SELL00364,Sathe-Dutta,Ahmedabad,4.7,195,Platform Fulfilled,2022-09-03
SELL00365,"Gill, Tella and Upadhyay",Bangalore,3.2,177,Seller Fulfilled,2022-01-31
SELL00366,Nayar-Sachdev,Pune,5.0,240,Seller Fulfilled,2020-09-18
SELL00367,Walla Inc,Delhi,4.6,69,Platform Fulfilled,2019-10-11
SELL00368,Rajan Inc,Delhi,2.7,204,Seller Fulfilled,2021-07-08
SELL00369,"Vyas, Tailor and Venkataraman",Hyderabad,2.8,283,Platform Fulfilled,2021-04-16
SELL00370,Deshmukh-Nanda,Chennai,3.6,165,Platform Fulfilled,2020-08-08
SELL00371,Virk-Sanghvi,Mumbai,3.3,188,Seller Fulfilled,2020-01-27
SELL00372,Thakur-Mammen,Hyderabad,3.6,485,Seller Fulfilled,2019-08-31
SELL00373,Dewan-Sampath,Ahmedabad,3.1,196,Seller Fulfilled,2022-05-14
SELL00374,"Krishnamurthy, Sachdev and Seth",Mumbai,4.0,489,Seller Fulfilled,2020-08-15
SELL00375,Chana LLC,Kolkata,3.9,359,Platform Fulfilled,2021-04-11
SELL00376,"Bakshi, Chakraborty and Chacko",Mumbai,3.5,82,Seller Fulfilled,2023-05-11
SELL00377,Purohit-Raj,Pune,3.5,401,Platform Fulfilled,2020-04-17
SELL00378,Chacko-Datta,Surat,4.6,416,Seller Fulfilled,2023-10-07
SELL00379,Manne LLC,Delhi,3.1,317,Seller Fulfilled,2020-08-29
SELL00380,Gola Group,Mumbai,4.0,325,Platform Fulfilled,2022-04-11
SELL00381,Mall LLC,Mumbai,3.0,185,Seller Fulfilled,2023-05-08
SELL00382,Minhas and Sons,Hyderabad,2.4,427,Seller Fulfilled,2023-03-30
SELL00383,Brar Group,Mumbai,4.0,293,Seller Fulfilled,2023-10-02
SELL00384,Sarkar and Sons,Hyderabad,4.6,143,Seller Fulfilled,2020-07-26
SELL00385,Dhar-Vaidya,Ahmedabad,3.9,214,Seller Fulfilled,2019-02-25
SELL00386,"Rajagopalan, Dubey and Bhatia",Mumbai,3.5,487,Platform Fulfilled,2023-03-28
SELL00387,Comar Ltd,Delhi,4.5,5,Seller Fulfilled,2022-10-01
SELL00388,"Soni, Dhar and Varughese",Chennai,3.7,252,Seller Fulfilled,2023-02-26
SELL00389,"Sharaf, Kunda and Tata",Delhi,4.2,116,Platform Fulfilled,2019-04-14
SELL00390,Sawhney-Sodhi,Pune,4.2,147,Seller Fulfilled,2019-08-22
SELL00391,"Kalita, Khalsa and Joshi",Pune,4.3,159,Platform Fulfilled,2019-10-04
SELL00392,"Tiwari, Mangal and Mangal",Chennai,5.0,364,Seller Fulfilled,2021-05-01
SELL00393,Chacko-Chad,Pune,3.3,325,Seller Fulfilled,2020-09-17
SELL00394,Raghavan Ltd,Delhi,3.5,35,Platform Fulfilled,2021-05-11
SELL00395,"Prabhakar, Choudhury and Pathak",Kolkata,2.7,386,Seller Fulfilled,2021-05-15
SELL00396,Srinivas Inc,Ahmedabad,3.0,126,Platform Fulfilled,2020-10-28
SELL00397,Deshpande PLC,Bangalore,3.9,427,Seller Fulfilled,2019-03-21
SELL00398,"Goel, Seshadri and Oza",Mumbai,3.7,35,Platform Fulfilled,2022-06-10
SELL00399,Bandi LLC,Delhi,4.6,77,Platform Fulfilled,2020-05-16
SELL00400,Divan LLC,Delhi,3.3,113,Seller Fulfilled,2021-01-30
SELL00401,Sarraf-Dube,Delhi,3.4,439,Seller Fulfilled,2023-05-30
SELL00402,Kala Ltd,Kolkata,2.8,430,Seller Fulfilled,2020-07-01
SELL00403,Sawhney-Buch,Ahmedabad,3.9,472,Seller Fulfilled,2021-04-11
SELL00404,"Divan, Purohit and Kakar",Pune,3.6,37,Seller Fulfilled,2023-01-02
SELL00405,Gole Group,Ahmedabad,4.3,6,Platform Fulfilled,2022-06-09
SELL00406,Ratta-Sandal,Bangalore,3.0,23,Seller Fulfilled,2021-06-24
SELL00407,Bath PLC,Bangalore,3.2,372,Seller Fulfilled,2020-12-18
SELL00408,"Atwal, Kurian and Dora",Chennai,1.9,477,Seller Fulfilled,2020-04-13
SELL00409,"Kapadia, Mahajan and Sama",Pune,3.6,388,Seller Fulfilled,2020-10-10
SELL00410,"Khosla, Lad and Chhabra",Mumbai,4.3,451,Seller Fulfilled,2021-10-25
SELL00411,Dalal Group,Mumbai,3.8,100,Seller Fulfilled,2020-11-26
SELL00412,Rama-Dhawan,Mumbai,3.3,475,Seller Fulfilled,2022-01-20
SELL00413,Som Inc,Delhi,4.2,99,Seller Fulfilled,2020-04-23
SELL00414,Vora LLC,Mumbai,4.7,173,Seller Fulfilled,2022-06-27
SELL00415,Behl Inc,Bangalore,4.3,307,Seller Fulfilled,2020-02-11
SELL00416,Buch-Bhatt,Kolkata,3.8,459,Seller Fulfilled,2020-08-13
SELL00417,Sridhar-Bal,Ahmedabad,3.0,292,Seller Fulfilled,2019-06-17
SELL00418,"Warrior, Patel and Chad",Hyderabad,4.7,380,Seller Fulfilled,2020-11-14
SELL00419,Raghavan-Singhal,Ahmedabad,3.5,23,Seller Fulfilled,2023-02-05
SELL00420,Kohli PLC,Hyderabad,4.6,202,Seller Fulfilled,2020-11-23
SELL00421,"Amble, Golla and Yadav",Bangalore,3.4,234,Platform Fulfilled,2022-10-08
SELL00422,Luthra-Johal,Ahmedabad,4.2,292,Seller Fulfilled,2023-05-20
SELL00423,Baria Ltd,Hyderabad,3.4,92,Seller Fulfilled,2019-06-23
SELL00424,Gara-Dutta,Kolkata,3.7,188,Seller Fulfilled,2019-11-01
SELL00425,Tata Ltd,Surat,4.4,398,Platform Fulfilled,2022-11-10
SELL00426,"Chokshi, Rajan and Raja",Surat,2.9,247,Seller Fulfilled,2020-09-20
SELL00427,Gole LLC,Delhi,2.7,338,Seller Fulfilled,2023-11-01
SELL00428,"Kale, Sinha and Parmar",Bangalore,3.2,12,Seller Fulfilled,2023-10-29
SELL00429,"Contractor, Kota and Babu",Ahmedabad,3.4,26,Seller Fulfilled,2019-12-01
SELL00430,Wali Ltd,Hyderabad,3.9,455,Seller Fulfilled,2023-03-01
SELL00431,Naidu-Ahuja,Mumbai,5.0,123,Platform Fulfilled,2021-03-09
SELL00432,"Divan, Malhotra and Lall",Hyderabad,4.0,69,Platform Fulfilled,2021-08-02
SELL00433,Venkataraman Inc,Delhi,4.6,221,Seller Fulfilled,2021-01-09
SELL00434,Dua Group,Pune,3.8,193,Seller Fulfilled,2022-05-18
SELL00435,Wadhwa-Mutti,Surat,4.0,7,Seller Fulfilled,2023-11-12
SELL00436,"Modi, Borde and Parmar",Surat,4.7,190,Seller Fulfilled,2019-12-24
SELL00437,"Patla, Suresh and Kohli",Bangalore,4.2,105,Seller Fulfilled,2023-11-16
SELL00438,"Mitra, Walla and Baria",Ahmedabad,3.9,259,Platform Fulfilled,2022-05-15
SELL00439,Uppal-Subramaniam,Kolkata,4.2,258,Platform Fulfilled,2019-10-30
SELL00440,Sahota-Lata,Bangalore,3.3,170,Seller Fulfilled,2020-12-22
SELL00441,Balay Inc,Mumbai,4.1,214,Platform Fulfilled,2020-12-21
SELL00442,Iyengar Inc,Kolkata,3.5,190,Platform Fulfilled,2021-10-07
SELL00443,Pandey PLC,Chennai,4.0,31,Seller Fulfilled,2022-04-14
SELL00444,Nazareth Inc,Pune,3.1,408,Seller Fulfilled,2019-07-16
SELL00445,Jhaveri-Bhandari,Ahmedabad,3.4,327,Seller Fulfilled,2023-08-11
SELL00446,"Narayanan, Master and Sunder",Hyderabad,4.3,11,Seller Fulfilled,2021-09-29
SELL00447,"Bobal, Das and Chatterjee",Bangalore,4.0,241,Seller Fulfilled,2022-04-26
SELL00448,Kuruvilla-Sule,Delhi,3.9,207,Seller Fulfilled,2023-03-19
SELL00449,Jhaveri PLC,Kolkata,3.5,115,Seller Fulfilled,2019-10-10
SELL00450,Date Ltd,Chennai,4.7,421,Seller Fulfilled,2020-01-06
SELL00451,"Hegde, Magar and Keer",Ahmedabad,4.2,320,Seller Fulfilled,2019-10-25
SELL00452,Pillai-Kaur,Hyderabad,4.6,330,Seller Fulfilled,2023-04-28
SELL00453,Dara Inc,Kolkata,3.8,499,Seller Fulfilled,2022-09-04
SELL00454,"Bakshi, Madan and Bansal",Ahmedabad,3.6,102,Platform Fulfilled,2021-03-03
SELL00455,Venkataraman-Patla,Surat,3.5,238,Seller Fulfilled,2021-12-29
SELL00456,Batta and Sons,Hyderabad,3.4,197,Seller Fulfilled,2022-03-05
SELL00457,"Sanghvi, Sarma and Sehgal",Pune,3.2,115,Seller Fulfilled,2023-07-22
SELL00458,"Raghavan, Sathe and Karnik",Chennai,4.8,400,Seller Fulfilled,2022-05-25
SELL00459,"Naik, Lanka and Mammen",Surat,4.7,114,Seller Fulfilled,2019-01-06
SELL00460,Uppal Inc,Chennai,2.9,435,Seller Fulfilled,2020-12-21
SELL00461,Oak-Bhasin,Bangalore,2.2,211,Seller Fulfilled,2022-05-28
SELL00462,"Walia, Dalal and Wable",Mumbai,5.0,117,Platform Fulfilled,2022-08-26
SELL00463,Lala Inc,Surat,3.2,348,Seller Fulfilled,2021-03-18
SELL00464,Loke Inc,Pune,3.2,311,Seller Fulfilled,2021-02-12
SELL00465,"Viswanathan, Dyal and Choudhry",Pune,4.1,346,Seller Fulfilled,2023-03-28
SELL00466,Rai PLC,Surat,2.8,71,Platform Fulfilled,2023-05-15
SELL00467,Chaudhari LLC,Bangalore,3.8,402,Platform Fulfilled,2021-04-30
SELL00468,Jha-Dasgupta,Chennai,3.9,351,Seller Fulfilled,2019-11-01
SELL00469,"Deep, Rajan and Bath",Ahmedabad,4.6,162,Seller Fulfilled,2021-03-19
SELL00470,Saran Group,Pune,4.0,484,Seller Fulfilled,2023-05-20
SELL00471,Bhavsar LLC,Delhi,4.2,308,Platform Fulfilled,2020-07-14
SELL00472,Karnik Inc,Ahmedabad,4.0,473,Seller Fulfilled,2023-02-20
SELL00473,Keer PLC,Chennai,3.6,146,Seller Fulfilled,2021-04-21
SELL00474,Pillai and Sons,Bangalore,4.4,358,Platform Fulfilled,2022-02-15
SELL00475,"Dash, Mandal and Ahluwalia",Pune,3.3,252,Seller Fulfilled,2020-09-28
SELL00476,Chopra and Sons,Kolkata,4.0,396,Platform Fulfilled,2019-09-14
SELL00477,Doshi-Sandal,Ahmedabad,5.0,37,Seller Fulfilled,2021-02-08
SELL00478,"Purohit, Pathak and Shere",Pune,3.8,209,Platform Fulfilled,2019-11-24
SELL00479,Anand-Jain,Surat,3.7,396,Platform Fulfilled,2019-04-30
SELL00480,Rastogi-Varghese,Kolkata,4.5,472,Seller Fulfilled,2022-08-11
SELL00481,"Sarraf, Sabharwal and Setty",Delhi,4.1,382,Seller Fulfilled,2023-01-24
SELL00482,Dey Group,Surat,4.2,197,Seller Fulfilled,2019-05-03
SELL00483,Bains-Mall,Kolkata,4.5,381,Platform Fulfilled,2021-07-13
SELL00484,More Group,Pune,3.0,29,Platform Fulfilled,2022-11-15
SELL00485,De-Rajagopalan,Bangalore,3.5,472,Platform Fulfilled,2022-03-22
SELL00486,"Mitra, Tella and Sama",Delhi,4.4,494,Seller Fulfilled,2022-02-28
SELL00487,Hora-Sane,Chennai,3.6,357,Seller Fulfilled,2019-08-01
SELL00488,"Khosla, Wali and Lad",Mumbai,3.3,324,Seller Fulfilled,2019-04-01
SELL00489,"Seshadri, Chowdhury and Din",Mumbai,5.0,442,Platform Fulfilled,2020-07-29
SELL00490,Dalal LLC,Hyderabad,3.5,312,Seller Fulfilled,2019-10-19
SELL00491,Som-Sama,Bangalore,3.5,411,Seller Fulfilled,2023-10-08
SELL00492,Parekh PLC,Mumbai,2.8,410,Platform Fulfilled,2021-08-23
SELL00493,Batta-Thaman,Delhi,4.2,78,Platform Fulfilled,2021-09-17
SELL00494,Nori PLC,Delhi,4.6,166,Seller Fulfilled,2022-10-08
SELL00495,Korpal PLC,Chennai,3.3,492,Seller Fulfilled,2020-01-21
SELL00496,"Ranganathan, Bala and Dhingra",Chennai,2.9,480,Platform Fulfilled,2022-07-26
SELL00497,"Bajaj, Mangat and Dewan",Mumbai,3.6,435,Seller Fulfilled,2021-10-10
SELL00498,Mani-Sachdeva,Surat,3.7,78,Seller Fulfilled,2019-01-12
SELL00499,"Mandal, Chand and Raja",Mumbai,3.5,230,Platform Fulfilled,2020-10-12
SELL00500,Sekhon Ltd,Chennai,3.9,491,Platform Fulfilled,2019-12-21
SELL00501,"Swamy, Rajagopalan and Mistry",Kolkata,4.4,384,Seller Fulfilled,2020-01-15
SELL00502,Nanda and Sons,Bangalore,3.1,410,Seller Fulfilled,2019-10-06
SELL00503,"Palla, Bhatti and Patel",Pune,3.2,154,Platform Fulfilled,2020-03-28
SELL00504,"Yohannan, Oommen and Sunder",Surat,3.2,355,Platform Fulfilled,2021-04-19
SELL00505,Raju Inc,Chennai,4.5,89,Seller Fulfilled,2021-11-15
SELL00506,"Singh, Borra and Anand",Surat,3.2,269,Platform Fulfilled,2023-02-14
SELL00507,Ramachandran-Hegde,Delhi,3.4,18,Seller Fulfilled,2019-02-02
SELL00508,Kala Ltd,Kolkata,3.1,33,Platform Fulfilled,2022-05-08
SELL00509,Ganesh-Parekh,Chennai,3.4,452,Seller Fulfilled,2019-12-06
SELL00510,"Ramanathan, Krishna and Bhandari",Hyderabad,3.6,263,Platform Fulfilled,2023-03-25
SELL00511,Chana and Sons,Hyderabad,4.1,52,Seller Fulfilled,2021-02-28
SELL00512,Puri Ltd,Ahmedabad,2.4,386,Seller Fulfilled,2019-03-17
SELL00513,Krishna-Chacko,Kolkata,3.0,100,Seller Fulfilled,2021-06-09
SELL00514,Hayer and Sons,Pune,5.0,119,Platform Fulfilled,2023-10-25
SELL00515,"Murthy, Gola and Sekhon",Pune,3.9,287,Seller Fulfilled,2022-05-16
SELL00516,Sule-More,Surat,4.5,206,Seller Fulfilled,2020-03-07
SELL00517,Sura Inc,Bangalore,3.4,69,Seller Fulfilled,2022-06-07
SELL00518,"Andra, Grover and Dugar",Hyderabad,3.3,427,Seller Fulfilled,2020-06-29
SELL00519,Subramanian-Chaudry,Chennai,3.2,337,Seller Fulfilled,2019-12-16
SELL00520,"Patil, Vaidya and Chokshi",Chennai,5.0,291,Platform Fulfilled,2023-06-08
SELL00521,Gour PLC,Mumbai,3.7,449,Seller Fulfilled,2020-05-29
SELL00522,Jaggi Ltd,Ahmedabad,4.3,16,Seller Fulfilled,2022-07-31
SELL00523,"Wali, Pandya and Sule",Chennai,4.2,379,Platform Fulfilled,2019-05-07
SELL00524,"Palan, Parekh and Yogi",Kolkata,4.0,250,Platform Fulfilled,2020-02-06
SELL00525,"Mallick, Bir and Tiwari",Surat,3.9,414,Platform Fulfilled,2020-05-06
SELL00526,Sibal LLC,Bangalore,2.9,342,Seller Fulfilled,2020-11-25
SELL00527,"Pall, Behl and Dhillon",Kolkata,2.9,279,Seller Fulfilled,2021-08-25
SELL00528,Bhargava-Sachar,Kolkata,3.9,326,Seller Fulfilled,2019-10-22
SELL00529,"Karan, Kala and Upadhyay",Ahmedabad,2.8,424,Seller Fulfilled,2022-07-30
SELL00530,Batta PLC,Ahmedabad,3.1,160,Platform Fulfilled,2023-10-27
SELL00531,"Rout, Prabhu and Garde",Chennai,3.5,152,Seller Fulfilled,2022-09-29
SELL00532,Suri LLC,Surat,4.2,133,Seller Fulfilled,2019-06-02
SELL00533,Bhatia-Kalita,Ahmedabad,4.8,302,Platform Fulfilled,2020-07-23
SELL00534,Mitra-Shetty,Hyderabad,4.9,69,Seller Fulfilled,2020-06-12
SELL00535,"Pall, Munshi and Garg",Surat,3.7,449,Platform Fulfilled,2021-10-13
SELL00536,Mangat-Babu,Delhi,2.9,57,Seller Fulfilled,2023-02-02
SELL00537,Patla-Narasimhan,Chennai,4.3,141,Seller Fulfilled,2023-09-26
SELL00538,"Deep, Dhingra and Murthy",Mumbai,2.8,372,Seller Fulfilled,2023-06-20
SELL00539,Dani PLC,Kolkata,3.6,396,Platform Fulfilled,2021-03-11
SELL00540,Dar Group,Mumbai,3.8,29,Platform Fulfilled,2022-12-28
SELL00541,Nadig-Mukhopadhyay,Pune,3.3,272,Platform Fulfilled,2023-03-29
SELL00542,Lad Group,Delhi,2.7,387,Platform Fulfilled,2022-05-07
SELL00543,"Tank, Bahl and Sura",Ahmedabad,4.0,252,Seller Fulfilled,2019-02-04
SELL00544,Gara Ltd,Bangalore,4.0,136,Seller Fulfilled,2023-03-28
SELL00545,Nagar and Sons,Mumbai,3.9,63,Seller Fulfilled,2020-06-10
SELL00546,"Bains, Gole and Trivedi",Pune,4.4,138,Seller Fulfilled,2019-08-22
SELL00547,"Chauhan, Lanka and Mohan",Kolkata,3.1,67,Platform Fulfilled,2019-03-22
SELL00548,Boase and Sons,Pune,2.7,353,Seller Fulfilled,2022-09-25
SELL00549,Uppal Ltd,Pune,3.2,227,Seller Fulfilled,2023-08-27
SELL00550,"Joshi, Mukhopadhyay and Kota",Pune,3.2,429,Seller Fulfilled,2019-11-24
SELL00551,Tella LLC,Kolkata,4.5,399,Platform Fulfilled,2020-02-19
SELL00552,"Seth, Dar and Wable",Surat,4.4,311,Seller Fulfilled,2022-04-23
SELL00553,Parikh-Ahluwalia,Bangalore,2.8,155,Seller Fulfilled,2022-08-21
SELL00554,Bala Inc,Surat,2.6,434,Seller Fulfilled,2019-09-28
SELL00555,Chaudhary PLC,Kolkata,4.5,222,Seller Fulfilled,2022-02-20
SELL00556,"Sani, Aggarwal and Pradhan",Delhi,5.0,406,Platform Fulfilled,2021-07-17
SELL00557,"Dey, Mahal and Biswas",Mumbai,3.0,37,Seller Fulfilled,2022-03-12
SELL00558,Thaman LLC,Ahmedabad,3.7,38,Seller Fulfilled,2019-06-16
SELL00559,Walia and Sons,Pune,3.7,446,Seller Fulfilled,2023-03-03
SELL00560,Kale-Raja,Bangalore,3.3,495,Platform Fulfilled,2020-05-08
SELL00561,Savant and Sons,Kolkata,3.2,241,Platform Fulfilled,2020-03-25
SELL00562,Dey LLC,Mumbai,3.5,44,Seller Fulfilled,2021-01-12
SELL00563,Tiwari LLC,Bangalore,3.7,480,Seller Fulfilled,2022-07-30
SELL00564,Vasa-Vasa,Kolkata,4.2,180,Seller Fulfilled,2019-11-04
SELL00565,Manda-Bajwa,Delhi,3.1,23,Seller Fulfilled,2019-08-05
SELL00566,"Kapoor, Mammen and Kanda",Surat,4.5,454,Seller Fulfilled,2021-10-16
SELL00567,Sinha-Natt,Kolkata,3.2,172,Platform Fulfilled,2019-10-24
SELL00568,Chawla Group,Bangalore,4.4,378,Seller Fulfilled,2023-10-28
SELL00569,"Swamy, Suri and Basu",Surat,3.1,441,Seller Fulfilled,2020-02-07
SELL00570,Batta-Raghavan,Surat,4.7,431,Platform Fulfilled,2020-09-10
SELL00571,Garg-Brahmbhatt,Hyderabad,3.3,495,Seller Fulfilled,2022-10-03
SELL00572,"Brahmbhatt, Seshadri and Kulkarni",Surat,3.5,13,Seller Fulfilled,2019-09-22
SELL00573,"Dasgupta, Hayer and Verma",Hyderabad,3.7,149,Seller Fulfilled,2023-05-29
SELL00574,Mammen LLC,Hyderabad,4.4,257,Seller Fulfilled,2021-11-11
SELL00575,"Dugal, Lad and Sur",Delhi,3.2,378,Seller Fulfilled,2021-08-13
SELL00576,Srinivasan-Chanda,Kolkata,3.3,232,Seller Fulfilled,2019-06-10
SELL00577,Tata LLC,Ahmedabad,4.3,409,Seller Fulfilled,2021-12-13
SELL00578,Deep-Gupta,Mumbai,2.6,363,Seller Fulfilled,2023-09-07
SELL00579,Kakar Ltd,Delhi,4.7,470,Seller Fulfilled,2020-08-13
SELL00580,Rau-Sengupta,Bangalore,4.4,336,Seller Fulfilled,2023-02-17
SELL00581,"Sarma, Pai and Pal",Delhi,3.6,64,Seller Fulfilled,2023-11-26
SELL00582,Samra PLC,Ahmedabad,3.0,118,Platform Fulfilled,2019-07-22
SELL00583,Morar Inc,Kolkata,3.7,299,Seller Fulfilled,2020-05-09
SELL00584,"Narain, Hari and Kaul",Bangalore,3.0,234,Platform Fulfilled,2021-04-14
SELL00585,Narasimhan-Kurian,Surat,4.9,76,Platform Fulfilled,2022-04-28
SELL00586,Choudhry Ltd,Hyderabad,2.9,412,Seller Fulfilled,2021-11-03
SELL00587,Sandhu Inc,Ahmedabad,3.4,189,Platform Fulfilled,2021-01-17
SELL00588,"Barman, Hayer and Vyas",Mumbai,3.3,410,Seller Fulfilled,2022-08-04
SELL00589,Bora Inc,Hyderabad,5.0,95,Platform Fulfilled,2023-11-17
SELL00590,"Dave, Hari and Ramesh",Pune,3.0,468,Platform Fulfilled,2021-05-29
SELL00591,Ghose LLC,Kolkata,3.9,237,Seller Fulfilled,2023-01-20
SELL00592,"Lall, Vyas and Pandey",Surat,4.2,337,Platform Fulfilled,2020-06-30
SELL00593,"Gill, Dugal and Agarwal",Mumbai,3.0,363,Platform Fulfilled,2021-09-24
SELL00594,"Barman, Borra and Maharaj",Hyderabad,3.2,239,Seller Fulfilled,2019-08-18
SELL00595,Bansal and Sons,Surat,4.5,485,Platform Fulfilled,2023-09-05
SELL00596,Shroff-Kale,Surat,4.4,140,Platform Fulfilled,2020-07-16
SELL00597,"Kalita, Choudhury and Anand",Ahmedabad,5.0,381,Platform Fulfilled,2023-10-04
SELL00598,Palla-Vig,Bangalore,2.4,489,Seller Fulfilled,2021-11-17
SELL00599,Solanki-Misra,Hyderabad,3.0,436,Seller Fulfilled,2021-04-11
SELL00600,"Tata, Datta and Sant",Surat,4.3,419,Platform Fulfilled,2019-04-20
SELL00601,"Seth, Mahal and Krishnan",Delhi,4.5,169,Platform Fulfilled,2019-08-06
SELL00602,"Borra, Anne and Lall",Kolkata,4.4,487,Seller Fulfilled,2022-01-06
SELL00603,Sura-Patel,Mumbai,4.0,362,Seller Fulfilled,2020-11-12
SELL00604,"Naik, Dhaliwal and Palan",Delhi,3.2,321,Platform Fulfilled,2023-09-26
SELL00605,Pau PLC,Surat,4.3,388,Seller Fulfilled,2020-12-17
SELL00606,Naik Group,Kolkata,4.1,47,Platform Fulfilled,2020-01-03
SELL00607,Kannan and Sons,Surat,3.6,13,Seller Fulfilled,2021-12-13
SELL00608,"Prakash, Raja and Goswami",Delhi,3.7,368,Seller Fulfilled,2022-11-03
SELL00609,"Saha, Bath and Arya",Bangalore,3.6,233,Platform Fulfilled,2023-01-15
SELL00610,De-Vala,Hyderabad,4.2,491,Seller Fulfilled,2021-09-12
SELL00611,Mutti and Sons,Mumbai,3.8,241,Seller Fulfilled,2021-06-05
SELL00612,Borah LLC,Kolkata,3.7,434,Seller Fulfilled,2021-03-20
SELL00613,"Iyer, Dani and De",Kolkata,4.2,210,Platform Fulfilled,2019-06-12
SELL00614,"Rai, Mody and Ram",Mumbai,4.8,285,Platform Fulfilled,2021-12-16
SELL00615,Narasimhan-Dhillon,Surat,4.0,453,Platform Fulfilled,2019-08-27
SELL00616,Dyal and Sons,Pune,3.9,51,Seller Fulfilled,2022-08-25
SELL00617,Sharma Inc,Mumbai,3.5,71,Platform Fulfilled,2021-02-23
SELL00618,Pall Group,Hyderabad,3.3,79,Platform Fulfilled,2022-12-29
SELL00619,Magar PLC,Chennai,3.6,399,Seller Fulfilled,2019-03-02
SELL00620,"Hora, Ramanathan and Kapadia",Bangalore,3.6,221,Platform Fulfilled,2021-12-29
SELL00621,Devi-Nath,Pune,5.0,63,Seller Fulfilled,2021-03-09
SELL00622,"Naik, Hora and Om",Hyderabad,4.0,233,Platform Fulfilled,2021-09-12
SELL00623,Gara Inc,Kolkata,4.6,181,Platform Fulfilled,2020-01-26
SELL00624,"Virk, Bose and Rastogi",Hyderabad,3.6,90,Seller Fulfilled,2021-06-17
SELL00625,Som-Gokhale,Delhi,2.0,381,Platform Fulfilled,2022-07-11
SELL00626,"Choudhury, Peri and Setty",Chennai,4.3,180,Seller Fulfilled,2023-05-02
SELL00627,"Suri, Garg and Dayal",Pune,4.6,439,Platform Fulfilled,2019-10-22
SELL00628,Barman-Mital,Hyderabad,4.2,366,Seller Fulfilled,2022-04-27
SELL00629,Pillay and Sons,Hyderabad,3.5,89,Platform Fulfilled,2022-10-28
SELL00630,"Grewal, Gade and Lalla",Pune,4.1,97,Seller Fulfilled,2020-04-14
SELL00631,"Dubey, Murty and Narang",Hyderabad,3.9,183,Seller Fulfilled,2021-09-27
SELL00632,"Mitter, Saraf and Mandal",Chennai,3.4,57,Seller Fulfilled,2022-08-05
SELL00633,"Char, Goyal and Patla",Surat,4.8,194,Seller Fulfilled,2022-09-20
SELL00634,Wable-Jhaveri,Pune,3.2,222,Seller Fulfilled,2019-10-04
SELL00635,"Pandya, Raj and Saraf",Kolkata,5.0,223,Seller Fulfilled,2019-01-17
SELL00636,"Mody, Palan and Dixit",Delhi,3.6,209,Platform Fulfilled,2020-07-27
SELL00637,"Panchal, Kala and Walia",Mumbai,3.8,345,Seller Fulfilled,2020-11-29
SELL00638,Kamdar-Kalla,Chennai,2.7,53,Platform Fulfilled,2021-10-17
SELL00639,"Barad, Pillai and Ganesh",Mumbai,3.2,56,Seller Fulfilled,2019-09-25
SELL00640,Butala Ltd,Ahmedabad,3.8,453,Seller Fulfilled,2021-04-23
SELL00641,Karan PLC,Surat,4.3,271,Platform Fulfilled,2021-10-15
SELL00642,Hayre Ltd,Pune,4.1,102,Seller Fulfilled,2023-05-22
SELL00643,Manda and Sons,Pune,3.8,139,Seller Fulfilled,2019-06-28
SELL00644,"Venkatesh, Chhabra and Hans",Pune,3.7,70,Platform Fulfilled,2022-05-22
SELL00645,Bava LLC,Pune,4.6,12,Seller Fulfilled,2019-09-17
SELL00646,"Jaggi, Buch and Bal",Delhi,4.2,481,Seller Fulfilled,2022-10-17
SELL00647,Shroff-Kannan,Delhi,4.0,453,Seller Fulfilled,2019-05-19
SELL00648,Verma LLC,Mumbai,1.8,103,Seller Fulfilled,2021-01-23
SELL00649,Swaminathan-Patel,Ahmedabad,4.8,268,Platform Fulfilled,2019-02-24
SELL00650,Randhawa-Badami,Kolkata,3.5,162,Platform Fulfilled,2020-05-21
SELL00651,Memon LLC,Ahmedabad,3.1,152,Platform Fulfilled,2019-02-13
SELL00652,"Srivastava, Dora and Comar",Mumbai,3.4,327,Seller Fulfilled,2022-07-20
SELL00653,Bhandari-Ahluwalia,Delhi,4.7,116,Seller Fulfilled,2021-05-01
SELL00654,"Pau, Majumdar and Bali",Ahmedabad,3.0,392,Platform Fulfilled,2021-03-10
SELL00655,Gulati PLC,Ahmedabad,4.9,159,Seller Fulfilled,2021-11-06
SELL00656,"Sane, Bhagat and Mistry",Hyderabad,3.7,235,Seller Fulfilled,2023-05-23
SELL00657,Ravel-Pandit,Delhi,2.9,132,Seller Fulfilled,2022-01-31
SELL00658,Desai LLC,Delhi,4.4,144,Seller Fulfilled,2023-07-06
SELL00659,"Brahmbhatt, Tripathi and Khare",Kolkata,3.4,13,Seller Fulfilled,2020-04-01
SELL00660,"Bhatti, Bains and Krishna",Surat,2.3,124,Platform Fulfilled,2023-07-31
SELL00661,"Jayaraman, Chand and Sridhar",Ahmedabad,4.1,131,Seller Fulfilled,2019-04-22
SELL00662,"Sura, Mukhopadhyay and Pandya",Hyderabad,2.3,157,Seller Fulfilled,2021-12-19
SELL00663,"Cherian, Chandra and Kata",Hyderabad,3.8,469,Seller Fulfilled,2023-03-29
SELL00664,"Mammen, Lanka and Srinivas",Chennai,3.6,222,Platform Fulfilled,2020-10-11
SELL00665,"Morar, Sami and Divan",Pune,4.4,267,Platform Fulfilled,2021-11-21
SELL00666,Puri Group,Hyderabad,4.0,36,Seller Fulfilled,2022-03-02
SELL00667,Bhakta-Narain,Pune,4.8,447,Seller Fulfilled,2021-06-06
SELL00668,Srinivas-Arora,Bangalore,4.1,197,Platform Fulfilled,2023-07-26
SELL00669,"Ben, Mani and Sharma",Mumbai,5.0,222,Seller Fulfilled,2022-07-07
SELL00670,"Natt, Mukherjee and Narain",Mumbai,4.1,281,Seller Fulfilled,2019-03-04
SELL00671,Patla-Shanker,Pune,3.2,97,Seller Fulfilled,2022-02-28
SELL00672,Virk Inc,Surat,4.3,237,Platform Fulfilled,2023-08-18
SELL00673,"Dayal, Pillai and Handa",Surat,4.3,335,Seller Fulfilled,2021-04-08
SELL00674,"Sandal, Ray and Khare",Ahmedabad,3.5,250,Platform Fulfilled,2023-02-28
SELL00675,Mandal-Mannan,Chennai,3.9,75,Seller Fulfilled,2022-05-19
SELL00676,"Loyal, Iyer and Agate",Pune,4.4,180,Seller Fulfilled,2023-06-03
SELL00677,"Zacharia, Wali and Som",Pune,4.4,61,Platform Fulfilled,2020-01-03
SELL00678,"Oommen, Kuruvilla and Doctor",Mumbai,3.5,422,Seller Fulfilled,2019-08-29
SELL00679,Nayak Group,Bangalore,3.4,286,Seller Fulfilled,2021-11-19
SELL00680,Viswanathan Inc,Bangalore,4.5,171,Platform Fulfilled,2021-01-07
SELL00681,"Sunder, Nagarajan and Taneja",Ahmedabad,3.8,423,Seller Fulfilled,2022-04-20
SELL00682,Ganesh-Savant,Pune,3.5,15,Seller Fulfilled,2019-07-31
SELL00683,Reddy-Bhatnagar,Pune,4.5,461,Platform Fulfilled,2020-12-14
SELL00684,Kalita Inc,Chennai,3.4,425,Platform Fulfilled,2020-04-18
SELL00685,Sharaf PLC,Ahmedabad,4.3,441,Platform Fulfilled,2020-11-01
SELL00686,"Bhatia, Choudhry and Deshpande",Surat,4.5,178,Platform Fulfilled,2022-07-18
SELL00687,"Bajaj, Narayanan and Narula",Surat,3.1,460,Platform Fulfilled,2023-06-04
SELL00688,Ahluwalia Ltd,Surat,3.6,348,Platform Fulfilled,2022-12-26
SELL00689,Goyal Inc,Bangalore,4.3,42,Platform Fulfilled,2021-01-08
SELL00690,Sabharwal-Rajagopal,Hyderabad,3.6,113,Platform Fulfilled,2019-10-17
SELL00691,"Contractor, Vig and Parsa",Mumbai,3.6,424,Platform Fulfilled,2019-05-20
SELL00692,Bhasin and Sons,Kolkata,4.0,195,Seller Fulfilled,2023-08-21
SELL00693,Wali LLC,Pune,4.2,45,Seller Fulfilled,2020-05-07
SELL00694,"Ramachandran, Singh and Pai",Hyderabad,3.2,246,Platform Fulfilled,2023-04-16
SELL00695,Nigam Ltd,Delhi,4.2,486,Platform Fulfilled,2023-08-02
SELL00696,"Dubey, Krish and Tandon",Hyderabad,3.3,476,Seller Fulfilled,2023-07-17
SELL00697,Dutta-Rastogi,Delhi,4.3,277,Seller Fulfilled,2022-12-14
SELL00698,"Narain, D’Alia and Sant",Mumbai,4.0,337,Platform Fulfilled,2023-06-06
SELL00699,Arora-Balasubramanian,Surat,3.0,184,Seller Fulfilled,2022-11-08
SELL00700,Swamy-Arora,Ahmedabad,4.5,326,Platform Fulfilled,2022-12-28
SELL00701,Iyengar and Sons,Delhi,3.6,236,Seller Fulfilled,2019-12-19
SELL00702,Bal-Narasimhan,Hyderabad,3.5,222,Platform Fulfilled,2023-11-03
SELL00703,"Choudhury, Mishra and Gole",Kolkata,3.9,386,Seller Fulfilled,2019-10-19
SELL00704,"Toor, Behl and Chaudhry",Ahmedabad,3.3,52,Platform Fulfilled,2021-09-14
SELL00705,"Sengupta, Samra and Suresh",Kolkata,4.3,463,Seller Fulfilled,2021-11-04
SELL00706,Rege Ltd,Kolkata,4.1,105,Platform Fulfilled,2023-08-14
SELL00707,Date-Ramakrishnan,Kolkata,4.1,185,Platform Fulfilled,2019-01-10
SELL00708,"Pai, Chaudhuri and Karpe",Chennai,3.5,105,Seller Fulfilled,2023-09-15
SELL00709,Dhillon-Vora,Hyderabad,2.6,99,Platform Fulfilled,2019-11-22
SELL00710,Halder-Kanda,Chennai,3.7,377,Platform Fulfilled,2020-05-02
SELL00711,"Date, Maharaj and Mishra",Bangalore,3.1,377,Platform Fulfilled,2023-01-23
SELL00712,"Majumdar, Lata and Babu",Pune,4.4,101,Platform Fulfilled,2020-10-05
SELL00713,"Goda, Pradhan and Mody",Hyderabad,5.0,83,Seller Fulfilled,2019-02-12
SELL00714,"Biswas, Choudhary and Ramakrishnan",Kolkata,4.0,298,Platform Fulfilled,2022-10-12
SELL00715,Gulati-Dhar,Ahmedabad,4.5,402,Platform Fulfilled,2020-04-18
SELL00716,Bhatnagar-Dua,Chennai,4.4,460,Seller Fulfilled,2023-02-22
SELL00717,"Kant, Sen and Khurana",Mumbai,4.1,176,Platform Fulfilled,2022-07-19
SELL00718,Datta-Chaudhari,Kolkata,3.6,239,Seller Fulfilled,2022-12-28
SELL00719,"Kumar, Bera and Kashyap",Bangalore,4.3,388,Seller Fulfilled,2020-05-31
SELL00720,Borah-Pant,Hyderabad,4.9,332,Seller Fulfilled,2021-12-22
SELL00721,"Bajaj, Edwin and Sankar",Mumbai,2.8,460,Seller Fulfilled,2023-08-29
SELL00722,Sankar-Thaker,Hyderabad,2.7,492,Seller Fulfilled,2019-09-04
SELL00723,Varma-Chana,Hyderabad,4.7,6,Seller Fulfilled,2023-01-31
SELL00724,Issac Group,Mumbai,4.2,229,Seller Fulfilled,2022-03-26
SELL00725,"Wali, Varughese and Bhalla",Pune,4.2,478,Seller Fulfilled,2019-12-04
SELL00726,Lal and Sons,Chennai,2.6,296,Seller Fulfilled,2019-01-16
SELL00727,Borde and Sons,Pune,5.0,361,Seller Fulfilled,2022-03-28
SELL00728,Dhawan-Gaba,Ahmedabad,2.9,323,Seller Fulfilled,2022-10-17
SELL00729,"Srinivasan, Shanker and Ramaswamy",Kolkata,4.4,231,Seller Fulfilled,2021-12-22
SELL00730,"Kar, Chokshi and Lad",Delhi,3.9,173,Seller Fulfilled,2021-06-10
SELL00731,"Sharma, Sen and More",Chennai,3.9,227,Platform Fulfilled,2021-02-22
SELL00732,Mittal and Sons,Ahmedabad,3.3,120,Platform Fulfilled,2021-10-23
SELL00733,Banerjee PLC,Ahmedabad,4.0,377,Seller Fulfilled,2021-01-21
SELL00734,Taneja-Raman,Chennai,4.7,251,Seller Fulfilled,2023-05-17
SELL00735,Dhar-Seshadri,Kolkata,2.6,242,Seller Fulfilled,2019-02-10
SELL00736,Chawla LLC,Surat,3.4,292,Platform Fulfilled,2021-12-26
SELL00737,Sibal-Om,Delhi,3.1,187,Platform Fulfilled,2021-07-16
SELL00738,Tank-Verma,Bangalore,2.7,423,Platform Fulfilled,2020-10-26
SELL00739,Goyal Ltd,Surat,5.0,499,Seller Fulfilled,2023-02-22
SELL00740,Chakraborty and Sons,Mumbai,2.5,194,Seller Fulfilled,2023-01-08
SELL00741,"Wali, Choudhary and Gandhi",Bangalore,4.2,141,Seller Fulfilled,2022-11-20
SELL00742,"Sekhon, Jhaveri and Chatterjee",Delhi,4.3,245,Seller Fulfilled,2021-07-30
SELL00743,Shah LLC,Hyderabad,4.0,174,Seller Fulfilled,2022-02-22
SELL00744,Khanna LLC,Hyderabad,3.2,103,Platform Fulfilled,2019-09-27
SELL00745,Char-Rastogi,Bangalore,3.5,236,Seller Fulfilled,2019-07-31
SELL00746,"Deol, Ahluwalia and Khalsa",Ahmedabad,5.0,263,Seller Fulfilled,2021-09-19
SELL00747,"Chaudry, Mukhopadhyay and Subramanian",Kolkata,4.0,155,Seller Fulfilled,2021-09-03
SELL00748,Madan Group,Chennai,3.8,178,Seller Fulfilled,2020-04-06
SELL00749,Sibal PLC,Delhi,3.8,73,Platform Fulfilled,2021-09-28
SELL00750,Patil Ltd,Pune,4.5,20,Seller Fulfilled,2020-08-10
SELL00751,Rege-Sengupta,Bangalore,4.4,200,Platform Fulfilled,2023-08-06
SELL00752,"Sandhu, Sur and Khanna",Pune,2.6,106,Seller Fulfilled,2022-11-13
SELL00753,"Bhardwaj, Mohanty and Rege",Hyderabad,3.7,230,Seller Fulfilled,2020-09-10
SELL00754,"Sahota, Bajwa and Sen",Kolkata,2.2,342,Seller Fulfilled,2022-10-16
SELL00755,"Oak, Naik and Kannan",Hyderabad,5.0,477,Seller Fulfilled,2021-08-17
SELL00756,Bobal-Sarma,Mumbai,4.1,433,Seller Fulfilled,2022-02-27
SELL00757,Toor Ltd,Chennai,4.2,438,Seller Fulfilled,2023-05-03
SELL00758,Mitra-Nori,Chennai,3.4,431,Platform Fulfilled,2022-12-08
SELL00759,Choudhry-Radhakrishnan,Kolkata,3.6,332,Seller Fulfilled,2023-11-22
SELL00760,Rajan-Ahluwalia,Mumbai,4.0,275,Seller Fulfilled,2019-06-17
SELL00761,Panchal-Halder,Chennai,2.4,100,Seller Fulfilled,2019-12-05
SELL00762,"Jaggi, Oak and Nath",Kolkata,3.7,468,Seller Fulfilled,2020-10-08
SELL00763,"Peri, Lata and Kari",Kolkata,3.3,249,Platform Fulfilled,2023-10-08
SELL00764,Ravi PLC,Pune,3.0,397,Platform Fulfilled,2020-10-21
SELL00765,Boase-Vaidya,Pune,3.7,220,Seller Fulfilled,2021-01-07
SELL00766,Kamdar Ltd,Delhi,3.2,36,Seller Fulfilled,2019-06-14
SELL00767,Bali Ltd,Delhi,3.9,443,Seller Fulfilled,2019-12-31
SELL00768,Khalsa Ltd,Bangalore,3.8,212,Seller Fulfilled,2020-12-20
SELL00769,"Ramakrishnan, Kala and Thakkar",Mumbai,4.1,102,Seller Fulfilled,2019-12-10
SELL00770,Trivedi LLC,Pune,3.7,334,Platform Fulfilled,2022-03-21
SELL00771,Misra-Sane,Bangalore,3.3,475,Seller Fulfilled,2020-04-30
SELL00772,Kulkarni Group,Surat,3.4,404,Platform Fulfilled,2020-07-13
SELL00773,Sen-Mitter,Delhi,4.4,115,Seller Fulfilled,2023-06-18
SELL00774,Kothari-Mall,Pune,3.6,176,Platform Fulfilled,2023-06-21
SELL00775,Bali and Sons,Delhi,4.1,8,Seller Fulfilled,2019-06-20
SELL00776,Chacko LLC,Hyderabad,3.3,179,Seller Fulfilled,2020-05-06
SELL00777,Goswami-Devi,Chennai,5.0,476,Seller Fulfilled,2021-06-29
SELL00778,Ramanathan-Sunder,Surat,3.0,65,Platform Fulfilled,2020-08-08
SELL00779,Sharaf-Thakur,Surat,3.2,199,Seller Fulfilled,2021-01-16
SELL00780,"Mital, Bhatia and Deol",Chennai,3.7,466,Seller Fulfilled,2023-09-23
SELL00781,"Sawhney, Pandit and Issac",Bangalore,3.7,434,Seller Fulfilled,2022-11-06
SELL00782,"Sheth, Bhattacharyya and Tak",Delhi,3.5,480,Platform Fulfilled,2020-09-13
SELL00783,"Narang, Zacharia and Shenoy",Ahmedabad,3.9,447,Platform Fulfilled,2023-08-03
SELL00784,Sangha-Mallick,Delhi,3.3,109,Platform Fulfilled,2020-06-11
SELL00785,Behl-Jha,Delhi,3.7,6,Seller Fulfilled,2020-05-18
SELL00786,Balasubramanian and Sons,Pune,3.6,108,Seller Fulfilled,2020-07-06
SELL00787,"Pandit, Atwal and Morar",Ahmedabad,3.0,327,Seller Fulfilled,2023-02-01
SELL00788,Krishnamurthy Inc,Surat,5.0,354,Platform Fulfilled,2022-07-23
SELL00789,Soman Ltd,Hyderabad,3.5,457,Platform Fulfilled,2023-01-25
SELL00790,Khanna-Radhakrishnan,Delhi,2.4,147,Seller Fulfilled,2019-07-23
SELL00791,Mahal-Kala,Chennai,4.5,455,Platform Fulfilled,2022-08-29
SELL00792,Mani-Tandon,Hyderabad,3.4,438,Platform Fulfilled,2023-09-19
SELL00793,"Karan, Dave and Kara",Delhi,3.8,30,Seller Fulfilled,2019-11-21
SELL00794,"Wadhwa, Suresh and Karpe",Delhi,3.3,50,Seller Fulfilled,2022-01-13
SELL00795,"Singh, Mutti and Singhal",Delhi,2.4,27,Platform Fulfilled,2021-06-12
SELL00796,"Bhavsar, Mall and Gaba",Hyderabad,3.6,147,Platform Fulfilled,2020-04-10
SELL00797,Mallick PLC,Pune,4.4,65,Seller Fulfilled,2022-09-21
SELL00798,Anand-Yohannan,Ahmedabad,3.9,276,Platform Fulfilled,2022-12-24
SELL00799,Rana Ltd,Surat,4.7,13,Seller Fulfilled,2023-05-06
SELL00800,Shukla Ltd,Ahmedabad,3.3,61,Platform Fulfilled,2023-06-09
SELL00801,Raval-Basak,Kolkata,4.5,74,Platform Fulfilled,2022-01-11
SELL00802,"Garg, Chaudhuri and Dass",Ahmedabad,2.7,463,Seller Fulfilled,2022-01-09
SELL00803,Doshi Inc,Surat,2.5,145,Seller Fulfilled,2019-03-09
SELL00804,Rastogi-Parmar,Surat,5.0,68,Seller Fulfilled,2021-12-27
SELL00805,"Gulati, Pau and Bobal",Delhi,4.2,73,Platform Fulfilled,2020-12-27
SELL00806,Zachariah Ltd,Pune,2.5,109,Seller Fulfilled,2022-10-03
SELL00807,Chokshi-Shetty,Pune,4.1,348,Platform Fulfilled,2019-12-09
SELL00808,"Lall, Zachariah and Ramesh",Bangalore,3.9,66,Platform Fulfilled,2020-09-30
SELL00809,Chaudry-Dani,Hyderabad,3.7,37,Seller Fulfilled,2019-08-11
SELL00810,"Kurian, Bumb and Keer",Delhi,3.4,194,Seller Fulfilled,2022-05-27
SELL00811,Oza-Padmanabhan,Ahmedabad,5.0,446,Seller Fulfilled,2019-10-12
SELL00812,Tailor-Shah,Ahmedabad,3.0,210,Seller Fulfilled,2023-10-05
SELL00813,"Parsa, Badami and Chauhan",Kolkata,3.4,177,Seller Fulfilled,2020-07-24
SELL00814,Lata Inc,Pune,3.9,497,Seller Fulfilled,2019-01-19
SELL00815,Kanda LLC,Chennai,4.7,325,Platform Fulfilled,2022-12-13
SELL00816,Choudhary Inc,Pune,4.8,417,Seller Fulfilled,2019-10-18
SELL00817,Dutt-Bora,Pune,4.6,395,Seller Fulfilled,2019-10-09
SELL00818,Kapadia and Sons,Chennai,3.5,385,Platform Fulfilled,2022-04-04
SELL00819,"Balan, Rama and Bhalla",Hyderabad,4.0,211,Seller Fulfilled,2022-10-20
SELL00820,Singh LLC,Pune,3.4,154,Seller Fulfilled,2021-04-08
SELL00821,"Bhatti, Barad and Naidu",Kolkata,4.6,61,Platform Fulfilled,2023-10-20
SELL00822,Golla and Sons,Surat,3.1,389,Seller Fulfilled,2023-05-23
SELL00823,Sami Inc,Chennai,4.2,469,Seller Fulfilled,2020-01-30
SELL00824,Mallick and Sons,Hyderabad,3.1,213,Seller Fulfilled,2022-02-06
SELL00825,"Varughese, Bhavsar and Nazareth",Ahmedabad,3.4,18,Seller Fulfilled,2021-12-17
SELL00826,Salvi-Tripathi,Surat,3.9,406,Seller Fulfilled,2021-12-21
SELL00827,Shere LLC,Hyderabad,4.5,365,Seller Fulfilled,2021-07-08
SELL00828,Grover and Sons,Chennai,2.8,156,Platform Fulfilled,2019-11-01
SELL00829,"Koshy, Tak and Dutt",Kolkata,4.4,185,Platform Fulfilled,2022-11-22
SELL00830,Handa-Raja,Delhi,3.7,85,Platform Fulfilled,2020-12-23
SELL00831,Seshadri-Loyal,Chennai,3.6,216,Platform Fulfilled,2020-02-15
SELL00832,"Dugar, Zacharia and Bhatnagar",Kolkata,3.5,185,Seller Fulfilled,2019-06-17
SELL00833,Andra PLC,Ahmedabad,3.2,217,Platform Fulfilled,2020-04-10
SELL00834,"Kunda, Bahri and Pandit",Delhi,4.9,302,Seller Fulfilled,2022-08-22
SELL00835,"Nagar, Kala and Ahluwalia",Kolkata,3.8,440,Seller Fulfilled,2022-11-12
SELL00836,"Bhakta, Patla and Toor",Bangalore,3.3,362,Seller Fulfilled,2021-08-03
SELL00837,"Krishna, Kade and Dave",Mumbai,4.2,326,Platform Fulfilled,2020-01-17
SELL00838,"Sarraf, Pathak and Lata",Surat,5.0,55,Seller Fulfilled,2023-03-07
SELL00839,"Warrior, Rama and Sridhar",Surat,4.2,143,Platform Fulfilled,2023-01-15
SELL00840,Doshi-Srivastava,Surat,4.4,433,Seller Fulfilled,2022-02-22
SELL00841,Atwal Group,Kolkata,4.1,238,Platform Fulfilled,2020-01-28
SELL00842,Kapoor Group,Hyderabad,2.8,110,Platform Fulfilled,2019-12-14
SELL00843,Srivastava-Badami,Delhi,2.5,29,Platform Fulfilled,2022-04-05
SELL00844,"Prakash, Dhar and Chada",Bangalore,3.8,414,Seller Fulfilled,2023-03-28
SELL00845,Ravel Inc,Hyderabad,3.9,107,Platform Fulfilled,2021-04-01
SELL00846,Doctor and Sons,Bangalore,4.5,487,Platform Fulfilled,2023-07-04
SELL00847,"Seshadri, Narula and Dutta",Ahmedabad,4.2,200,Platform Fulfilled,2019-09-04
SELL00848,Grewal Group,Ahmedabad,4.8,283,Seller Fulfilled,2023-03-22
SELL00849,Andra-Mohanty,Chennai,3.2,193,Seller Fulfilled,2021-11-05
SELL00850,Pingle Group,Chennai,3.9,383,Seller Fulfilled,2020-08-24
SELL00851,Sandal and Sons,Bangalore,5.0,485,Seller Fulfilled,2019-10-01
SELL00852,Swamy-Bakshi,Pune,4.1,195,Platform Fulfilled,2023-04-25
SELL00853,Padmanabhan PLC,Surat,5.0,369,Platform Fulfilled,2021-11-12
SELL00854,"Ramachandran, Yadav and Pau",Kolkata,4.6,440,Seller Fulfilled,2022-07-17
SELL00855,Aurora-Khalsa,Ahmedabad,3.4,316,Seller Fulfilled,2023-01-18
SELL00856,Narain-Gandhi,Surat,3.8,35,Seller Fulfilled,2019-03-13
SELL00857,Iyer LLC,Bangalore,4.2,205,Seller Fulfilled,2021-01-03
SELL00858,Mutti-Dhawan,Delhi,2.5,99,Seller Fulfilled,2021-09-25
SELL00859,"Baria, Lad and Kari",Chennai,2.8,107,Seller Fulfilled,2019-02-21
SELL00860,Konda Inc,Pune,4.0,269,Platform Fulfilled,2021-03-31
SELL00861,Kade-Sachar,Kolkata,4.7,413,Platform Fulfilled,2019-12-31
SELL00862,"Kalita, Basak and Kalita",Pune,4.3,473,Platform Fulfilled,2023-04-25
SELL00863,Master-Gokhale,Bangalore,2.9,334,Seller Fulfilled,2020-09-04
SELL00864,"Dora, Sandal and Hayer",Surat,3.1,260,Seller Fulfilled,2023-09-01
SELL00865,"Kakar, Purohit and Mangat",Kolkata,4.7,277,Platform Fulfilled,2020-08-07
SELL00866,"Goda, Gopal and Hayre",Surat,4.6,311,Platform Fulfilled,2020-01-16
SELL00867,Sankar Inc,Bangalore,3.4,303,Platform Fulfilled,2020-10-07
SELL00868,"Bansal, Wali and Iyer",Bangalore,3.4,22,Platform Fulfilled,2021-04-15
SELL00869,"Pillay, Vora and Andra",Hyderabad,4.3,476,Seller Fulfilled,2019-11-29
SELL00870,"Radhakrishnan, Tank and Bassi",Mumbai,3.0,298,Platform Fulfilled,2023-07-03
SELL00871,Lanka-More,Hyderabad,4.2,208,Platform Fulfilled,2023-11-19
SELL00872,Bhavsar-Agate,Bangalore,3.4,463,Seller Fulfilled,2023-06-03
SELL00873,Naidu-Shukla,Ahmedabad,2.7,267,Seller Fulfilled,2021-04-14
SELL00874,"Thaker, Vaidya and Kulkarni",Surat,4.5,146,Platform Fulfilled,2019-12-07
SELL00875,Varughese-Dyal,Mumbai,4.2,40,Seller Fulfilled,2022-10-27
SELL00876,Yadav Ltd,Delhi,3.7,471,Seller Fulfilled,2020-02-13
SELL00877,Aurora Group,Kolkata,4.9,370,Seller Fulfilled,2022-05-26
SELL00878,"Purohit, Mann and Thakur",Pune,5.0,484,Seller Fulfilled,2023-07-07
SELL00879,Narang-Wali,Delhi,3.3,203,Platform Fulfilled,2022-01-13
SELL00880,Nagar and Sons,Chennai,2.8,479,Seller Fulfilled,2021-07-19
SELL00881,"Char, Prashad and Rama",Bangalore,3.9,41,Seller Fulfilled,2023-03-15
SELL00882,Bava Group,Mumbai,4.6,91,Platform Fulfilled,2019-04-03
SELL00883,Arora Group,Pune,3.2,314,Seller Fulfilled,2022-04-05
SELL00884,Singhal and Sons,Ahmedabad,4.9,176,Seller Fulfilled,2023-05-20
SELL00885,"Shere, Bath and More",Hyderabad,3.6,103,Seller Fulfilled,2022-07-24
SELL00886,Kurian-Narayanan,Delhi,4.4,244,Platform Fulfilled,2021-01-20
SELL00887,Saini-Kar,Delhi,4.4,42,Seller Fulfilled,2022-12-20
SELL00888,Gaba Group,Chennai,3.0,191,Seller Fulfilled,2020-05-25
SELL00889,Mammen Inc,Surat,3.4,29,Seller Fulfilled,2022-03-09
SELL00890,"Cheema, Mistry and Kurian",Surat,4.3,201,Seller Fulfilled,2023-01-16
SELL00891,Oza PLC,Delhi,2.8,341,Seller Fulfilled,2022-11-27
SELL00892,Ram-Bhatnagar,Hyderabad,3.7,257,Platform Fulfilled,2021-12-24
SELL00893,Kumer-Sarraf,Hyderabad,4.6,284,Seller Fulfilled,2020-02-07
SELL00894,"Mistry, Babu and Shere",Ahmedabad,2.4,371,Seller Fulfilled,2019-03-02
SELL00895,Boase LLC,Kolkata,3.6,29,Seller Fulfilled,2023-06-09
SELL00896,"Mistry, Chana and Raghavan",Hyderabad,4.5,17,Seller Fulfilled,2023-05-18
SELL00897,Bhakta-Halder,Bangalore,3.2,361,Platform Fulfilled,2019-08-20
SELL00898,"Sura, Basu and Jain",Mumbai,3.7,100,Seller Fulfilled,2021-12-23
SELL00899,Subramanian Group,Pune,5.0,74,Seller Fulfilled,2021-12-09
SELL00900,"Chopra, Sahota and Korpal",Chennai,3.5,303,Platform Fulfilled,2021-01-19
SELL00901,"Naidu, Patel and Singhal",Kolkata,4.5,472,Platform Fulfilled,2022-10-11
SELL00902,Randhawa Inc,Mumbai,3.9,450,Platform Fulfilled,2023-07-07
SELL00903,Patla Group,Surat,4.8,91,Seller Fulfilled,2022-05-14
SELL00904,"Varughese, Bhagat and Chakraborty",Ahmedabad,5.0,206,Seller Fulfilled,2022-01-26
SELL00905,Kulkarni Ltd,Pune,4.6,269,Seller Fulfilled,2022-10-24
SELL00906,Bumb Ltd,Kolkata,4.2,231,Platform Fulfilled,2023-04-16
SELL00907,"More, Ravel and Ramanathan",Ahmedabad,4.7,486,Seller Fulfilled,2019-02-03
SELL00908,Parikh-Radhakrishnan,Chennai,4.3,285,Seller Fulfilled,2019-08-09
SELL00909,Sawhney Ltd,Ahmedabad,3.9,149,Platform Fulfilled,2023-08-02
SELL00910,Solanki LLC,Ahmedabad,5.0,349,Seller Fulfilled,2021-01-21
SELL00911,Prasad-Kala,Surat,3.2,168,Seller Fulfilled,2022-09-09
SELL00912,Chahal-Sridhar,Pune,3.4,464,Platform Fulfilled,2023-04-06
SELL00913,Sampath-Rana,Ahmedabad,4.9,376,Seller Fulfilled,2019-02-28
SELL00914,Parsa-Sama,Ahmedabad,4.0,119,Platform Fulfilled,2021-02-20
SELL00915,Ramakrishnan-Tandon,Kolkata,2.9,261,Seller Fulfilled,2023-03-13
SELL00916,Bandi-Korpal,Ahmedabad,3.3,350,Platform Fulfilled,2020-04-27
SELL00917,"Setty, Krishnan and Ahuja",Chennai,3.3,90,Seller Fulfilled,2021-05-17
SELL00918,Khosla-Gour,Surat,3.8,490,Platform Fulfilled,2020-03-09
SELL00919,"Virk, Suresh and Trivedi",Ahmedabad,4.0,254,Seller Fulfilled,2022-12-23
SELL00920,"Varughese, Sawhney and Nagi",Surat,4.3,48,Seller Fulfilled,2022-10-08
SELL00921,Hayer-Gade,Kolkata,4.8,256,Platform Fulfilled,2022-01-15
SELL00922,"Verma, Sur and Dewan",Kolkata,1.5,208,Seller Fulfilled,2023-07-25
SELL00923,"Bhavsar, Munshi and Srivastava",Bangalore,4.1,302,Platform Fulfilled,2020-02-13
SELL00924,"Bir, Palan and Baral",Bangalore,3.8,440,Seller Fulfilled,2023-04-08
SELL00925,Warrior-Bhavsar,Ahmedabad,3.5,103,Seller Fulfilled,2019-03-04
SELL00926,"Dhingra, Dada and Bath",Delhi,3.6,177,Seller Fulfilled,2022-06-19
SELL00927,"Kaul, Walla and Sharaf",Kolkata,4.9,481,Platform Fulfilled,2019-04-30
SELL00928,"Khanna, Seth and Anne",Hyderabad,4.7,401,Seller Fulfilled,2022-12-18
SELL00929,Varma-Chaudhuri,Kolkata,4.7,6,Platform Fulfilled,2020-11-02
SELL00930,Sinha-Nazareth,Pune,4.2,282,Platform Fulfilled,2019-11-18
SELL00931,Naidu Ltd,Chennai,4.7,260,Seller Fulfilled,2019-01-20
SELL00932,Sengupta-Divan,Hyderabad,3.7,379,Seller Fulfilled,2019-07-24
SELL00933,Keer Group,Chennai,4.0,67,Seller Fulfilled,2021-01-05
SELL00934,Aurora-Dhar,Bangalore,3.2,329,Seller Fulfilled,2019-11-02
SELL00935,"Sengupta, Saran and Srivastava",Mumbai,4.0,134,Platform Fulfilled,2023-04-01
SELL00936,Cheema-Chopra,Chennai,5.0,455,Seller Fulfilled,2020-11-03
SELL00937,Kumar-Singh,Bangalore,4.5,161,Seller Fulfilled,2021-11-04
SELL00938,Devan-Desai,Ahmedabad,5.0,469,Seller Fulfilled,2019-05-30
SELL00939,Bhasin LLC,Pune,4.8,209,Platform Fulfilled,2022-10-17
SELL00940,"Gupta, Majumdar and Parmer",Delhi,3.5,283,Seller Fulfilled,2022-01-05
SELL00941,Sane-Sanghvi,Pune,4.3,326,Platform Fulfilled,2019-03-05
SELL00942,Bhasin Inc,Ahmedabad,3.1,285,Platform Fulfilled,2019-10-08
SELL00943,Dugar-Chakrabarti,Delhi,3.5,418,Platform Fulfilled,2019-04-17
SELL00944,Walla PLC,Mumbai,3.9,459,Seller Fulfilled,2021-01-01
SELL00945,"Panchal, Om and Lalla",Delhi,4.1,85,Seller Fulfilled,2023-03-22
SELL00946,Trivedi-Kurian,Chennai,4.7,393,Platform Fulfilled,2019-12-28
SELL00947,"Mittal, Shere and Ghose",Pune,4.0,426,Seller Fulfilled,2022-01-29
SELL00948,Sankar and Sons,Delhi,4.2,221,Seller Fulfilled,2021-07-31
SELL00949,Desai-Aurora,Bangalore,3.9,6,Seller Fulfilled,2020-06-04
SELL00950,Sami PLC,Delhi,3.7,207,Seller Fulfilled,2022-05-26
SELL00951,Bhagat-Rajagopal,Delhi,2.8,196,Seller Fulfilled,2020-04-20
SELL00952,"Sangha, Modi and Mukhopadhyay",Delhi,3.8,441,Seller Fulfilled,2020-11-16
SELL00953,Thakkar-Narain,Chennai,3.1,199,Seller Fulfilled,2023-07-26
SELL00954,"Sastry, Mandal and Maharaj",Surat,3.4,145,Seller Fulfilled,2023-05-23
SELL00955,"Mahajan, Nair and Banik",Delhi,4.8,313,Platform Fulfilled,2019-01-22
SELL00956,Lala Group,Mumbai,4.6,176,Seller Fulfilled,2022-01-09
SELL00957,Radhakrishnan Group,Delhi,3.3,152,Seller Fulfilled,2022-09-15
SELL00958,"Suri, Chanda and Mohan",Ahmedabad,4.5,365,Platform Fulfilled,2023-09-26
SELL00959,Manda Inc,Chennai,3.7,92,Seller Fulfilled,2022-06-12
SELL00960,"Pillai, Ahuja and Venkataraman",Bangalore,2.5,198,Seller Fulfilled,2019-03-24
SELL00961,Saha Ltd,Pune,3.2,127,Platform Fulfilled,2022-03-08
SELL00962,"Gandhi, Basak and Pandya",Surat,4.7,479,Seller Fulfilled,2019-01-07
SELL00963,Chakraborty PLC,Pune,3.2,286,Seller Fulfilled,2023-03-26
SELL00964,"Lall, Gola and Gera",Delhi,5.0,359,Platform Fulfilled,2022-07-16
SELL00965,Nigam-Bedi,Ahmedabad,3.6,395,Seller Fulfilled,2019-05-01
SELL00966,"Goswami, Lad and Yogi",Hyderabad,4.8,28,Platform Fulfilled,2022-01-26
SELL00967,"Mukherjee, Roy and Gour",Pune,4.6,113,Seller Fulfilled,2019-11-04
SELL00968,Choudhary and Sons,Chennai,3.6,177,Platform Fulfilled,2021-06-03
SELL00969,Manda-Halder,Pune,4.2,275,Platform Fulfilled,2020-04-05
SELL00970,Soman-Bora,Mumbai,3.9,339,Platform Fulfilled,2021-08-04
SELL00971,"Batra, Patil and Batra",Pune,4.5,382,Seller Fulfilled,2020-05-04
SELL00972,Gara Group,Bangalore,2.8,496,Seller Fulfilled,2023-10-12
SELL00973,"Varty, Patil and Kaur",Bangalore,3.9,156,Platform Fulfilled,2023-01-08
SELL00974,Handa PLC,Chennai,4.5,303,Seller Fulfilled,2022-12-23
SELL00975,Tata LLC,Hyderabad,3.3,5,Seller Fulfilled,2021-03-11
SELL00976,Solanki-Narula,Kolkata,2.8,21,Seller Fulfilled,2022-12-01
SELL00977,"Natarajan, Biswas and Narayanan",Bangalore,2.8,53,Platform Fulfilled,2023-10-16
SELL00978,Goda-Rai,Surat,4.2,27,Platform Fulfilled,2021-03-25
SELL00979,Rana-Dewan,Hyderabad,5.0,104,Seller Fulfilled,2019-08-02
SELL00980,Chowdhury and Sons,Delhi,3.8,112,Seller Fulfilled,2022-08-23
SELL00981,"Behl, Magar and Vig",Mumbai,3.7,245,Seller Fulfilled,2019-06-17
SELL00982,"Dasgupta, Dixit and Kumer",Mumbai,1.9,343,Seller Fulfilled,2023-08-01
SELL00983,Dass-Morar,Delhi,4.1,25,Seller Fulfilled,2023-11-02
SELL00984,Pandya-Din,Surat,3.8,375,Platform Fulfilled,2022-07-31
SELL00985,Raj-Sankaran,Surat,4.6,34,Seller Fulfilled,2022-07-15
SELL00986,Lalla-Sinha,Bangalore,4.5,299,Seller Fulfilled,2020-12-26
SELL00987,"Kulkarni, Saini and Buch",Ahmedabad,3.1,275,Platform Fulfilled,2020-10-17
SELL00988,Guha LLC,Bangalore,3.7,291,Platform Fulfilled,2019-09-14
SELL00989,Baria-Basak,Hyderabad,5.0,13,Seller Fulfilled,2022-09-08
SELL00990,"Kale, Doshi and Karnik",Surat,4.3,496,Seller Fulfilled,2021-01-24
SELL00991,Prabhakar and Sons,Hyderabad,4.4,150,Seller Fulfilled,2020-08-14
SELL00992,Kumer-Narula,Chennai,3.6,217,Seller Fulfilled,2021-06-24
SELL00993,Sha-Soni,Kolkata,3.7,451,Seller Fulfilled,2023-02-02
SELL00994,Bir-Kadakia,Kolkata,3.8,32,Seller Fulfilled,2021-07-25
SELL00995,"Bedi, Bhardwaj and Golla",Pune,4.2,55,Seller Fulfilled,2021-12-04
SELL00996,Krishna-Datta,Ahmedabad,5.0,438,Seller Fulfilled,2022-10-25
SELL00997,Chandran-Radhakrishnan,Mumbai,3.4,325,Platform Fulfilled,2022-03-22
SELL00998,Char-Singh,Surat,3.9,82,Platform Fulfilled,2020-07-30
SELL00999,Shere PLC,Hyderabad,4.3,389,Platform Fulfilled,2019-10-19
SELL01000,Bhakta-Minhas,Mumbai,3.5,11,Seller Fulfilled,2019-01-09
SELL01001,"Dubey, Mistry and Dube",Ahmedabad,4.4,341,Platform Fulfilled,2020-04-27
SELL01002,"Prasad, Chaudhary and Reddy",Surat,4.6,142,Seller Fulfilled,2023-07-17
SELL01003,Grover LLC,Delhi,4.1,372,Seller Fulfilled,2021-01-19
SELL01004,"Mani, Raman and Bhatt",Bangalore,3.0,115,Platform Fulfilled,2019-07-25
SELL01005,Nazareth Inc,Mumbai,4.4,465,Platform Fulfilled,2019-08-14
SELL01006,Ramesh-Parekh,Bangalore,4.2,150,Seller Fulfilled,2023-04-10
SELL01007,"Puri, Lalla and Chandra",Surat,3.4,392,Seller Fulfilled,2023-06-22
SELL01008,Brahmbhatt PLC,Ahmedabad,4.4,162,Seller Fulfilled,2020-06-25
SELL01009,Bhat Ltd,Delhi,4.5,150,Seller Fulfilled,2023-05-17
SELL01010,"Mukhopadhyay, Gour and Krish",Mumbai,3.9,20,Seller Fulfilled,2021-04-17
SELL01011,"Patla, Vaidya and Radhakrishnan",Chennai,4.5,315,Seller Fulfilled,2019-05-11
SELL01012,Vora-Bhat,Ahmedabad,4.5,437,Seller Fulfilled,2023-04-26
SELL01013,"Madan, Gill and Bala",Chennai,4.3,234,Seller Fulfilled,2021-12-28
SELL01014,Luthra-Gade,Bangalore,3.2,377,Seller Fulfilled,2023-02-24
SELL01015,Jha LLC,Hyderabad,3.7,460,Platform Fulfilled,2023-04-30
SELL01016,"Radhakrishnan, Manne and Pandey",Delhi,5.0,256,Seller Fulfilled,2022-05-28
SELL01017,Misra Group,Mumbai,3.1,49,Platform Fulfilled,2022-02-09
SELL01018,Prabhu-Virk,Kolkata,3.3,270,Seller Fulfilled,2022-09-24
SELL01019,Edwin-Gera,Chennai,3.6,383,Seller Fulfilled,2022-06-06
SELL01020,Tiwari PLC,Kolkata,3.2,144,Seller Fulfilled,2022-06-06
SELL01021,"Sama, Sheth and Sarin",Hyderabad,4.2,323,Platform Fulfilled,2023-08-23
SELL01022,Shukla-Golla,Surat,4.4,295,Seller Fulfilled,2021-04-14
SELL01023,Khosla PLC,Hyderabad,3.9,287,Seller Fulfilled,2023-02-19
SELL01024,Nadig-Pingle,Surat,3.8,132,Seller Fulfilled,2023-07-08
SELL01025,Sundaram-Dalal,Pune,4.3,260,Seller Fulfilled,2022-10-24
SELL01026,"Arya, Goyal and Shroff",Kolkata,3.8,450,Seller Fulfilled,2019-04-03
SELL01027,Sha-Patel,Bangalore,2.3,66,Platform Fulfilled,2020-09-22
SELL01028,Amble and Sons,Hyderabad,2.7,135,Seller Fulfilled,2019-03-07
SELL01029,Divan-Doshi,Surat,4.0,287,Platform Fulfilled,2020-08-29
SELL01030,Barman Group,Bangalore,4.2,182,Platform Fulfilled,2019-10-14
SELL01031,Bhargava-Bassi,Hyderabad,3.1,71,Seller Fulfilled,2022-01-28
SELL01032,"Bajaj, Kanda and Sarin",Surat,3.1,229,Platform Fulfilled,2022-05-07
SELL01033,Natarajan LLC,Mumbai,4.3,213,Seller Fulfilled,2022-03-17
SELL01034,De-Ahluwalia,Mumbai,3.0,227,Seller Fulfilled,2023-10-03
SELL01035,"Misra, Sani and Lala",Surat,3.8,183,Seller Fulfilled,2022-10-23
SELL01036,Nagarajan and Sons,Hyderabad,3.6,420,Seller Fulfilled,2019-10-03
SELL01037,Bath-Luthra,Chennai,4.2,405,Seller Fulfilled,2020-01-05
SELL01038,"Venkatesh, Dara and Sachdeva",Delhi,2.4,142,Seller Fulfilled,2023-02-25
SELL01039,Tailor-Singh,Delhi,4.4,211,Platform Fulfilled,2023-02-11
SELL01040,Khatri and Sons,Mumbai,4.6,497,Platform Fulfilled,2022-07-30
SELL01041,Muni-Sangha,Ahmedabad,3.6,10,Seller Fulfilled,2019-08-11
SELL01042,Shankar-Kuruvilla,Mumbai,4.2,460,Platform Fulfilled,2019-12-01
SELL01043,"Tak, Sankaran and Dey",Mumbai,3.4,128,Seller Fulfilled,2022-09-19
SELL01044,Muni and Sons,Mumbai,4.2,290,Seller Fulfilled,2019-05-26
SELL01045,"Bhatnagar, Sheth and Parmar",Hyderabad,3.0,336,Seller Fulfilled,2019-08-06
SELL01046,Natt and Sons,Bangalore,3.2,355,Seller Fulfilled,2023-10-13
SELL01047,Wadhwa-Karan,Kolkata,3.2,366,Platform Fulfilled,2021-11-13
SELL01048,"Upadhyay, Mahal and Barad",Chennai,4.1,192,Seller Fulfilled,2021-07-27
SELL01049,Sachar-Bandi,Mumbai,4.5,97,Seller Fulfilled,2021-11-18
SELL01050,"Som, Sura and Badal",Delhi,2.5,253,Seller Fulfilled,2023-06-23
SELL01051,Bose PLC,Hyderabad,3.8,302,Seller Fulfilled,2021-11-11
SELL01052,Desai-Jhaveri,Pune,3.8,488,Seller Fulfilled,2023-04-25
SELL01053,Hans Ltd,Pune,3.9,405,Seller Fulfilled,2021-10-22
SELL01054,Chad LLC,Hyderabad,4.1,147,Seller Fulfilled,2021-05-18
SELL01055,Dhawan-Bala,Surat,3.5,447,Seller Fulfilled,2019-10-07
SELL01056,"Wagle, Solanki and Edwin",Chennai,3.3,142,Seller Fulfilled,2019-08-24
SELL01057,"Tank, Desai and Manne",Surat,3.6,387,Platform Fulfilled,2023-02-25
SELL01058,Sharma and Sons,Chennai,4.3,75,Seller Fulfilled,2022-07-27
SELL01059,Kapoor-Varty,Ahmedabad,3.4,140,Seller Fulfilled,2023-05-04
SELL01060,Om-Sawhney,Delhi,4.4,182,Seller Fulfilled,2020-10-31
SELL01061,"Sundaram, Shenoy and Chowdhury",Chennai,3.0,84,Platform Fulfilled,2023-09-17
SELL01062,Thakur-Swamy,Surat,3.2,367,Platform Fulfilled,2021-07-10
SELL01063,"Dutt, Kuruvilla and Bhardwaj",Ahmedabad,3.1,6,Platform Fulfilled,2023-10-19
SELL01064,Sha-Parekh,Hyderabad,2.5,427,Platform Fulfilled,2021-03-25
SELL01065,Gola-Rau,Pune,2.4,446,Platform Fulfilled,2023-10-11
SELL01066,Chawla LLC,Pune,4.5,367,Seller Fulfilled,2022-10-18
SELL01067,"Samra, Grover and Rege",Surat,4.4,160,Seller Fulfilled,2023-09-07
SELL01068,"Sastry, Dubey and Mand",Bangalore,3.4,439,Platform Fulfilled,2021-11-24
SELL01069,Talwar PLC,Mumbai,3.8,336,Seller Fulfilled,2023-08-07
SELL01070,Mishra LLC,Bangalore,2.3,84,Platform Fulfilled,2021-11-04
SELL01071,Iyengar PLC,Hyderabad,4.4,113,Seller Fulfilled,2023-09-17
SELL01072,Tiwari and Sons,Hyderabad,2.2,297,Platform Fulfilled,2019-08-08
SELL01073,Dubey and Sons,Surat,3.9,141,Seller Fulfilled,2020-07-15
SELL01074,Gokhale-Divan,Pune,3.9,111,Platform Fulfilled,2020-01-17
SELL01075,Chawla Inc,Ahmedabad,3.8,404,Seller Fulfilled,2022-08-17
SELL01076,"Kumer, Varma and Pathak",Ahmedabad,3.3,384,Platform Fulfilled,2023-03-11
SELL01077,"Gupta, Devan and Varma",Bangalore,3.9,11,Platform Fulfilled,2022-11-11
SELL01078,Buch Group,Ahmedabad,3.5,126,Platform Fulfilled,2020-04-05
SELL01079,Krishnamurthy Inc,Mumbai,4.5,74,Seller Fulfilled,2022-06-26
SELL01080,"Bhasin, Vaidya and Salvi",Mumbai,4.3,310,Seller Fulfilled,2021-01-06
SELL01081,Pau and Sons,Delhi,4.8,422,Seller Fulfilled,2021-07-10
SELL01082,Mangat-Mane,Kolkata,3.2,491,Platform Fulfilled,2021-04-25
SELL01083,"Agrawal, Rastogi and Natt",Mumbai,4.1,155,Platform Fulfilled,2022-12-16
SELL01084,Chad-Koshy,Pune,3.6,370,Seller Fulfilled,2021-10-25
SELL01085,Puri and Sons,Mumbai,3.0,498,Seller Fulfilled,2020-06-26
SELL01086,Dhar-Gandhi,Hyderabad,3.1,212,Seller Fulfilled,2020-01-16
SELL01087,Kakar-Swaminathan,Ahmedabad,4.4,270,Seller Fulfilled,2022-11-29
SELL01088,"Seth, Dhaliwal and Char",Delhi,3.4,297,Platform Fulfilled,2020-05-30
SELL01089,Saini Group,Pune,3.7,414,Seller Fulfilled,2020-11-25
SELL01090,Balan-Chaudhary,Bangalore,3.1,265,Platform Fulfilled,2019-01-11
SELL01091,Sunder Inc,Ahmedabad,3.5,300,Platform Fulfilled,2023-10-09
SELL01092,"Pant, Joshi and Thakkar",Bangalore,3.1,7,Seller Fulfilled,2020-07-21
SELL01093,Ramachandran PLC,Surat,4.0,389,Seller Fulfilled,2020-03-20
SELL01094,Panchal-Mane,Bangalore,4.2,426,Seller Fulfilled,2021-02-23
SELL01095,Jain Ltd,Hyderabad,4.3,12,Seller Fulfilled,2021-08-01
SELL01096,"Dube, Rastogi and Bakshi",Surat,2.2,67,Platform Fulfilled,2019-11-30
SELL01097,"Dar, Edwin and Suresh",Chennai,3.6,276,Platform Fulfilled,2022-09-12
SELL01098,"Keer, Virk and Pingle",Chennai,4.1,402,Seller Fulfilled,2021-10-21
SELL01099,Dugar Inc,Mumbai,3.4,174,Seller Fulfilled,2020-11-04
SELL01100,Nanda-Bhatnagar,Pune,4.1,135,Seller Fulfilled,2022-01-15
SELL01101,Menon-Kanda,Hyderabad,4.1,18,Platform Fulfilled,2023-04-24
SELL01102,Reddy PLC,Hyderabad,4.6,105,Platform Fulfilled,2023-08-14
SELL01103,Ramakrishnan-Shan,Ahmedabad,3.7,69,Seller Fulfilled,2021-02-10
SELL01104,Solanki-Kadakia,Mumbai,3.7,177,Seller Fulfilled,2021-05-01
SELL01105,Barad Group,Ahmedabad,5.0,52,Seller Fulfilled,2023-06-30
SELL01106,Kurian-Din,Delhi,3.5,347,Platform Fulfilled,2021-07-09
SELL01107,"Mahal, Bhatti and Kumar",Mumbai,4.0,231,Seller Fulfilled,2022-01-01
SELL01108,Sarkar-Sinha,Bangalore,4.0,303,Seller Fulfilled,2021-08-03
SELL01109,Basak-Prabhu,Surat,4.1,379,Platform Fulfilled,2023-05-09
SELL01110,Cheema-Yogi,Surat,3.8,268,Seller Fulfilled,2021-03-13
SELL01111,"Sekhon, Gara and Barman",Delhi,4.0,396,Seller Fulfilled,2023-02-13
SELL01112,Jain PLC,Ahmedabad,4.0,417,Seller Fulfilled,2019-12-18
SELL01113,Kaur and Sons,Bangalore,5.0,460,Seller Fulfilled,2020-05-03
SELL01114,Sur Inc,Hyderabad,3.5,326,Seller Fulfilled,2021-05-05
SELL01115,Bhatt Ltd,Delhi,3.7,235,Platform Fulfilled,2022-07-30
SELL01116,Dhar-Ram,Delhi,5.0,456,Seller Fulfilled,2023-05-22
SELL01117,Madan-Dora,Mumbai,3.8,174,Seller Fulfilled,2022-06-24
SELL01118,Munshi-Bains,Hyderabad,4.0,186,Seller Fulfilled,2022-10-30
SELL01119,"Nayak, Tank and Deshpande",Pune,3.4,450,Platform Fulfilled,2021-12-27
SELL01120,Hayre-Sawhney,Delhi,3.3,106,Seller Fulfilled,2020-10-18
SELL01121,Gade-Zachariah,Mumbai,4.0,485,Seller Fulfilled,2021-04-11
SELL01122,"Sandal, Naik and Devi",Chennai,3.1,161,Seller Fulfilled,2022-10-02
SELL01123,Vohra-Sahni,Delhi,3.2,75,Seller Fulfilled,2021-02-19
SELL01124,Gill Ltd,Pune,4.1,150,Seller Fulfilled,2020-08-29
SELL01125,"Dora, Om and Borah",Kolkata,4.4,196,Seller Fulfilled,2023-04-19
SELL01126,Balay-Bajwa,Ahmedabad,2.9,260,Platform Fulfilled,2019-06-24
SELL01127,Menon-Ben,Mumbai,3.2,153,Platform Fulfilled,2021-07-17
SELL01128,Viswanathan and Sons,Delhi,5.0,232,Platform Fulfilled,2019-06-11
SELL01129,"Dash, Som and Bhattacharyya",Kolkata,3.0,467,Seller Fulfilled,2022-01-13
SELL01130,Chaudhari-Swamy,Pune,3.7,77,Platform Fulfilled,2021-10-09
SELL01131,Murthy Ltd,Kolkata,2.8,429,Platform Fulfilled,2022-09-03
SELL01132,Singh-Ganesan,Surat,3.7,32,Seller Fulfilled,2023-10-08
SELL01133,Edwin-Kade,Chennai,2.9,323,Seller Fulfilled,2020-11-20
SELL01134,Dugar Ltd,Surat,4.7,73,Platform Fulfilled,2019-07-31
SELL01135,Sathe-Dalal,Delhi,4.1,63,Seller Fulfilled,2021-11-01
SELL01136,Barman Group,Pune,4.2,479,Platform Fulfilled,2019-01-18
SELL01137,Sarkar-Deo,Delhi,4.7,452,Platform Fulfilled,2020-01-30
SELL01138,Naik Inc,Pune,2.9,494,Seller Fulfilled,2020-02-12
SELL01139,"Devan, Koshy and Chaudhry",Chennai,3.3,190,Seller Fulfilled,2020-10-05
SELL01140,"Baria, Bala and Sastry",Surat,3.1,354,Platform Fulfilled,2020-10-03
SELL01141,Dyal-Sarkar,Pune,3.6,118,Seller Fulfilled,2020-01-13
SELL01142,Chokshi Group,Kolkata,3.0,310,Seller Fulfilled,2023-08-05
SELL01143,Rastogi Inc,Delhi,2.8,12,Seller Fulfilled,2022-01-02
SELL01144,Chowdhury Inc,Bangalore,4.2,362,Seller Fulfilled,2022-01-02
SELL01145,"Choudhry, Mital and Wali",Pune,4.1,327,Seller Fulfilled,2022-08-04
SELL01146,Mahajan-Dugar,Hyderabad,3.5,119,Platform Fulfilled,2019-11-17
SELL01147,Brahmbhatt-Loke,Kolkata,4.6,153,Seller Fulfilled,2019-01-23
SELL01148,"Chahal, Sagar and Padmanabhan",Kolkata,4.4,151,Seller Fulfilled,2023-01-28
SELL01149,Balan PLC,Mumbai,3.8,359,Platform Fulfilled,2021-08-23
SELL01150,Jain-Mistry,Surat,4.0,10,Platform Fulfilled,2021-03-17
SELL01151,Iyer-Gopal,Kolkata,4.2,16,Seller Fulfilled,2019-02-18
SELL01152,"Arora, Tara and Mahal",Surat,2.9,379,Platform Fulfilled,2023-02-01
SELL01153,"Handa, Bhavsar and Mander",Chennai,3.8,185,Seller Fulfilled,2020-03-25
SELL01154,Kibe-Shere,Bangalore,3.5,90,Platform Fulfilled,2020-05-09
SELL01155,"Gokhale, Sandhu and Prashad",Delhi,3.3,345,Seller Fulfilled,2021-07-02
SELL01156,Hans-Mody,Kolkata,4.9,361,Seller Fulfilled,2022-02-26
SELL01157,Ben Ltd,Ahmedabad,3.1,199,Platform Fulfilled,2022-01-23
SELL01158,"Ahluwalia, Kaur and Grewal",Bangalore,3.6,401,Platform Fulfilled,2022-04-27
SELL01159,Lanka Inc,Bangalore,2.3,469,Seller Fulfilled,2021-09-11
SELL01160,"Shetty, Khurana and Ramesh",Kolkata,4.1,192,Seller Fulfilled,2021-03-20
SELL01161,Hari-Lala,Pune,3.4,125,Platform Fulfilled,2022-01-25
SELL01162,"Rege, Keer and Kari",Pune,4.2,100,Seller Fulfilled,2022-04-20
SELL01163,Srinivasan PLC,Bangalore,3.0,452,Platform Fulfilled,2020-04-28
SELL01164,Balasubramanian-Sem,Ahmedabad,3.8,66,Platform Fulfilled,2023-08-03
SELL01165,Kala-Doctor,Chennai,3.5,254,Seller Fulfilled,2022-04-19
SELL01166,Ramaswamy PLC,Delhi,5.0,270,Platform Fulfilled,2022-04-22
SELL01167,"Mitter, Doshi and Soni",Bangalore,3.4,113,Platform Fulfilled,2021-04-04
SELL01168,Kumar LLC,Hyderabad,4.1,277,Seller Fulfilled,2019-01-09
SELL01169,"Choudhry, Pradhan and Baria",Kolkata,3.6,50,Platform Fulfilled,2021-07-30
SELL01170,Sengupta Inc,Hyderabad,3.8,173,Seller Fulfilled,2022-06-09
SELL01171,Gaba and Sons,Surat,3.6,213,Platform Fulfilled,2022-01-06
SELL01172,Shah-Nadkarni,Delhi,4.6,287,Seller Fulfilled,2023-04-21
SELL01173,Dada Group,Ahmedabad,3.3,20,Platform Fulfilled,2019-12-23
SELL01174,Lal Inc,Chennai,4.7,316,Seller Fulfilled,2022-05-30
SELL01175,"Dar, Basak and Soni",Bangalore,4.4,458,Seller Fulfilled,2022-11-25
SELL01176,"Batra, Rattan and Sidhu",Delhi,4.1,461,Platform Fulfilled,2019-02-21
SELL01177,Nair PLC,Delhi,3.4,174,Seller Fulfilled,2020-11-28
SELL01178,Dass-Kota,Surat,5.0,478,Platform Fulfilled,2021-01-27
SELL01179,"Palla, Nigam and Mangal",Delhi,4.0,486,Platform Fulfilled,2023-03-12
SELL01180,"Raman, Bhattacharyya and Ramesh",Ahmedabad,4.6,104,Platform Fulfilled,2021-01-27
SELL01181,Menon Inc,Surat,4.4,402,Seller Fulfilled,2022-04-14
SELL01182,Murthy Ltd,Pune,3.8,371,Seller Fulfilled,2022-10-10
SELL01183,"Sama, Chand and Hans",Kolkata,3.6,484,Seller Fulfilled,2019-05-10
SELL01184,Mane-Kalla,Chennai,4.5,476,Seller Fulfilled,2023-05-09
SELL01185,"Bali, Wali and Magar",Delhi,3.4,206,Seller Fulfilled,2019-08-29
SELL01186,"Bhavsar, Sankar and Dugar",Delhi,2.9,264,Seller Fulfilled,2023-10-10
SELL01187,Mishra-Randhawa,Mumbai,3.7,59,Seller Fulfilled,2020-05-31
SELL01188,"Baria, Sane and Dutt",Chennai,3.4,159,Seller Fulfilled,2023-04-05
SELL01189,Sagar and Sons,Hyderabad,3.7,192,Platform Fulfilled,2020-06-26
SELL01190,Nazareth-Sarraf,Pune,3.0,330,Seller Fulfilled,2020-08-24
SELL01191,Sem and Sons,Surat,5.0,302,Platform Fulfilled,2022-05-28
SELL01192,Rastogi-Loke,Bangalore,4.2,44,Seller Fulfilled,2022-04-03
SELL01193,Hora-Reddy,Mumbai,2.7,216,Seller Fulfilled,2019-04-19
SELL01194,Krishnamurthy-Lanka,Kolkata,3.0,131,Seller Fulfilled,2022-12-05
SELL01195,Sura-Memon,Mumbai,3.5,466,Platform Fulfilled,2020-02-22
SELL01196,"Dave, Pradhan and Kota",Kolkata,3.0,13,Platform Fulfilled,2021-05-16
SELL01197,Naidu-Oommen,Pune,3.7,241,Seller Fulfilled,2021-12-27
SELL01198,Dyal-Narasimhan,Hyderabad,3.0,214,Seller Fulfilled,2021-08-16
SELL01199,Keer-Keer,Surat,4.2,108,Platform Fulfilled,2019-02-22
SELL01200,"Bajaj, Saraf and Toor",Hyderabad,4.3,471,Seller Fulfilled,2019-08-24
SELL01201,Sura Group,Bangalore,4.1,53,Seller Fulfilled,2023-10-20
SELL01202,Sankaran and Sons,Pune,4.1,206,Seller Fulfilled,2019-02-02
SELL01203,Bedi-Khurana,Pune,3.3,223,Seller Fulfilled,2020-02-03
SELL01204,Din Ltd,Mumbai,4.0,164,Seller Fulfilled,2021-05-19
SELL01205,Gill and Sons,Chennai,4.3,391,Platform Fulfilled,2019-12-23
SELL01206,Malhotra Group,Bangalore,3.8,33,Seller Fulfilled,2021-07-23
SELL01207,"Saraf, Gaba and Dayal",Chennai,3.9,91,Seller Fulfilled,2022-10-10
SELL01208,Sagar-Bera,Pune,3.1,140,Seller Fulfilled,2020-08-20
SELL01209,"Pillay, Mandal and Sachar",Pune,4.3,331,Seller Fulfilled,2022-09-29
SELL01210,Khurana Ltd,Chennai,4.4,425,Platform Fulfilled,2021-01-18
SELL01211,"Parmar, Chander and Krish",Bangalore,4.2,235,Platform Fulfilled,2023-08-27
SELL01212,Dara-Singhal,Chennai,4.0,415,Platform Fulfilled,2021-07-21
SELL01213,"Bajaj, Dhawan and Sahni",Mumbai,3.1,225,Platform Fulfilled,2020-03-03
SELL01214,"Seth, Hayer and Batta",Mumbai,4.3,447,Seller Fulfilled,2020-11-01
SELL01215,D’Alia-Mani,Kolkata,4.8,181,Seller Fulfilled,2020-12-20
SELL01216,Rattan Ltd,Chennai,2.3,377,Platform Fulfilled,2023-06-06
SELL01217,Sibal-Gokhale,Hyderabad,3.9,367,Seller Fulfilled,2020-12-31
SELL01218,"Morar, Jain and Setty",Kolkata,4.0,393,Platform Fulfilled,2020-08-10
SELL01219,Kohli-Agarwal,Mumbai,3.5,294,Seller Fulfilled,2019-11-10
SELL01220,Brahmbhatt Ltd,Delhi,4.6,308,Platform Fulfilled,2023-08-25
SELL01221,Lad-Raju,Delhi,3.3,316,Platform Fulfilled,2023-11-17
SELL01222,Minhas Ltd,Bangalore,3.3,464,Seller Fulfilled,2020-12-25
SELL01223,Dora LLC,Bangalore,4.6,30,Seller Fulfilled,2020-02-25
SELL01224,Kata-Sura,Surat,3.9,342,Platform Fulfilled,2023-06-14
SELL01225,"Bhargava, Bhalla and Walla",Chennai,3.3,348,Platform Fulfilled,2023-04-06
SELL01226,Mand PLC,Kolkata,4.2,97,Seller Fulfilled,2023-02-02
SELL01227,Garde and Sons,Kolkata,3.3,327,Seller Fulfilled,2021-11-23
SELL01228,Agate-Swaminathan,Chennai,3.5,421,Seller Fulfilled,2023-04-05
SELL01229,Barad-Mani,Surat,3.1,451,Seller Fulfilled,2021-02-18
SELL01230,Sawhney-Dalal,Mumbai,3.8,359,Platform Fulfilled,2020-01-03
SELL01231,"Mand, Vasa and Atwal",Chennai,3.0,413,Seller Fulfilled,2022-11-19
SELL01232,Borah-Vyas,Hyderabad,4.4,87,Seller Fulfilled,2020-01-25
SELL01233,"Char, Patel and Chakraborty",Hyderabad,4.0,316,Seller Fulfilled,2019-02-09
SELL01234,"Sahni, Chander and Rajagopal",Chennai,3.5,106,Platform Fulfilled,2023-10-08
SELL01235,Vaidya Inc,Pune,3.1,54,Platform Fulfilled,2022-08-26
SELL01236,Devi-Memon,Ahmedabad,3.7,122,Seller Fulfilled,2019-01-16
SELL01237,"Bhat, Hegde and Banik",Bangalore,3.2,192,Platform Fulfilled,2020-12-08
SELL01238,"Pillai, Goswami and Khatri",Surat,3.6,475,Seller Fulfilled,2021-11-17
SELL01239,"Soni, Comar and Venkatesh",Pune,3.2,169,Platform Fulfilled,2021-01-29
SELL01240,Naidu Ltd,Mumbai,4.6,446,Seller Fulfilled,2019-03-05
SELL01241,Kalita-Gala,Ahmedabad,4.4,40,Platform Fulfilled,2022-04-20
SELL01242,"Date, Bhatnagar and Mammen",Delhi,2.6,488,Seller Fulfilled,2022-02-24
SELL01243,"Mody, Sarraf and Memon",Chennai,4.1,36,Platform Fulfilled,2023-06-26
SELL01244,"Ahuja, Nayak and Bassi",Kolkata,4.4,28,Seller Fulfilled,2023-06-18
SELL01245,Mitra-Sengupta,Bangalore,3.9,98,Seller Fulfilled,2020-02-29
SELL01246,"Om, Chana and Chand",Delhi,3.8,447,Platform Fulfilled,2020-01-24
SELL01247,"Virk, Sharaf and Varghese",Chennai,4.2,489,Seller Fulfilled,2022-12-04
SELL01248,Mane-Mukhopadhyay,Delhi,4.2,312,Seller Fulfilled,2021-03-14
SELL01249,Kale-Shah,Delhi,4.2,284,Platform Fulfilled,2023-05-12
SELL01250,"Mani, Garde and Prabhakar",Mumbai,4.8,24,Seller Fulfilled,2020-05-19
SELL01251,"Char, Divan and Sengupta",Chennai,3.8,390,Seller Fulfilled,2019-08-24
SELL01252,Nagarajan Ltd,Pune,3.8,180,Platform Fulfilled,2019-06-27
SELL01253,Sahota and Sons,Pune,2.4,315,Seller Fulfilled,2020-01-22
SELL01254,"Vig, Nagy and Karan",Delhi,3.9,460,Seller Fulfilled,2021-10-25
SELL01255,"Viswanathan, Barman and Saraf",Pune,4.4,346,Platform Fulfilled,2023-01-08
SELL01256,Raval-Dhar,Kolkata,4.4,274,Seller Fulfilled,2020-08-12
SELL01257,Kara-Bhalla,Chennai,4.6,388,Seller Fulfilled,2023-03-24
SELL01258,De-Mane,Mumbai,4.0,157,Seller Fulfilled,2021-02-25
SELL01259,Tella Ltd,Hyderabad,3.1,311,Seller Fulfilled,2023-04-24
SELL01260,Khurana Ltd,Bangalore,4.9,343,Platform Fulfilled,2021-10-22
SELL01261,"Prakash, Wable and Grover",Pune,4.7,139,Platform Fulfilled,2022-10-19
SELL01262,"Pillai, Barad and Desai",Mumbai,4.1,206,Seller Fulfilled,2022-10-28
SELL01263,Ravi-Sood,Bangalore,3.7,47,Seller Fulfilled,2019-10-09
SELL01264,Balay Group,Bangalore,3.8,359,Seller Fulfilled,2022-05-10
SELL01265,"Rama, Sahni and Chand",Kolkata,2.7,11,Platform Fulfilled,2019-07-03
SELL01266,Dube and Sons,Pune,2.9,279,Seller Fulfilled,2021-08-06
SELL01267,"Viswanathan, Ganesan and Ranganathan",Hyderabad,4.7,157,Platform Fulfilled,2019-01-18
SELL01268,"Seth, Mani and Iyer",Ahmedabad,3.8,167,Seller Fulfilled,2021-12-30
SELL01269,"Nair, Minhas and Lanka",Delhi,3.3,239,Platform Fulfilled,2020-08-17
SELL01270,Varma and Sons,Kolkata,4.4,197,Seller Fulfilled,2019-06-08
SELL01271,Purohit PLC,Chennai,3.9,182,Seller Fulfilled,2021-04-03
SELL01272,Pradhan Ltd,Kolkata,4.2,428,Platform Fulfilled,2021-09-28
SELL01273,Morar-Mukherjee,Hyderabad,2.4,390,Platform Fulfilled,2020-07-24
SELL01274,"Mishra, Srinivasan and Sahni",Mumbai,3.2,332,Platform Fulfilled,2020-07-10
SELL01275,Kashyap Group,Kolkata,3.9,469,Seller Fulfilled,2020-09-22
SELL01276,Modi LLC,Mumbai,3.8,170,Seller Fulfilled,2023-05-12
SELL01277,Sodhi-Issac,Kolkata,2.5,10,Platform Fulfilled,2023-08-24
SELL01278,"Bhatnagar, Sodhi and Bhandari",Kolkata,4.6,61,Seller Fulfilled,2022-06-25
SELL01279,Bhargava and Sons,Chennai,3.7,276,Seller Fulfilled,2022-05-03
SELL01280,Toor-Kuruvilla,Bangalore,4.3,249,Platform Fulfilled,2021-05-04
SELL01281,"Sridhar, Patil and Parsa",Delhi,3.5,17,Platform Fulfilled,2021-11-26
SELL01282,Seth-Dhar,Chennai,3.2,490,Seller Fulfilled,2020-09-15
SELL01283,Choudhary-Salvi,Pune,4.2,125,Seller Fulfilled,2023-11-11
SELL01284,Dhillon Group,Ahmedabad,1.0,226,Platform Fulfilled,2019-12-16
SELL01285,"Venkatesh, Baral and Bhavsar",Mumbai,3.1,452,Platform Fulfilled,2021-12-09
SELL01286,Yogi Inc,Kolkata,4.3,419,Seller Fulfilled,2020-02-12
SELL01287,Srinivasan-Swamy,Mumbai,3.6,41,Seller Fulfilled,2019-09-17
SELL01288,"Dara, Narang and Oommen",Delhi,4.1,458,Seller Fulfilled,2022-03-04
SELL01289,"Sem, Walia and Raja",Pune,5.0,214,Seller Fulfilled,2022-04-10
SELL01290,Brahmbhatt LLC,Delhi,3.2,359,Seller Fulfilled,2022-09-04
SELL01291,Khanna-Desai,Pune,4.0,473,Seller Fulfilled,2022-03-20
SELL01292,Naik-Mukhopadhyay,Surat,4.1,340,Seller Fulfilled,2021-06-07
SELL01293,Chaudhary Ltd,Kolkata,4.8,271,Seller Fulfilled,2021-12-10
SELL01294,Chada Group,Pune,4.0,434,Seller Fulfilled,2019-03-03
SELL01295,Vasa LLC,Ahmedabad,3.1,374,Seller Fulfilled,2020-02-01
SELL01296,Ranganathan LLC,Surat,2.4,438,Seller Fulfilled,2021-07-21
SELL01297,"Tak, Swamy and Varghese",Ahmedabad,4.4,319,Seller Fulfilled,2023-05-29
SELL01298,Chaudhuri-Hora,Mumbai,3.8,419,Seller Fulfilled,2023-10-08
SELL01299,Gera-Singhal,Hyderabad,4.3,391,Seller Fulfilled,2023-06-06
SELL01300,Anne LLC,Chennai,3.0,8,Seller Fulfilled,2020-11-26
SELL01301,Peri-Samra,Surat,4.9,212,Platform Fulfilled,2023-08-23
SELL01302,"Grewal, Raval and Zachariah",Delhi,3.9,408,Seller Fulfilled,2023-02-15
SELL01303,Madan-Bassi,Bangalore,4.7,485,Seller Fulfilled,2023-09-24
SELL01304,Dugar-Sastry,Hyderabad,3.3,492,Seller Fulfilled,2022-10-14
SELL01305,Salvi Inc,Pune,3.7,409,Seller Fulfilled,2019-01-10
SELL01306,Radhakrishnan-Narain,Surat,4.5,433,Platform Fulfilled,2021-07-05
SELL01307,"Aurora, Rattan and Lata",Chennai,2.8,7,Platform Fulfilled,2022-05-06
SELL01308,Oommen-Gulati,Ahmedabad,3.1,316,Platform Fulfilled,2022-12-17
SELL01309,Karnik-Natt,Pune,4.0,163,Seller Fulfilled,2023-01-19
SELL01310,Chaudhary-Sastry,Delhi,4.4,186,Platform Fulfilled,2022-08-19
SELL01311,Bora-Sama,Pune,3.6,35,Seller Fulfilled,2022-07-26
SELL01312,Muni-Agate,Pune,2.2,461,Platform Fulfilled,2020-10-18
SELL01313,"Chawla, Kar and Kapadia",Hyderabad,5.0,49,Platform Fulfilled,2020-06-13
SELL01314,"Ahuja, Mammen and Soman",Ahmedabad,4.7,124,Seller Fulfilled,2021-12-11
SELL01315,Bajwa-Bahl,Hyderabad,3.6,455,Platform Fulfilled,2022-10-11
SELL01316,"Loke, Kant and Parmer",Pune,4.7,38,Platform Fulfilled,2019-11-17
SELL01317,"Narayan, Sarin and Sibal",Kolkata,4.5,174,Platform Fulfilled,2020-11-30
SELL01318,Mitter Group,Mumbai,3.0,253,Seller Fulfilled,2022-02-23
SELL01319,"Varty, Wali and Gole",Mumbai,3.2,219,Seller Fulfilled,2022-11-17
SELL01320,"Nath, Pai and Luthra",Mumbai,2.8,111,Seller Fulfilled,2019-10-02
SELL01321,Roy-Guha,Ahmedabad,2.2,414,Seller Fulfilled,2019-05-13
SELL01322,"Sahni, Sandhu and Bhatti",Hyderabad,4.6,170,Platform Fulfilled,2023-03-24
SELL01323,"Tandon, Kaur and Thaker",Hyderabad,2.5,463,Seller Fulfilled,2019-01-04
SELL01324,"Date, Narula and Sahni",Pune,4.3,162,Seller Fulfilled,2022-08-21
SELL01325,Mohan Inc,Chennai,2.8,268,Seller Fulfilled,2022-04-21
SELL01326,Aggarwal PLC,Bangalore,3.0,421,Seller Fulfilled,2023-10-09
SELL01327,D’Alia LLC,Surat,3.4,482,Platform Fulfilled,2019-12-13
SELL01328,"Dara, Devan and Naik",Mumbai,4.2,310,Seller Fulfilled,2020-08-10
SELL01329,Nayak Inc,Chennai,3.7,488,Seller Fulfilled,2019-11-19
SELL01330,"Yadav, Varty and Pradhan",Chennai,2.9,300,Seller Fulfilled,2022-07-17
SELL01331,Sagar and Sons,Mumbai,4.6,320,Seller Fulfilled,2019-11-03
SELL01332,Warrior PLC,Kolkata,4.9,128,Platform Fulfilled,2020-09-10
SELL01333,Wadhwa-Chauhan,Chennai,3.5,226,Platform Fulfilled,2022-01-14
SELL01334,Biswas Ltd,Ahmedabad,2.7,334,Platform Fulfilled,2020-07-10
SELL01335,Halder and Sons,Mumbai,4.7,331,Seller Fulfilled,2021-12-23
SELL01336,"Issac, Tara and Shah",Hyderabad,3.0,217,Platform Fulfilled,2020-11-14
SELL01337,"Borde, Boase and Seth",Pune,3.8,106,Seller Fulfilled,2022-12-17
SELL01338,Dalal-Khare,Delhi,4.6,14,Platform Fulfilled,2020-12-28
SELL01339,"Gade, Contractor and Kari",Pune,3.1,107,Platform Fulfilled,2021-08-18
SELL01340,Gandhi Group,Mumbai,3.9,349,Seller Fulfilled,2020-04-30
SELL01341,"Venkataraman, Bir and Lata",Kolkata,4.7,90,Seller Fulfilled,2022-02-18
SELL01342,Ranganathan PLC,Surat,4.2,268,Seller Fulfilled,2020-08-06
SELL01343,Mangat-Tata,Ahmedabad,4.8,56,Platform Fulfilled,2022-05-06
SELL01344,Sibal Ltd,Ahmedabad,4.3,149,Seller Fulfilled,2022-06-11
SELL01345,Handa LLC,Chennai,4.2,33,Seller Fulfilled,2020-03-09
SELL01346,"Nazareth, Sodhi and D’Alia",Kolkata,1.9,463,Platform Fulfilled,2022-04-19
SELL01347,Vohra-Dubey,Pune,4.2,341,Platform Fulfilled,2020-05-23
SELL01348,Singh PLC,Ahmedabad,2.6,383,Seller Fulfilled,2022-01-19
SELL01349,Subramaniam-Wagle,Bangalore,3.5,38,Seller Fulfilled,2021-08-19
SELL01350,"Venkatesh, Seth and Anne",Delhi,4.2,251,Platform Fulfilled,2019-05-26
SELL01351,Dhaliwal-Ratta,Pune,4.5,361,Platform Fulfilled,2019-01-05
SELL01352,Vala Ltd,Bangalore,4.1,144,Seller Fulfilled,2023-03-26
SELL01353,Mody-Narayanan,Hyderabad,4.2,218,Seller Fulfilled,2021-03-06
SELL01354,"Anne, Chokshi and Lad",Chennai,3.8,24,Platform Fulfilled,2021-08-07
SELL01355,Prasad-Tata,Kolkata,3.3,152,Seller Fulfilled,2020-10-02
SELL01356,Pant-Loke,Bangalore,4.3,141,Seller Fulfilled,2020-06-29
SELL01357,"Bhandari, Mahajan and Dhingra",Pune,3.9,195,Platform Fulfilled,2019-08-25
SELL01358,Rastogi-Tripathi,Hyderabad,4.2,452,Platform Fulfilled,2021-11-24
SELL01359,Uppal and Sons,Pune,5.0,157,Seller Fulfilled,2022-10-18
SELL01360,Desai LLC,Surat,2.0,139,Platform Fulfilled,2022-05-08
SELL01361,Gala-Srivastava,Bangalore,4.3,286,Seller Fulfilled,2020-10-09
SELL01362,"Gole, Kulkarni and Palla",Hyderabad,3.3,26,Platform Fulfilled,2021-11-28
SELL01363,Arya PLC,Bangalore,4.1,436,Seller Fulfilled,2020-12-01
SELL01364,Sami-Saha,Chennai,4.0,64,Platform Fulfilled,2020-08-12
SELL01365,Wagle and Sons,Kolkata,3.6,499,Seller Fulfilled,2019-05-19
SELL01366,Nagarajan-Mutti,Mumbai,4.9,82,Seller Fulfilled,2021-07-04
SELL01367,Sami-Bahri,Ahmedabad,4.1,386,Platform Fulfilled,2020-08-17
SELL01368,Nath-Raju,Hyderabad,4.2,428,Platform Fulfilled,2023-05-14
SELL01369,Brar Ltd,Kolkata,4.9,306,Seller Fulfilled,2023-03-23
SELL01370,Jayaraman-Sachar,Ahmedabad,2.0,134,Platform Fulfilled,2023-03-12
SELL01371,Sarin Ltd,Hyderabad,4.2,369,Seller Fulfilled,2020-01-01
SELL01372,Salvi Ltd,Mumbai,4.8,391,Seller Fulfilled,2023-02-02
SELL01373,Dada LLC,Chennai,3.6,294,Platform Fulfilled,2019-01-23
SELL01374,"Mandal, Barad and Sani",Surat,3.2,320,Seller Fulfilled,2021-04-09
SELL01375,Mammen-Iyengar,Ahmedabad,3.0,221,Seller Fulfilled,2023-02-24
SELL01376,Thaker Group,Ahmedabad,2.3,382,Platform Fulfilled,2020-07-05
SELL01377,Dutta-D’Alia,Pune,4.6,363,Platform Fulfilled,2019-09-02
SELL01378,Murty-Lad,Delhi,2.8,203,Seller Fulfilled,2022-09-10
SELL01379,Ray-Jhaveri,Delhi,3.7,127,Seller Fulfilled,2023-10-16
SELL01380,"Ramaswamy, Bhasin and Sibal",Delhi,3.8,201,Seller Fulfilled,2020-02-28
SELL01381,Padmanabhan-Brar,Hyderabad,4.8,414,Seller Fulfilled,2020-03-12
SELL01382,Rao Inc,Kolkata,3.8,38,Seller Fulfilled,2020-09-30
SELL01383,Natarajan and Sons,Bangalore,3.8,474,Seller Fulfilled,2019-08-24
SELL01384,Oza-Dixit,Bangalore,5.0,494,Platform Fulfilled,2022-07-01
SELL01385,Sidhu PLC,Delhi,2.2,103,Seller Fulfilled,2022-10-24
SELL01386,"Som, Natt and Sharma",Bangalore,4.4,81,Seller Fulfilled,2019-02-24
SELL01387,Sant-Biswas,Pune,3.5,345,Platform Fulfilled,2021-07-16
SELL01388,Sastry Group,Mumbai,2.5,416,Seller Fulfilled,2021-09-14
SELL01389,"Narain, Dasgupta and Konda",Hyderabad,4.0,203,Platform Fulfilled,2022-12-08
SELL01390,Dugar and Sons,Kolkata,4.2,362,Seller Fulfilled,2022-05-12
SELL01391,"Mital, Nigam and Gole",Mumbai,4.3,166,Seller Fulfilled,2020-05-28
SELL01392,Dyal LLC,Chennai,4.3,339,Platform Fulfilled,2023-01-20
SELL01393,Agate Ltd,Kolkata,4.5,68,Seller Fulfilled,2021-03-07
SELL01394,Koshy and Sons,Bangalore,4.7,296,Seller Fulfilled,2022-06-21
SELL01395,Anand-Karan,Delhi,3.0,323,Platform Fulfilled,2020-12-15
SELL01396,"Rajagopalan, Aurora and Ravel",Mumbai,3.3,51,Seller Fulfilled,2022-05-13
SELL01397,Yadav-Pillai,Mumbai,4.3,39,Platform Fulfilled,2021-07-26
SELL01398,Ramaswamy PLC,Bangalore,3.7,363,Platform Fulfilled,2022-06-26
SELL01399,Pradhan PLC,Kolkata,4.6,452,Platform Fulfilled,2023-01-06
SELL01400,Krishna-Rege,Ahmedabad,3.4,241,Seller Fulfilled,2020-07-10
SELL01401,Rastogi-Bahl,Ahmedabad,4.7,226,Seller Fulfilled,2022-04-20
SELL01402,"Varughese, Bala and Bahl",Pune,4.0,263,Platform Fulfilled,2021-09-04
SELL01403,"Varughese, Raju and Sankaran",Delhi,5.0,404,Platform Fulfilled,2020-05-13
SELL01404,Mand LLC,Kolkata,3.6,439,Seller Fulfilled,2021-09-03
SELL01405,Dixit-Lad,Chennai,3.6,54,Seller Fulfilled,2019-05-06
SELL01406,Kapoor-Rajagopal,Chennai,3.2,204,Seller Fulfilled,2022-03-31
SELL01407,Kade Inc,Pune,3.4,83,Seller Fulfilled,2020-06-12
SELL01408,"Chadha, Mitra and Mannan",Kolkata,3.1,125,Platform Fulfilled,2021-01-14
SELL01409,Shetty-Sachdeva,Kolkata,3.4,391,Seller Fulfilled,2021-04-22
SELL01410,Bajwa-Ghosh,Ahmedabad,3.4,162,Seller Fulfilled,2021-04-26
SELL01411,Thakkar-Rajan,Delhi,3.9,169,Seller Fulfilled,2023-10-07
SELL01412,Ravi PLC,Hyderabad,4.1,110,Seller Fulfilled,2019-03-10
SELL01413,"Agate, Warrior and Kuruvilla",Kolkata,4.0,142,Platform Fulfilled,2022-10-05
SELL01414,Bajaj-Date,Delhi,3.1,467,Seller Fulfilled,2023-01-29
SELL01415,"Gulati, Shroff and Hayer",Kolkata,4.2,486,Seller Fulfilled,2020-01-13
SELL01416,Sura-Warrior,Pune,4.2,8,Platform Fulfilled,2019-04-19
SELL01417,Doctor-Keer,Ahmedabad,2.6,479,Platform Fulfilled,2022-06-23
SELL01418,"Bali, Pandit and Patla",Pune,4.8,217,Platform Fulfilled,2020-06-13
SELL01419,Bala-Khatri,Delhi,4.1,14,Platform Fulfilled,2020-08-20
SELL01420,"Chana, Jhaveri and Dani",Hyderabad,4.3,399,Seller Fulfilled,2021-02-03
SELL01421,Baral-Dutta,Mumbai,3.6,59,Seller Fulfilled,2021-11-27
SELL01422,"Bava, Sunder and Srinivas",Hyderabad,2.7,463,Seller Fulfilled,2022-01-12
SELL01423,Gole Inc,Kolkata,4.1,124,Platform Fulfilled,2019-04-21
SELL01424,Majumdar and Sons,Mumbai,4.5,133,Platform Fulfilled,2021-11-16
SELL01425,Nanda-Date,Mumbai,4.7,496,Platform Fulfilled,2022-12-31
SELL01426,Mahajan Group,Ahmedabad,3.4,164,Platform Fulfilled,2023-02-25
SELL01427,Sathe-Patil,Mumbai,3.4,238,Seller Fulfilled,2019-10-05
SELL01428,"Jhaveri, Shetty and Chakraborty",Kolkata,2.8,269,Platform Fulfilled,2020-05-19
SELL01429,Gandhi and Sons,Bangalore,3.7,233,Seller Fulfilled,2023-09-17
SELL01430,Mall-Chadha,Surat,4.2,388,Seller Fulfilled,2020-12-30
SELL01431,"Dass, Chacko and Talwar",Mumbai,4.2,66,Seller Fulfilled,2022-12-11
SELL01432,"Lanka, Lata and Loyal",Surat,3.2,181,Seller Fulfilled,2020-03-02
SELL01433,Mital-Solanki,Mumbai,5.0,304,Seller Fulfilled,2023-09-27
SELL01434,Sur-Chana,Chennai,4.9,84,Seller Fulfilled,2019-04-27
SELL01435,Comar-Bajaj,Chennai,3.8,246,Seller Fulfilled,2019-10-25
SELL01436,"Ramesh, Khare and Srinivas",Chennai,4.3,100,Platform Fulfilled,2020-07-02
SELL01437,Guha-Buch,Ahmedabad,3.3,104,Platform Fulfilled,2022-04-18
SELL01438,Naik-Dhawan,Hyderabad,3.4,267,Seller Fulfilled,2021-07-18
SELL01439,"Ghosh, Chahal and Oza",Kolkata,3.7,133,Seller Fulfilled,2023-07-07
SELL01440,Gera Group,Kolkata,2.8,104,Platform Fulfilled,2023-11-09
SELL01441,Srinivas-Pingle,Surat,4.5,176,Seller Fulfilled,2023-02-09
SELL01442,Sood-Issac,Surat,3.6,458,Platform Fulfilled,2021-10-28
SELL01443,"Boase, Ben and Gera",Pune,3.9,131,Seller Fulfilled,2023-10-12
SELL01444,"Ravel, Hari and Doshi",Hyderabad,4.4,367,Seller Fulfilled,2022-10-21
SELL01445,"Upadhyay, Bava and Srivastava",Chennai,4.4,391,Seller Fulfilled,2022-05-10
SELL01446,Babu LLC,Delhi,4.7,357,Seller Fulfilled,2019-02-05
SELL01447,Sura-Shere,Pune,4.9,279,Seller Fulfilled,2021-04-01
SELL01448,Rajan Inc,Hyderabad,3.6,197,Seller Fulfilled,2020-02-24
SELL01449,Sunder Ltd,Delhi,3.9,138,Seller Fulfilled,2021-02-24
SELL01450,"Sarma, Munshi and Sibal",Mumbai,4.5,479,Seller Fulfilled,2022-12-02
SELL01451,"Narang, Bhargava and Bhargava",Pune,3.7,168,Platform Fulfilled,2023-03-30
SELL01452,"Misra, Sekhon and Shan",Pune,2.8,101,Platform Fulfilled,2023-07-15
SELL01453,Bhatia Ltd,Pune,2.6,29,Seller Fulfilled,2020-09-14
SELL01454,Oza-Chana,Bangalore,3.3,493,Seller Fulfilled,2019-02-12
SELL01455,"Sandhu, Keer and Nanda",Kolkata,3.5,242,Seller Fulfilled,2019-01-06
SELL01456,"Oza, Raval and Kari",Bangalore,3.9,21,Seller Fulfilled,2021-07-09
SELL01457,Khare PLC,Kolkata,5.0,102,Platform Fulfilled,2021-03-04
SELL01458,"Pau, Naidu and Bahl",Ahmedabad,2.6,293,Seller Fulfilled,2019-04-10
SELL01459,Yadav LLC,Kolkata,3.5,393,Platform Fulfilled,2022-02-06
SELL01460,"Kant, Ray and Kumar",Bangalore,4.3,229,Seller Fulfilled,2020-02-02
SELL01461,Yohannan PLC,Pune,3.9,215,Platform Fulfilled,2022-07-27
SELL01462,"Roy, Tara and Nayar",Hyderabad,3.6,368,Seller Fulfilled,2021-07-25
SELL01463,Vaidya Ltd,Surat,4.2,27,Seller Fulfilled,2023-09-05
SELL01464,Oza Inc,Surat,3.2,490,Seller Fulfilled,2021-04-12
SELL01465,Dara Group,Delhi,3.1,266,Seller Fulfilled,2021-05-05
SELL01466,"Borra, Chander and Dugar",Pune,3.8,7,Seller Fulfilled,2023-05-18
SELL01467,Sarraf-Deshmukh,Surat,5.0,321,Seller Fulfilled,2019-12-05
SELL01468,Kala LLC,Delhi,5.0,386,Seller Fulfilled,2023-09-13
SELL01469,Rout-Cheema,Mumbai,5.0,443,Platform Fulfilled,2021-07-18
SELL01470,Kala-Bandi,Bangalore,4.0,396,Seller Fulfilled,2022-11-30
SELL01471,Chokshi-Kala,Surat,3.4,371,Seller Fulfilled,2020-11-05
SELL01472,"Hans, Natarajan and Vora",Hyderabad,3.8,214,Platform Fulfilled,2020-08-25
SELL01473,"Solanki, Parikh and Mohan",Surat,3.9,47,Seller Fulfilled,2019-08-21
SELL01474,Majumdar and Sons,Surat,3.1,120,Platform Fulfilled,2022-11-23
SELL01475,"Vig, Sangha and Taneja",Kolkata,4.0,328,Seller Fulfilled,2021-06-03
SELL01476,Kakar Inc,Kolkata,3.1,488,Seller Fulfilled,2023-02-06
SELL01477,"Keer, Vasa and Chauhan",Kolkata,2.6,353,Seller Fulfilled,2019-05-24
SELL01478,Prasad Group,Kolkata,4.8,93,Platform Fulfilled,2020-02-06
SELL01479,Hora Group,Surat,4.0,438,Platform Fulfilled,2019-07-28
SELL01480,Ranganathan-Doctor,Pune,3.4,361,Seller Fulfilled,2020-02-13
SELL01481,"Keer, Raghavan and Badami",Delhi,4.0,11,Platform Fulfilled,2020-08-10
SELL01482,Ganguly Inc,Mumbai,3.4,65,Seller Fulfilled,2022-11-10
SELL01483,Mukhopadhyay Ltd,Kolkata,4.1,265,Platform Fulfilled,2020-05-18
SELL01484,Joshi-Bhargava,Ahmedabad,4.7,138,Seller Fulfilled,2021-04-18
SELL01485,"Sen, Dutta and Samra",Pune,3.4,171,Platform Fulfilled,2020-02-26
SELL01486,Karpe LLC,Bangalore,3.2,188,Platform Fulfilled,2022-09-16
SELL01487,Anand and Sons,Pune,4.2,416,Seller Fulfilled,2020-09-12
SELL01488,Sengupta-Golla,Bangalore,4.4,495,Platform Fulfilled,2022-11-22
SELL01489,Vasa-Kala,Surat,4.0,78,Seller Fulfilled,2020-05-07
SELL01490,Parmar-Chander,Mumbai,4.4,142,Seller Fulfilled,2022-08-14
SELL01491,Murty Ltd,Bangalore,3.4,130,Seller Fulfilled,2019-07-22
SELL01492,Mane Inc,Ahmedabad,2.5,288,Seller Fulfilled,2020-08-01
SELL01493,Dara and Sons,Mumbai,4.5,94,Seller Fulfilled,2020-05-10
SELL01494,Ravel-Nagy,Delhi,4.3,67,Seller Fulfilled,2019-11-08
SELL01495,Mander PLC,Delhi,5.0,323,Seller Fulfilled,2023-04-27
SELL01496,Parmer-Pandit,Bangalore,3.5,367,Seller Fulfilled,2021-06-18
SELL01497,Minhas-Ravel,Kolkata,4.7,141,Platform Fulfilled,2021-12-24
SELL01498,Muni PLC,Surat,4.7,194,Platform Fulfilled,2023-11-16
SELL01499,"Bahl, Setty and Agarwal",Kolkata,4.0,390,Seller Fulfilled,2023-01-04
SELL01500,Kakar Ltd,Ahmedabad,2.4,344,Platform Fulfilled,2019-08-12
SELL01501,Peri-Nath,Mumbai,4.9,153,Platform Fulfilled,2022-12-23
SELL01502,Mital Inc,Surat,3.7,238,Platform Fulfilled,2020-06-02
SELL01503,"Som, Brahmbhatt and Sarkar",Hyderabad,3.8,13,Seller Fulfilled,2019-05-15
SELL01504,Lal-Mishra,Pune,4.5,439,Platform Fulfilled,2021-08-17
SELL01505,Karpe-Dua,Mumbai,4.5,208,Seller Fulfilled,2020-12-21
SELL01506,"Sane, Banerjee and Wable",Delhi,5.0,6,Seller Fulfilled,2021-06-21
SELL01507,"Sinha, Bala and Kaur",Chennai,3.4,72,Platform Fulfilled,2020-01-16
SELL01508,"Roy, Tank and Misra",Delhi,4.6,56,Platform Fulfilled,2021-12-04
SELL01509,"Sodhi, Kulkarni and Aurora",Kolkata,5.0,343,Platform Fulfilled,2021-06-07
SELL01510,Rau-Tiwari,Chennai,2.8,243,Platform Fulfilled,2022-05-09
SELL01511,Munshi LLC,Chennai,3.5,140,Seller Fulfilled,2022-06-26
SELL01512,"Bora, Shanker and Rajagopalan",Mumbai,4.6,416,Platform Fulfilled,2021-11-13
SELL01513,"Prakash, Krishnamurthy and Kurian",Delhi,2.7,414,Platform Fulfilled,2023-06-09
SELL01514,"Shenoy, Sarma and Shan",Mumbai,4.7,234,Seller Fulfilled,2021-12-06
SELL01515,Gopal-Raja,Surat,3.1,100,Seller Fulfilled,2019-02-03
SELL01516,Dayal Group,Delhi,3.2,288,Seller Fulfilled,2019-11-10
SELL01517,Sachar-Viswanathan,Ahmedabad,3.1,174,Seller Fulfilled,2019-03-05
SELL01518,"Nath, Ramakrishnan and Pant",Hyderabad,4.7,43,Platform Fulfilled,2019-08-31
SELL01519,Om-Varghese,Mumbai,3.1,244,Seller Fulfilled,2022-05-15
SELL01520,"Tailor, Baral and Ratti",Surat,4.1,62,Platform Fulfilled,2020-04-21
SELL01521,"Ganesan, Swaminathan and Gandhi",Delhi,3.8,232,Seller Fulfilled,2020-10-30
SELL01522,Malhotra-Om,Hyderabad,3.6,176,Platform Fulfilled,2021-02-19
SELL01523,"Thakkar, Deep and Konda",Surat,5.0,384,Seller Fulfilled,2022-11-01
SELL01524,Oommen-Ghose,Delhi,4.1,116,Seller Fulfilled,2021-04-22
SELL01525,"Kalla, Chad and Hora",Pune,3.1,54,Seller Fulfilled,2022-08-22
SELL01526,Chada-Kant,Hyderabad,3.9,438,Platform Fulfilled,2022-08-31
SELL01527,Mallick Inc,Hyderabad,4.1,493,Seller Fulfilled,2021-11-16
SELL01528,"Rai, Singhal and Swamy",Hyderabad,3.9,199,Seller Fulfilled,2023-04-22
SELL01529,"Loke, Dhillon and Gupta",Pune,4.4,316,Seller Fulfilled,2020-02-09
SELL01530,Manda LLC,Surat,4.8,382,Platform Fulfilled,2020-12-25
SELL01531,Kunda Group,Surat,3.6,50,Seller Fulfilled,2022-06-01
SELL01532,"Rastogi, Vig and Ramaswamy",Bangalore,3.8,76,Seller Fulfilled,2022-07-04
SELL01533,Anne-Agate,Mumbai,4.4,51,Platform Fulfilled,2022-03-04
SELL01534,Pai Ltd,Mumbai,4.3,58,Seller Fulfilled,2020-08-09
SELL01535,"Karnik, Narayan and Deol",Delhi,4.6,406,Platform Fulfilled,2020-06-09
SELL01536,Anne PLC,Pune,3.4,400,Platform Fulfilled,2020-06-28
SELL01537,Pal-Bhakta,Ahmedabad,3.3,310,Platform Fulfilled,2022-08-24
SELL01538,Sem-Bhalla,Pune,3.0,340,Seller Fulfilled,2020-07-22
SELL01539,"Baria, Raju and Contractor",Bangalore,4.8,328,Platform Fulfilled,2023-11-21
SELL01540,Sathe Ltd,Bangalore,3.2,324,Seller Fulfilled,2023-06-28
SELL01541,"Sangha, Bajwa and Kale",Kolkata,3.4,282,Seller Fulfilled,2021-05-24
SELL01542,Kumer LLC,Bangalore,4.4,394,Seller Fulfilled,2020-12-05
SELL01543,Lall LLC,Surat,3.7,149,Seller Fulfilled,2020-03-31
SELL01544,Luthra Group,Kolkata,4.6,496,Seller Fulfilled,2019-10-03
SELL01545,"Saraf, Pillay and Sant",Ahmedabad,3.6,154,Platform Fulfilled,2021-11-05
SELL01546,Chad-Balakrishnan,Hyderabad,3.6,188,Seller Fulfilled,2022-02-24
SELL01547,"Kohli, Char and Padmanabhan",Hyderabad,4.1,105,Platform Fulfilled,2019-02-11
SELL01548,Yohannan Inc,Hyderabad,3.8,466,Platform Fulfilled,2020-11-21
SELL01549,"Dubey, Sunder and Bahl",Kolkata,4.2,302,Platform Fulfilled,2020-08-21
SELL01550,Bhatt-Sidhu,Delhi,5.0,155,Seller Fulfilled,2022-02-25
SELL01551,"Dyal, Bora and Kaul",Ahmedabad,3.0,471,Seller Fulfilled,2021-03-20
SELL01552,Sandhu PLC,Kolkata,3.2,44,Seller Fulfilled,2023-01-04
SELL01553,Chaudhari-Som,Mumbai,5.0,153,Platform Fulfilled,2023-09-25
SELL01554,Sachar Inc,Hyderabad,3.2,406,Seller Fulfilled,2022-06-09
SELL01555,Handa-Kala,Chennai,3.1,280,Seller Fulfilled,2020-09-13
SELL01556,Madan-Tailor,Chennai,3.4,412,Seller Fulfilled,2020-07-28
SELL01557,"Parmer, Basak and Halder",Pune,4.5,484,Platform Fulfilled,2023-08-16
SELL01558,Hans-Chandra,Surat,3.6,304,Seller Fulfilled,2021-03-16
SELL01559,"Ratta, Sridhar and Bhardwaj",Surat,4.6,211,Seller Fulfilled,2023-10-04
SELL01560,Vohra Ltd,Pune,2.5,304,Platform Fulfilled,2019-11-18
SELL01561,Oommen LLC,Ahmedabad,2.9,99,Seller Fulfilled,2023-06-03
SELL01562,Barman and Sons,Delhi,2.8,337,Seller Fulfilled,2021-04-11
SELL01563,"Pradhan, Gera and Korpal",Bangalore,3.6,75,Seller Fulfilled,2023-08-04
SELL01564,Ravi Group,Hyderabad,2.5,413,Platform Fulfilled,2023-04-13
SELL01565,Kala-Bedi,Kolkata,4.3,248,Platform Fulfilled,2019-11-26
SELL01566,"Wable, Palla and Mand",Kolkata,4.1,384,Seller Fulfilled,2020-03-02
SELL01567,Wadhwa-Bath,Mumbai,1.3,251,Platform Fulfilled,2020-08-14
SELL01568,Salvi-Suresh,Pune,4.5,302,Platform Fulfilled,2021-04-18
SELL01569,Bose-Pillai,Mumbai,3.3,21,Seller Fulfilled,2019-09-10
SELL01570,Aurora Group,Mumbai,4.2,289,Seller Fulfilled,2022-08-14
SELL01571,"Prakash, Misra and Sen",Hyderabad,4.9,370,Seller Fulfilled,2019-04-12
SELL01572,Kurian-Naik,Chennai,4.0,219,Seller Fulfilled,2019-04-27
SELL01573,"Zacharia, Parmer and Loyal",Delhi,3.0,125,Platform Fulfilled,2020-05-05
SELL01574,Mital Inc,Delhi,3.6,323,Platform Fulfilled,2019-04-27
SELL01575,Chaudry-Borah,Chennai,4.1,448,Platform Fulfilled,2019-06-26
SELL01576,"Jha, Vala and Chaudhry",Delhi,5.0,312,Platform Fulfilled,2020-06-21
SELL01577,Edwin-Datta,Pune,5.0,489,Seller Fulfilled,2021-02-10
SELL01578,Sule-Butala,Bangalore,5.0,190,Platform Fulfilled,2020-08-08
SELL01579,"Sarma, Bava and Kade",Delhi,4.5,217,Platform Fulfilled,2020-06-16
SELL01580,Gera-Solanki,Mumbai,4.2,43,Platform Fulfilled,2019-09-27
SELL01581,"Mangal, Shetty and Varty",Bangalore,4.6,448,Seller Fulfilled,2019-04-14
SELL01582,Dyal-Buch,Pune,2.1,161,Seller Fulfilled,2021-09-18
SELL01583,"Bath, Borah and Varughese",Hyderabad,2.4,160,Seller Fulfilled,2021-03-19
SELL01584,Walla-Shetty,Ahmedabad,4.7,250,Seller Fulfilled,2023-04-02
SELL01585,"Radhakrishnan, Sarna and Barad",Pune,4.4,215,Platform Fulfilled,2021-06-24
SELL01586,Guha-Savant,Kolkata,3.5,125,Seller Fulfilled,2021-03-11
SELL01587,"Dhaliwal, Barman and Date",Kolkata,2.6,32,Platform Fulfilled,2021-07-08
SELL01588,Gill Group,Hyderabad,4.3,217,Platform Fulfilled,2019-07-20
SELL01589,Gara Group,Kolkata,2.6,278,Seller Fulfilled,2023-02-07
SELL01590,Prabhakar Ltd,Chennai,3.2,422,Seller Fulfilled,2020-04-23
SELL01591,Doctor PLC,Surat,3.5,8,Seller Fulfilled,2023-04-09
SELL01592,Bhatnagar LLC,Mumbai,3.2,468,Seller Fulfilled,2020-01-26
SELL01593,Kakar LLC,Kolkata,3.5,179,Seller Fulfilled,2023-06-19
SELL01594,"Kala, Pant and Kapadia",Hyderabad,4.9,262,Platform Fulfilled,2020-07-05
SELL01595,Karan PLC,Delhi,4.0,229,Seller Fulfilled,2023-05-20
SELL01596,Swaminathan-Contractor,Kolkata,3.5,156,Seller Fulfilled,2019-09-29
SELL01597,Shanker-Rastogi,Delhi,4.1,170,Seller Fulfilled,2023-10-13
SELL01598,Das PLC,Kolkata,3.0,442,Seller Fulfilled,2020-09-02
SELL01599,Hans-Patil,Mumbai,3.8,472,Seller Fulfilled,2020-03-12
SELL01600,Natarajan-Tank,Mumbai,3.5,132,Platform Fulfilled,2020-04-28
SELL01601,"Kade, Iyengar and Bali",Bangalore,3.8,29,Platform Fulfilled,2020-06-06
SELL01602,Narayan-Raja,Kolkata,3.5,208,Platform Fulfilled,2020-03-13
SELL01603,"Prasad, Sha and Anand",Chennai,3.6,429,Platform Fulfilled,2020-11-30
SELL01604,"Dua, Keer and Ramanathan",Mumbai,4.3,224,Seller Fulfilled,2021-09-23
SELL01605,Varty LLC,Mumbai,5.0,78,Seller Fulfilled,2021-05-29
SELL01606,Atwal-Dasgupta,Bangalore,3.9,5,Platform Fulfilled,2023-11-11
SELL01607,Chowdhury and Sons,Pune,3.6,216,Seller Fulfilled,2020-07-25
SELL01608,Som-Zacharia,Chennai,4.8,113,Seller Fulfilled,2019-06-16
SELL01609,Dayal-Cheema,Surat,4.5,42,Seller Fulfilled,2021-10-06
SELL01610,Aggarwal-Dhingra,Hyderabad,2.5,110,Platform Fulfilled,2022-09-03
SELL01611,Krishnamurthy-Rege,Kolkata,4.4,208,Seller Fulfilled,2021-08-04
SELL01612,Misra PLC,Kolkata,3.4,458,Seller Fulfilled,2019-12-07
SELL01613,Ratta and Sons,Chennai,4.4,392,Seller Fulfilled,2021-03-14
SELL01614,"Sarraf, Dubey and Chaudhari",Surat,4.0,181,Seller Fulfilled,2022-07-15
SELL01615,"Dayal, Rajagopalan and Chana",Pune,2.9,20,Seller Fulfilled,2020-12-27
SELL01616,Prasad-Palan,Ahmedabad,4.1,267,Seller Fulfilled,2023-09-20
SELL01617,"Raghavan, Narang and Varma",Kolkata,3.3,246,Seller Fulfilled,2019-06-12
SELL01618,"Din, Cheema and Sehgal",Hyderabad,3.3,174,Seller Fulfilled,2020-06-10
SELL01619,Setty LLC,Hyderabad,4.4,386,Seller Fulfilled,2023-03-01
SELL01620,Narayanan PLC,Ahmedabad,3.2,329,Platform Fulfilled,2023-02-20
SELL01621,Bala-Kara,Bangalore,4.1,66,Platform Fulfilled,2020-11-27
SELL01622,"Madan, Gokhale and Behl",Mumbai,5.0,333,Seller Fulfilled,2021-07-08
SELL01623,"Bose, Babu and Bhattacharyya",Chennai,3.9,343,Seller Fulfilled,2023-05-06
SELL01624,Saraf Ltd,Bangalore,3.0,219,Platform Fulfilled,2019-11-23
SELL01625,Shenoy Group,Surat,4.5,77,Seller Fulfilled,2019-04-17
SELL01626,Randhawa Ltd,Mumbai,3.9,357,Seller Fulfilled,2021-01-15
SELL01627,Bhavsar and Sons,Surat,4.6,191,Platform Fulfilled,2020-12-11
SELL01628,Raj-Mishra,Bangalore,4.2,449,Seller Fulfilled,2020-12-01
SELL01629,Narula-Dhaliwal,Bangalore,2.5,106,Seller Fulfilled,2020-08-12
SELL01630,Dugar PLC,Surat,4.5,378,Platform Fulfilled,2020-09-17
SELL01631,"Reddy, Thaman and Mangal",Hyderabad,4.1,440,Seller Fulfilled,2023-06-13
SELL01632,"Nagar, Muni and Rout",Hyderabad,3.7,494,Platform Fulfilled,2020-06-14
SELL01633,Dara PLC,Surat,3.9,385,Platform Fulfilled,2023-11-18
SELL01634,Mitter-Prakash,Delhi,4.0,245,Platform Fulfilled,2020-06-24
SELL01635,"Bhattacharyya, Sibal and Date",Bangalore,4.3,282,Seller Fulfilled,2021-02-03
SELL01636,Dasgupta Inc,Surat,4.3,154,Platform Fulfilled,2020-12-09
SELL01637,Ahluwalia Group,Bangalore,4.3,481,Seller Fulfilled,2022-02-15
SELL01638,"Dutt, Wable and Gaba",Hyderabad,4.5,361,Platform Fulfilled,2022-06-28
SELL01639,Magar LLC,Kolkata,3.9,332,Seller Fulfilled,2023-11-12
SELL01640,Rajagopal-Mittal,Surat,3.3,486,Seller Fulfilled,2022-08-18
SELL01641,Dhawan Ltd,Ahmedabad,2.5,265,Seller Fulfilled,2023-06-09
SELL01642,Issac and Sons,Delhi,4.6,49,Platform Fulfilled,2020-03-08
SELL01643,"Murthy, Bhasin and Handa",Delhi,4.4,38,Seller Fulfilled,2022-03-01
SELL01644,"Dyal, Borde and Bobal",Mumbai,3.0,96,Seller Fulfilled,2021-05-30
SELL01645,"Kulkarni, Viswanathan and Palla",Delhi,3.8,261,Seller Fulfilled,2023-11-18
SELL01646,Pandit PLC,Surat,3.7,390,Seller Fulfilled,2021-01-06
SELL01647,Raghavan PLC,Mumbai,5.0,388,Seller Fulfilled,2023-01-02
SELL01648,"Nagy, Badami and Lala",Hyderabad,3.8,182,Seller Fulfilled,2023-01-19
SELL01649,Memon Inc,Delhi,5.0,133,Platform Fulfilled,2019-11-30
SELL01650,Date and Sons,Surat,5.0,425,Seller Fulfilled,2021-08-03
SELL01651,Deep and Sons,Delhi,3.9,40,Seller Fulfilled,2022-09-30
SELL01652,"Varma, Gupta and Chaudry",Pune,3.5,15,Platform Fulfilled,2019-08-11
SELL01653,"Gaba, Yadav and Vaidya",Mumbai,3.6,183,Seller Fulfilled,2023-04-15
SELL01654,"Sastry, Lata and Ray",Chennai,2.9,444,Platform Fulfilled,2019-08-11
SELL01655,"Reddy, Radhakrishnan and Sridhar",Pune,4.3,235,Platform Fulfilled,2021-09-10
SELL01656,Palla-Maharaj,Chennai,5.0,321,Seller Fulfilled,2020-11-16
SELL01657,Mutti LLC,Hyderabad,4.6,8,Platform Fulfilled,2023-01-18
SELL01658,"Chauhan, Gulati and Radhakrishnan",Delhi,5.0,389,Seller Fulfilled,2023-08-07
SELL01659,Kakar-Hans,Chennai,3.3,236,Seller Fulfilled,2023-06-23
SELL01660,Devi-Bandi,Mumbai,3.3,337,Seller Fulfilled,2022-08-05
SELL01661,Khatri Inc,Mumbai,3.8,20,Seller Fulfilled,2021-12-14
SELL01662,Reddy LLC,Chennai,4.3,411,Seller Fulfilled,2021-04-02
SELL01663,Soman-Krishna,Kolkata,3.5,247,Seller Fulfilled,2022-04-25
SELL01664,Toor-Naik,Delhi,4.9,169,Seller Fulfilled,2019-07-20
SELL01665,Kohli Ltd,Mumbai,3.6,453,Seller Fulfilled,2021-09-24
SELL01666,Brahmbhatt Inc,Kolkata,3.9,33,Seller Fulfilled,2019-03-10
SELL01667,"Kannan, Pau and Chaudhary",Bangalore,3.8,181,Platform Fulfilled,2023-08-18
SELL01668,Bedi PLC,Pune,3.6,206,Platform Fulfilled,2021-06-07
SELL01669,Pall-Borra,Delhi,2.8,277,Platform Fulfilled,2022-12-13
SELL01670,Mishra-Shah,Pune,3.7,140,Seller Fulfilled,2021-11-06
SELL01671,"Iyengar, Dara and Walia",Delhi,3.5,498,Seller Fulfilled,2019-10-08
SELL01672,"Walla, Ravi and Gopal",Delhi,4.2,499,Seller Fulfilled,2020-02-15
SELL01673,"Deshpande, Mandal and Bumb",Hyderabad,3.1,404,Seller Fulfilled,2021-02-19
SELL01674,Chander Ltd,Surat,2.3,354,Seller Fulfilled,2023-04-17
SELL01675,"Mann, Hegde and Shah",Bangalore,3.3,424,Platform Fulfilled,2023-03-11
SELL01676,"Baral, Purohit and Pandey",Bangalore,4.3,233,Seller Fulfilled,2023-08-03
SELL01677,Mishra Inc,Kolkata,4.5,22,Platform Fulfilled,2020-01-18
SELL01678,"Wali, Khanna and Sidhu",Ahmedabad,3.6,123,Seller Fulfilled,2022-06-15
SELL01679,Nair and Sons,Ahmedabad,4.1,149,Seller Fulfilled,2020-02-26
SELL01680,Hegde and Sons,Chennai,4.5,243,Seller Fulfilled,2021-09-29
SELL01681,Khosla-Datta,Mumbai,4.1,475,Seller Fulfilled,2019-12-20
SELL01682,Nayar and Sons,Ahmedabad,4.0,207,Seller Fulfilled,2020-01-30
SELL01683,Pant Group,Chennai,4.7,435,Platform Fulfilled,2023-07-05
SELL01684,Sahota Ltd,Pune,4.6,120,Seller Fulfilled,2022-12-14
SELL01685,Prabhakar-Dyal,Hyderabad,3.7,324,Seller Fulfilled,2019-10-13
SELL01686,"Anand, Bhat and Chaudhari",Hyderabad,2.8,65,Platform Fulfilled,2023-02-08
SELL01687,Deshmukh Inc,Kolkata,4.2,379,Seller Fulfilled,2022-04-08
SELL01688,Mann and Sons,Chennai,4.8,419,Platform Fulfilled,2022-08-18
SELL01689,"Chowdhury, Tata and Kadakia",Surat,3.0,486,Platform Fulfilled,2022-11-13
SELL01690,Sant-Kota,Bangalore,3.7,432,Platform Fulfilled,2020-04-24
SELL01691,"Dasgupta, Saha and Kaur",Ahmedabad,3.4,492,Seller Fulfilled,2020-10-23
SELL01692,Bose Ltd,Chennai,4.4,177,Platform Fulfilled,2023-04-11
SELL01693,Walia Ltd,Chennai,4.1,144,Seller Fulfilled,2020-11-24
SELL01694,Parsa-Hayre,Pune,4.0,18,Seller Fulfilled,2019-12-17
SELL01695,Kumar Ltd,Bangalore,3.0,408,Seller Fulfilled,2020-08-09
SELL01696,"Atwal, Rastogi and Johal",Bangalore,2.2,197,Seller Fulfilled,2020-11-10
SELL01697,"Dutt, Banik and Master",Pune,4.7,251,Seller Fulfilled,2021-11-06
SELL01698,"Keer, Dyal and Maharaj",Hyderabad,2.6,466,Seller Fulfilled,2020-09-03
SELL01699,Bhattacharyya-Din,Surat,4.1,61,Seller Fulfilled,2021-08-25
SELL01700,Dewan LLC,Surat,1.9,146,Platform Fulfilled,2020-10-18
SELL01701,"Sastry, Chacko and Srinivasan",Surat,2.5,181,Seller Fulfilled,2021-10-30
SELL01702,Narayanan Group,Chennai,4.3,170,Seller Fulfilled,2023-06-14
SELL01703,Narayan-Varma,Delhi,4.1,409,Platform Fulfilled,2021-07-28
SELL01704,"Pingle, Prashad and Lad",Delhi,3.2,196,Platform Fulfilled,2022-11-03
SELL01705,Dubey PLC,Chennai,3.5,117,Seller Fulfilled,2020-02-20
SELL01706,Chakraborty Group,Chennai,5.0,368,Seller Fulfilled,2021-12-24
SELL01707,Nigam and Sons,Mumbai,4.3,420,Seller Fulfilled,2022-11-02
SELL01708,"Mand, Wagle and Bhagat",Bangalore,3.4,292,Seller Fulfilled,2019-09-14
SELL01709,Mutti-Khosla,Delhi,4.3,188,Platform Fulfilled,2022-12-10
SELL01710,Rattan-Kunda,Surat,3.5,395,Seller Fulfilled,2023-01-21
SELL01711,"Yohannan, Jhaveri and Shenoy",Delhi,4.2,272,Platform Fulfilled,2020-12-12
SELL01712,Sheth-Basak,Pune,4.3,451,Seller Fulfilled,2019-10-20
SELL01713,"Sura, Peri and Patla",Hyderabad,3.0,401,Platform Fulfilled,2022-10-31
SELL01714,Rout and Sons,Chennai,4.1,59,Seller Fulfilled,2023-02-06
SELL01715,"Sahni, Merchant and Kar",Chennai,4.8,131,Seller Fulfilled,2021-09-22
SELL01716,Modi-Sani,Bangalore,3.6,42,Seller Fulfilled,2022-09-05
SELL01717,"Jayaraman, Sundaram and Dutta",Bangalore,4.4,353,Seller Fulfilled,2019-03-06
SELL01718,Barad-Basak,Pune,3.2,346,Seller Fulfilled,2020-01-02
SELL01719,"Lad, Pandya and Kibe",Delhi,4.1,63,Platform Fulfilled,2020-01-02
SELL01720,Varughese and Sons,Surat,5.0,237,Platform Fulfilled,2022-07-30
SELL01721,Bassi PLC,Surat,4.2,18,Platform Fulfilled,2023-04-18
SELL01722,"Bahri, Dhaliwal and Rama",Pune,5.0,47,Seller Fulfilled,2023-07-17
SELL01723,Aurora and Sons,Surat,3.8,499,Seller Fulfilled,2022-07-29
SELL01724,Som Group,Kolkata,3.5,17,Platform Fulfilled,2021-10-19
SELL01725,"Rout, Khatri and Singhal",Delhi,3.5,372,Platform Fulfilled,2019-07-02
SELL01726,"Aurora, Wadhwa and Bhatti",Surat,4.6,196,Seller Fulfilled,2020-04-09
SELL01727,Korpal-Ravi,Hyderabad,3.0,137,Seller Fulfilled,2020-05-06
SELL01728,Bhalla-Sura,Bangalore,3.0,66,Seller Fulfilled,2019-12-14
SELL01729,"Cherian, Nagarajan and Prashad",Bangalore,4.8,53,Seller Fulfilled,2023-05-02
SELL01730,"Peri, Iyengar and Palla",Pune,3.6,122,Seller Fulfilled,2021-11-04
SELL01731,"Ahluwalia, Raval and Badami",Delhi,3.8,274,Seller Fulfilled,2022-01-01
SELL01732,Jani Inc,Bangalore,4.1,44,Seller Fulfilled,2019-03-23
SELL01733,Sundaram Inc,Ahmedabad,4.3,199,Seller Fulfilled,2020-07-27
SELL01734,"Borah, Bera and Sengupta",Bangalore,4.1,262,Seller Fulfilled,2023-10-23
SELL01735,Vasa-Jaggi,Bangalore,4.9,189,Platform Fulfilled,2022-02-16
SELL01736,"Tiwari, Iyengar and Modi",Pune,4.2,276,Seller Fulfilled,2021-11-12
SELL01737,"Varkey, Amble and Dar",Kolkata,2.3,364,Seller Fulfilled,2020-02-10
SELL01738,"Lall, Sarkar and Mody",Hyderabad,3.9,454,Platform Fulfilled,2019-12-15
SELL01739,Devi-Krish,Mumbai,3.7,325,Seller Fulfilled,2019-08-07
SELL01740,"Raghavan, Lanka and Amble",Mumbai,3.9,416,Seller Fulfilled,2021-03-04
SELL01741,Ganguly-Seth,Surat,3.7,122,Seller Fulfilled,2021-04-12
SELL01742,"Mahal, Patel and Deshpande",Mumbai,3.7,144,Platform Fulfilled,2019-11-16
SELL01743,Mohanty-Subramanian,Delhi,4.0,444,Seller Fulfilled,2019-09-09
SELL01744,Deshpande-Raja,Hyderabad,2.6,238,Seller Fulfilled,2021-12-30
SELL01745,Bath and Sons,Kolkata,4.1,11,Seller Fulfilled,2020-09-15
SELL01746,Talwar Ltd,Pune,3.5,258,Platform Fulfilled,2021-11-24
SELL01747,"Karan, Khare and Kamdar",Chennai,4.6,169,Platform Fulfilled,2021-02-24
SELL01748,Dada-Morar,Hyderabad,2.9,204,Seller Fulfilled,2020-04-15
SELL01749,"Banerjee, Lal and Agarwal",Hyderabad,3.9,335,Platform Fulfilled,2021-06-07
SELL01750,Chacko Ltd,Chennai,4.7,333,Seller Fulfilled,2020-01-20
SELL01751,Wable PLC,Chennai,5.0,484,Platform Fulfilled,2019-05-29
SELL01752,Puri-Balasubramanian,Chennai,3.8,96,Platform Fulfilled,2020-06-27
SELL01753,"Gara, Sampath and Ratti",Pune,3.8,234,Seller Fulfilled,2023-11-29
SELL01754,Behl Group,Bangalore,3.6,5,Seller Fulfilled,2022-07-07
SELL01755,Mutti Ltd,Delhi,4.2,352,Seller Fulfilled,2020-08-01
SELL01756,Luthra and Sons,Kolkata,3.7,192,Seller Fulfilled,2019-09-04
SELL01757,"Bahl, Sidhu and Narula",Bangalore,4.0,417,Platform Fulfilled,2020-03-29
SELL01758,Keer Group,Hyderabad,2.9,387,Seller Fulfilled,2021-06-29
SELL01759,Keer Ltd,Kolkata,4.8,329,Seller Fulfilled,2022-11-25
SELL01760,"Chhabra, Tiwari and Pai",Hyderabad,4.2,87,Seller Fulfilled,2023-09-06
SELL01761,Ratti-Radhakrishnan,Bangalore,4.5,453,Seller Fulfilled,2019-11-24
SELL01762,Anand PLC,Mumbai,4.1,251,Seller Fulfilled,2022-03-02
SELL01763,Keer-Luthra,Chennai,3.1,296,Seller Fulfilled,2021-08-13
SELL01764,Divan Group,Hyderabad,3.3,448,Platform Fulfilled,2023-02-27
SELL01765,Chandran-Tella,Pune,3.9,406,Seller Fulfilled,2019-08-26
SELL01766,Datta PLC,Mumbai,3.3,180,Seller Fulfilled,2019-12-15
SELL01767,Kohli Group,Hyderabad,4.5,167,Platform Fulfilled,2021-01-02
SELL01768,Kumer-Misra,Pune,3.8,390,Platform Fulfilled,2022-09-29
SELL01769,Batta Group,Chennai,3.8,309,Seller Fulfilled,2021-07-24
SELL01770,Bandi Ltd,Bangalore,4.0,276,Seller Fulfilled,2023-10-16
SELL01771,Narayanan-Sinha,Delhi,3.6,346,Platform Fulfilled,2020-07-18
SELL01772,"Thaker, Balasubramanian and Dara",Surat,4.5,475,Seller Fulfilled,2021-06-05
SELL01773,"Kapur, Bhardwaj and Keer",Hyderabad,5.0,154,Seller Fulfilled,2023-09-17
SELL01774,Bhavsar Inc,Chennai,3.6,183,Seller Fulfilled,2023-03-22
SELL01775,Madan-Borra,Delhi,4.3,128,Platform Fulfilled,2022-03-07
SELL01776,Sule Ltd,Hyderabad,4.3,78,Platform Fulfilled,2021-11-24
SELL01777,"Nadkarni, Bahri and Anne",Surat,3.2,376,Seller Fulfilled,2022-06-07
SELL01778,Dara Inc,Chennai,4.3,316,Platform Fulfilled,2019-07-01
SELL01779,Shroff and Sons,Pune,3.8,221,Seller Fulfilled,2021-07-08
SELL01780,"Dua, Jani and Agrawal",Hyderabad,4.3,444,Platform Fulfilled,2021-10-10
SELL01781,Balakrishnan-Sami,Mumbai,3.3,17,Platform Fulfilled,2019-01-13
SELL01782,Chacko PLC,Hyderabad,3.6,357,Seller Fulfilled,2022-02-13
SELL01783,"Sahota, Parekh and Natt",Pune,5.0,181,Seller Fulfilled,2021-11-21
SELL01784,Padmanabhan PLC,Mumbai,2.7,411,Seller Fulfilled,2022-11-09
SELL01785,"Pall, Rao and Hans",Delhi,3.3,356,Seller Fulfilled,2020-06-11
SELL01786,Pal Inc,Ahmedabad,4.5,94,Seller Fulfilled,2019-07-14
SELL01787,Chawla-Mand,Delhi,3.7,151,Seller Fulfilled,2022-07-18
SELL01788,Menon-Morar,Kolkata,4.6,137,Seller Fulfilled,2021-11-21
SELL01789,Dyal LLC,Ahmedabad,4.2,361,Platform Fulfilled,2022-08-13
SELL01790,Sood-Johal,Pune,4.5,20,Platform Fulfilled,2021-06-15
SELL01791,Dugar Ltd,Surat,2.8,433,Seller Fulfilled,2020-08-09
SELL01792,Patla Ltd,Mumbai,4.4,363,Platform Fulfilled,2022-09-28
SELL01793,Sahota Group,Hyderabad,4.6,337,Platform Fulfilled,2019-03-03
SELL01794,Mitter Group,Delhi,4.4,161,Seller Fulfilled,2021-02-19
SELL01795,"Kari, Doctor and Kapur",Pune,3.7,224,Seller Fulfilled,2021-05-13
SELL01796,Oak-Bali,Chennai,3.5,173,Platform Fulfilled,2022-09-13
SELL01797,Choudhary-Kade,Ahmedabad,4.2,492,Platform Fulfilled,2022-02-03
SELL01798,Patil Group,Ahmedabad,4.4,194,Seller Fulfilled,2022-06-19
SELL01799,"Khatri, Narasimhan and Barman",Ahmedabad,4.1,42,Platform Fulfilled,2019-11-06
SELL01800,Bajaj-Kulkarni,Surat,4.6,270,Seller Fulfilled,2023-10-16
SELL01801,Nath PLC,Mumbai,3.4,57,Seller Fulfilled,2023-11-29
SELL01802,"Kala, Pant and Master",Surat,2.9,297,Seller Fulfilled,2023-01-29
SELL01803,"Arya, Kalita and Korpal",Bangalore,5.0,214,Platform Fulfilled,2022-12-29
SELL01804,Parmer-Tiwari,Surat,3.0,191,Platform Fulfilled,2022-12-14
SELL01805,Chawla-Joshi,Chennai,3.0,445,Seller Fulfilled,2019-11-26
SELL01806,Nagar Inc,Chennai,4.4,458,Platform Fulfilled,2019-03-30
SELL01807,"Badami, Yohannan and Ganguly",Chennai,3.2,255,Seller Fulfilled,2021-11-19
SELL01808,"Bora, Sandal and Dar",Hyderabad,4.1,165,Seller Fulfilled,2020-07-06
SELL01809,"Hayre, Sagar and Khatri",Bangalore,3.1,112,Seller Fulfilled,2023-11-28
SELL01810,"Thaker, Kar and Gill",Bangalore,3.3,298,Platform Fulfilled,2022-04-22
SELL01811,"Samra, Kannan and Bawa",Pune,3.9,124,Platform Fulfilled,2020-01-01
SELL01812,Sundaram-Kibe,Ahmedabad,4.2,224,Platform Fulfilled,2021-10-27
SELL01813,"Oza, Gandhi and Tandon",Chennai,5.0,148,Platform Fulfilled,2021-04-01
SELL01814,Bhatnagar-Kapadia,Delhi,4.6,258,Seller Fulfilled,2022-05-29
SELL01815,Brar-Char,Pune,3.1,223,Seller Fulfilled,2021-12-19
SELL01816,Pall-Babu,Hyderabad,3.9,256,Seller Fulfilled,2020-11-19
SELL01817,Chacko Ltd,Bangalore,3.3,450,Seller Fulfilled,2023-05-09
SELL01818,Dasgupta PLC,Delhi,2.8,124,Seller Fulfilled,2022-07-12
SELL01819,Sane-Merchant,Bangalore,3.7,268,Seller Fulfilled,2021-12-31
SELL01820,"Choudhary, Dixit and Mitra",Bangalore,3.8,222,Seller Fulfilled,2021-03-20
SELL01821,Setty-Kaul,Mumbai,3.8,432,Seller Fulfilled,2019-04-25
SELL01822,Rastogi-Chaudhari,Chennai,3.0,362,Seller Fulfilled,2020-10-21
SELL01823,"Suri, Parmar and Mody",Pune,3.2,25,Platform Fulfilled,2023-05-25
SELL01824,"Sane, Balay and Zacharia",Ahmedabad,3.1,50,Seller Fulfilled,2019-11-23
SELL01825,Sehgal and Sons,Kolkata,4.7,165,Seller Fulfilled,2023-05-06
SELL01826,Pau Ltd,Surat,4.6,32,Seller Fulfilled,2020-03-01
SELL01827,Madan-Nagi,Kolkata,4.9,119,Seller Fulfilled,2022-03-15
SELL01828,Parikh Ltd,Hyderabad,5.0,419,Seller Fulfilled,2023-07-16
SELL01829,"Pillai, Nori and Boase",Surat,3.8,75,Platform Fulfilled,2019-04-01
SELL01830,Buch-Sehgal,Kolkata,2.3,446,Seller Fulfilled,2020-11-24
SELL01831,Yogi Group,Mumbai,3.6,78,Platform Fulfilled,2019-05-11
SELL01832,Arora and Sons,Surat,4.0,232,Seller Fulfilled,2020-09-11
SELL01833,"Salvi, Dixit and Ramaswamy",Delhi,4.7,250,Platform Fulfilled,2023-03-15
SELL01834,Barman-Sarin,Ahmedabad,3.7,379,Seller Fulfilled,2021-09-26
SELL01835,"Batra, Kade and Nayak",Hyderabad,4.3,314,Seller Fulfilled,2020-01-28
SELL01836,"Parsa, Morar and Rao",Bangalore,3.5,367,Seller Fulfilled,2021-12-11
SELL01837,Chatterjee PLC,Delhi,4.1,371,Seller Fulfilled,2022-02-08
SELL01838,Bail-Ratta,Surat,3.2,240,Seller Fulfilled,2019-11-17
SELL01839,"Tandon, Naidu and Banerjee",Mumbai,3.8,271,Platform Fulfilled,2023-02-22
SELL01840,Brar and Sons,Chennai,4.2,450,Platform Fulfilled,2021-05-23
SELL01841,Srivastava-Hayer,Bangalore,4.2,409,Platform Fulfilled,2022-12-09
SELL01842,"Amble, Natarajan and Misra",Mumbai,3.8,156,Platform Fulfilled,2021-08-06
SELL01843,Das-Mani,Surat,4.3,59,Platform Fulfilled,2019-05-24
SELL01844,"Kanda, Narasimhan and Sem",Surat,3.0,364,Platform Fulfilled,2022-07-31
SELL01845,"Kala, Shankar and Upadhyay",Pune,3.4,146,Platform Fulfilled,2022-10-23
SELL01846,Choudhry-Sharma,Ahmedabad,3.2,292,Seller Fulfilled,2019-06-30
SELL01847,Chand PLC,Kolkata,2.6,378,Platform Fulfilled,2020-03-19
SELL01848,"Samra, Nair and Ray",Kolkata,4.1,112,Seller Fulfilled,2021-04-28
SELL01849,Divan-Shah,Kolkata,4.4,85,Platform Fulfilled,2020-05-06
SELL01850,Dhaliwal Group,Delhi,3.7,22,Platform Fulfilled,2021-07-05
SELL01851,Master Inc,Kolkata,4.7,456,Seller Fulfilled,2023-04-12
SELL01852,"Behl, Ravel and Chana",Hyderabad,3.7,440,Seller Fulfilled,2021-01-17
SELL01853,Mand Group,Mumbai,3.9,361,Platform Fulfilled,2021-09-12
SELL01854,Pai-Kar,Kolkata,3.9,384,Platform Fulfilled,2023-11-25
SELL01855,Prakash and Sons,Bangalore,4.5,289,Seller Fulfilled,2021-07-16
SELL01856,"Kalita, Patla and Cherian",Surat,4.0,432,Seller Fulfilled,2020-05-19
SELL01857,Chawla-Dalal,Pune,2.9,238,Seller Fulfilled,2021-09-16
SELL01858,"Bhagat, Krishnamurthy and Borah",Hyderabad,5.0,404,Platform Fulfilled,2020-05-24
SELL01859,Nori-Sanghvi,Kolkata,4.2,46,Seller Fulfilled,2020-06-15
SELL01860,"Goswami, Biswas and Sampath",Ahmedabad,2.0,343,Platform Fulfilled,2023-02-01
SELL01861,"Bhatt, Prabhakar and Roy",Ahmedabad,5.0,435,Seller Fulfilled,2019-11-21
SELL01862,"Parmer, Radhakrishnan and Dhaliwal",Bangalore,3.9,226,Platform Fulfilled,2023-05-04
SELL01863,Viswanathan LLC,Delhi,4.0,10,Seller Fulfilled,2022-11-26
SELL01864,"Raman, Mittal and Chaudry",Surat,3.1,243,Seller Fulfilled,2021-05-24
SELL01865,"Natarajan, Narula and Parsa",Surat,3.6,471,Seller Fulfilled,2020-10-10
SELL01866,Tak-Batra,Delhi,4.1,370,Seller Fulfilled,2021-07-12
SELL01867,Apte-Mangat,Ahmedabad,3.0,216,Seller Fulfilled,2019-08-07
SELL01868,Divan-Anne,Hyderabad,4.6,206,Seller Fulfilled,2020-12-03
SELL01869,Vasa-Shere,Kolkata,4.6,305,Seller Fulfilled,2023-10-09
SELL01870,Krishna-Sinha,Bangalore,4.3,408,Seller Fulfilled,2021-05-04
SELL01871,Lall-Divan,Delhi,3.9,333,Platform Fulfilled,2023-01-24
SELL01872,Varghese-Palan,Surat,2.9,447,Platform Fulfilled,2021-08-16
SELL01873,Prashad-Khanna,Hyderabad,4.4,91,Seller Fulfilled,2019-12-17
SELL01874,Dugal-Nori,Delhi,5.0,107,Seller Fulfilled,2019-09-10
SELL01875,Banik-Suresh,Bangalore,3.9,135,Seller Fulfilled,2023-09-25
SELL01876,"Thakkar, Murty and Bhatti",Bangalore,3.1,415,Platform Fulfilled,2020-06-28
SELL01877,"Vyas, Patla and Sachdeva",Surat,4.7,25,Seller Fulfilled,2020-02-09
SELL01878,"Wadhwa, More and Mane",Delhi,3.8,399,Seller Fulfilled,2022-08-23
SELL01879,Comar-Bajwa,Chennai,4.1,470,Seller Fulfilled,2019-07-19
SELL01880,Mani-Balay,Delhi,3.8,487,Seller Fulfilled,2023-08-10
SELL01881,"Sule, Chopra and Chawla",Mumbai,3.4,257,Seller Fulfilled,2021-02-15
SELL01882,Kibe-Barman,Hyderabad,3.7,240,Seller Fulfilled,2022-12-11
SELL01883,"Merchant, Tak and Grewal",Ahmedabad,2.7,229,Seller Fulfilled,2020-03-24
SELL01884,Khatri Inc,Delhi,4.1,40,Platform Fulfilled,2022-12-24
SELL01885,"Kata, Khatri and Natt",Surat,3.1,188,Seller Fulfilled,2021-11-29
SELL01886,"Ratta, Ratti and Kothari",Hyderabad,3.8,376,Platform Fulfilled,2023-06-01
SELL01887,Hora-Bhardwaj,Mumbai,2.9,103,Platform Fulfilled,2019-01-24
SELL01888,"Manda, Prakash and Yadav",Mumbai,3.9,48,Platform Fulfilled,2020-12-24
SELL01889,Borde-Ramesh,Hyderabad,3.0,469,Platform Fulfilled,2022-05-24
SELL01890,"Bail, Saran and Mannan",Mumbai,3.4,447,Seller Fulfilled,2019-05-03
SELL01891,Tata and Sons,Chennai,3.9,275,Platform Fulfilled,2023-09-11
SELL01892,Deo and Sons,Bangalore,3.9,470,Seller Fulfilled,2021-10-02
SELL01893,Gara LLC,Delhi,3.6,184,Platform Fulfilled,2023-02-14
SELL01894,Nagy and Sons,Kolkata,4.2,287,Seller Fulfilled,2019-12-06
SELL01895,Talwar-Khanna,Chennai,4.1,20,Platform Fulfilled,2023-09-03
SELL01896,"Tripathi, Barad and Devan",Chennai,4.2,27,Seller Fulfilled,2019-05-31
SELL01897,Baria-Kara,Kolkata,3.5,355,Platform Fulfilled,2021-11-11
SELL01898,Sekhon-Ganesh,Chennai,2.0,369,Seller Fulfilled,2023-03-12
SELL01899,Tripathi-Desai,Mumbai,3.6,297,Seller Fulfilled,2022-12-06
SELL01900,Bhandari-Sani,Ahmedabad,4.8,307,Platform Fulfilled,2021-01-31
SELL01901,Vasa LLC,Bangalore,5.0,216,Platform Fulfilled,2022-11-07
SELL01902,Nigam-Lall,Mumbai,3.9,101,Platform Fulfilled,2020-06-09
SELL01903,Nagy LLC,Chennai,3.9,206,Platform Fulfilled,2020-08-23
SELL01904,"Chauhan, Kakar and Halder",Surat,4.9,246,Platform Fulfilled,2019-04-16
SELL01905,"Ranganathan, Walla and Balan",Ahmedabad,4.8,458,Seller Fulfilled,2022-09-15
SELL01906,Kulkarni Group,Pune,3.0,6,Seller Fulfilled,2020-03-11
SELL01907,Sur-Basu,Ahmedabad,4.4,91,Seller Fulfilled,2019-12-24
SELL01908,"Bhat, Trivedi and Atwal",Bangalore,5.0,228,Platform Fulfilled,2019-11-17
SELL01909,"Agrawal, Murthy and Goyal",Bangalore,2.7,409,Seller Fulfilled,2022-09-28
SELL01910,"Chander, Pandya and Mukherjee",Kolkata,4.9,238,Seller Fulfilled,2021-08-17
SELL01911,Bansal-Krishna,Bangalore,4.5,232,Seller Fulfilled,2023-01-05
SELL01912,Sibal-Divan,Bangalore,3.6,133,Seller Fulfilled,2022-08-09
SELL01913,Ben-Luthra,Kolkata,3.5,433,Seller Fulfilled,2019-10-14
SELL01914,Palla PLC,Mumbai,4.5,230,Platform Fulfilled,2021-04-11
SELL01915,"Amble, Arya and Babu",Pune,4.4,106,Platform Fulfilled,2019-04-17
SELL01916,Oza-Vaidya,Chennai,4.3,486,Seller Fulfilled,2021-10-15
SELL01917,Bawa and Sons,Kolkata,3.3,263,Platform Fulfilled,2023-11-30
SELL01918,"Pathak, Bhardwaj and Barad",Pune,4.6,336,Seller Fulfilled,2019-01-11
SELL01919,Thaker-Dhawan,Pune,4.0,106,Seller Fulfilled,2022-08-22
SELL01920,Patil PLC,Bangalore,4.7,465,Seller Fulfilled,2021-03-10
SELL01921,Bhatti PLC,Mumbai,4.4,239,Seller Fulfilled,2023-12-02
SELL01922,"Madan, Yogi and Chaudhry",Ahmedabad,3.8,430,Seller Fulfilled,2022-07-11
SELL01923,Dani Ltd,Ahmedabad,3.3,312,Seller Fulfilled,2019-01-13
SELL01924,Pai-Dugar,Chennai,4.4,379,Platform Fulfilled,2023-09-04
SELL01925,Gopal-Buch,Mumbai,4.0,335,Seller Fulfilled,2023-11-16
SELL01926,"Sahota, Balakrishnan and Gokhale",Ahmedabad,4.2,332,Seller Fulfilled,2020-07-26
SELL01927,"Bhattacharyya, Kant and Dalal",Hyderabad,3.2,338,Seller Fulfilled,2022-06-04
SELL01928,"Dugal, Bava and Verma",Kolkata,4.4,309,Platform Fulfilled,2020-08-13
SELL01929,Venkatesh-Shere,Mumbai,5.0,323,Seller Fulfilled,2021-03-18
SELL01930,"Pai, Kunda and Lanka",Hyderabad,4.0,430,Platform Fulfilled,2019-12-18
SELL01931,Lata-Vyas,Delhi,3.2,419,Seller Fulfilled,2023-10-17
SELL01932,Kannan Inc,Surat,3.7,108,Seller Fulfilled,2023-08-18
SELL01933,Kurian-Datta,Delhi,4.6,208,Platform Fulfilled,2020-04-05
SELL01934,Keer LLC,Mumbai,2.7,93,Seller Fulfilled,2022-10-22
SELL01935,Purohit LLC,Chennai,4.2,378,Platform Fulfilled,2020-07-13
SELL01936,"Deo, De and Kara",Hyderabad,4.6,146,Seller Fulfilled,2021-02-17
SELL01937,"Chaudhuri, Ranganathan and Dasgupta",Bangalore,2.6,291,Platform Fulfilled,2019-08-08
SELL01938,Dua-Pingle,Pune,4.3,304,Seller Fulfilled,2022-04-27
SELL01939,Mangal-Dixit,Delhi,5.0,307,Seller Fulfilled,2020-02-08
SELL01940,Chawla Group,Ahmedabad,2.7,456,Seller Fulfilled,2019-05-13
SELL01941,Bhatnagar Ltd,Mumbai,3.5,380,Platform Fulfilled,2022-06-07
SELL01942,"Dhawan, Barad and Chanda",Surat,2.6,378,Seller Fulfilled,2019-10-12
SELL01943,"Dutt, Sani and Gulati",Chennai,4.2,51,Seller Fulfilled,2019-10-27
SELL01944,Johal and Sons,Delhi,3.6,208,Seller Fulfilled,2019-10-22
SELL01945,Sanghvi Group,Hyderabad,3.9,31,Seller Fulfilled,2020-04-28
SELL01946,Solanki-Bakshi,Ahmedabad,3.4,22,Platform Fulfilled,2020-11-14
SELL01947,Randhawa-Loyal,Mumbai,3.8,16,Platform Fulfilled,2021-06-27
SELL01948,Deshpande-Sachdeva,Delhi,3.9,461,Seller Fulfilled,2021-02-10
SELL01949,Vasa Ltd,Hyderabad,3.3,72,Seller Fulfilled,2022-04-25
SELL01950,Sami Group,Hyderabad,4.8,281,Platform Fulfilled,2022-11-15
SELL01951,"Barad, Desai and Patel",Hyderabad,5.0,380,Platform Fulfilled,2023-09-13
SELL01952,Nayar PLC,Chennai,4.0,265,Seller Fulfilled,2023-01-10
SELL01953,Dasgupta and Sons,Kolkata,4.7,237,Seller Fulfilled,2021-02-05
SELL01954,Sathe and Sons,Chennai,5.0,385,Seller Fulfilled,2023-08-15
SELL01955,Shukla-Panchal,Kolkata,3.9,112,Platform Fulfilled,2021-12-21
SELL01956,Dara Group,Surat,2.4,476,Platform Fulfilled,2021-07-02
SELL01957,"Lanka, Sha and Jhaveri",Bangalore,3.7,406,Seller Fulfilled,2022-06-30
SELL01958,"Lata, Zacharia and Sami",Chennai,3.5,230,Platform Fulfilled,2021-05-06
SELL01959,"Wagle, Pant and Palla",Mumbai,2.1,8,Platform Fulfilled,2021-12-04
SELL01960,Nanda PLC,Hyderabad,3.4,369,Seller Fulfilled,2019-06-19
SELL01961,Varty PLC,Bangalore,2.4,256,Seller Fulfilled,2021-07-02
SELL01962,Chand-Ghosh,Surat,3.7,220,Seller Fulfilled,2020-06-30
SELL01963,Datta-Chander,Ahmedabad,4.5,341,Seller Fulfilled,2022-04-19
SELL01964,Sarraf LLC,Bangalore,3.2,402,Seller Fulfilled,2020-11-06
SELL01965,Suresh Group,Chennai,3.6,6,Platform Fulfilled,2019-08-28
SELL01966,Chada PLC,Hyderabad,4.3,63,Seller Fulfilled,2023-04-15
SELL01967,Sule-Chadha,Surat,3.1,407,Seller Fulfilled,2023-11-13
SELL01968,"Mitra, Sethi and Balasubramanian",Kolkata,3.8,22,Platform Fulfilled,2023-10-15
SELL01969,"Dey, Barad and Gade",Bangalore,4.1,256,Platform Fulfilled,2019-06-11
SELL01970,Sethi-Prabhakar,Kolkata,4.0,87,Platform Fulfilled,2022-07-29
SELL01971,Mand-Sankar,Surat,3.3,132,Seller Fulfilled,2019-03-25
SELL01972,Maharaj Inc,Mumbai,2.9,56,Seller Fulfilled,2020-02-07
SELL01973,Magar-Mitra,Bangalore,4.4,209,Seller Fulfilled,2021-08-27
SELL01974,Nair Ltd,Kolkata,3.8,373,Platform Fulfilled,2020-12-15
SELL01975,Dani-Mishra,Delhi,3.7,83,Seller Fulfilled,2019-02-13
SELL01976,"Buch, Srivastava and Trivedi",Surat,4.2,432,Platform Fulfilled,2022-12-22
SELL01977,Parsa-Ramachandran,Bangalore,4.5,263,Platform Fulfilled,2021-03-02
SELL01978,Sawhney Group,Pune,3.8,168,Platform Fulfilled,2021-11-11
SELL01979,Rege-Oza,Delhi,3.0,400,Platform Fulfilled,2020-10-22
SELL01980,Kumar-Kashyap,Delhi,4.3,148,Seller Fulfilled,2021-10-22
SELL01981,"De, Parsa and Choudhry",Kolkata,3.6,9,Platform Fulfilled,2021-03-08
SELL01982,"Raman, Bobal and Krishna",Delhi,3.2,338,Platform Fulfilled,2021-09-18
SELL01983,Mody and Sons,Delhi,4.8,251,Platform Fulfilled,2020-09-13
SELL01984,Chokshi-Rama,Bangalore,3.4,257,Platform Fulfilled,2021-11-28
SELL01985,Varma Ltd,Pune,5.0,423,Seller Fulfilled,2023-03-30
SELL01986,Baral-Dhaliwal,Mumbai,4.2,135,Seller Fulfilled,2023-04-19
SELL01987,Bhattacharyya Ltd,Bangalore,2.7,173,Platform Fulfilled,2020-02-09
SELL01988,Reddy Ltd,Surat,4.2,244,Seller Fulfilled,2022-07-18
SELL01989,"Chada, Memon and Mittal",Pune,4.2,64,Platform Fulfilled,2021-02-07
SELL01990,De-Char,Mumbai,2.7,326,Seller Fulfilled,2022-04-13
SELL01991,Varty-Golla,Mumbai,2.7,375,Seller Fulfilled,2022-05-31
SELL01992,Sant-Om,Delhi,3.2,339,Platform Fulfilled,2020-08-31
SELL01993,Kohli and Sons,Bangalore,3.5,447,Seller Fulfilled,2022-03-06
SELL01994,Bawa PLC,Pune,3.9,241,Seller Fulfilled,2019-04-13
SELL01995,Prasad-Pau,Chennai,4.3,188,Seller Fulfilled,2021-03-28
SELL01996,"Borah, Oak and Mohanty",Kolkata,3.6,400,Seller Fulfilled,2023-09-03
SELL01997,"Pant, Ben and Dora",Chennai,3.8,117,Seller Fulfilled,2021-08-06
SELL01998,"Krishnamurthy, Badami and Randhawa",Chennai,4.4,190,Seller Fulfilled,2020-08-15
SELL01999,"Chaudhry, Goel and Korpal",Ahmedabad,3.8,383,Platform Fulfilled,2020-01-06
SELL02000,Prashad Ltd,Surat,3.7,361,Platform Fulfilled,2023-05-04
SELL02001,"Raman, Sachar and Devan",Hyderabad,3.4,290,Seller Fulfilled,2020-04-08
SELL02002,Karan LLC,Delhi,4.2,139,Seller Fulfilled,2023-11-10
SELL02003,"Parmer, Walia and Joshi",Mumbai,4.2,5,Seller Fulfilled,2019-12-05
SELL02004,"Magar, Mishra and Lall",Surat,4.3,365,Seller Fulfilled,2022-02-24
SELL02005,Chadha-Kala,Kolkata,4.1,106,Platform Fulfilled,2022-02-14
SELL02006,Dave-Thakur,Chennai,2.7,42,Seller Fulfilled,2023-09-17
SELL02007,Das LLC,Chennai,3.2,48,Platform Fulfilled,2019-10-30
SELL02008,Divan Ltd,Kolkata,2.8,126,Platform Fulfilled,2022-06-19
SELL02009,"Sem, Narang and Ramachandran",Ahmedabad,3.4,469,Seller Fulfilled,2021-07-23
SELL02010,"Sankar, Kota and Jaggi",Hyderabad,3.6,449,Platform Fulfilled,2020-03-14
SELL02011,"Randhawa, Mani and Saran",Pune,4.8,108,Seller Fulfilled,2020-03-26
SELL02012,Brahmbhatt-Mangal,Bangalore,3.8,224,Seller Fulfilled,2021-12-06
SELL02013,"Din, Parsa and Tak",Mumbai,4.1,257,Seller Fulfilled,2022-05-08
SELL02014,Ganguly-Kurian,Ahmedabad,3.3,65,Platform Fulfilled,2019-11-05
SELL02015,Sibal and Sons,Kolkata,4.2,251,Seller Fulfilled,2020-07-14
SELL02016,Dua-Dube,Hyderabad,5.0,83,Seller Fulfilled,2019-07-31
SELL02017,Walla-Dixit,Chennai,3.3,162,Platform Fulfilled,2020-04-28
SELL02018,Panchal-Ganesh,Delhi,2.9,121,Seller Fulfilled,2022-04-21
SELL02019,Choudhry Group,Delhi,3.7,395,Platform Fulfilled,2019-07-03
SELL02020,"Rajagopal, Devan and Sani",Kolkata,3.8,83,Platform Fulfilled,2023-01-23
SELL02021,Chaudhari Ltd,Chennai,3.6,126,Platform Fulfilled,2019-06-16
SELL02022,Ravel LLC,Ahmedabad,3.1,189,Seller Fulfilled,2021-04-22
SELL02023,Chada and Sons,Chennai,4.3,425,Seller Fulfilled,2022-01-22
SELL02024,Madan and Sons,Mumbai,4.8,451,Platform Fulfilled,2020-12-24
SELL02025,Baria-Krishnan,Ahmedabad,2.4,435,Platform Fulfilled,2023-01-10
SELL02026,"Singh, Batra and Basu",Kolkata,2.9,271,Platform Fulfilled,2023-11-22
SELL02027,Jhaveri-Kumar,Pune,3.3,123,Platform Fulfilled,2023-05-08
SELL02028,"Luthra, Rai and More",Kolkata,3.7,83,Seller Fulfilled,2020-10-27
SELL02029,Balay-Ahluwalia,Mumbai,3.7,122,Platform Fulfilled,2019-04-09
SELL02030,"Sani, Shroff and Chacko",Chennai,4.2,443,Platform Fulfilled,2022-08-24
SELL02031,Sarma Ltd,Bangalore,4.4,23,Platform Fulfilled,2021-02-17
SELL02032,Chanda Group,Delhi,5.0,215,Seller Fulfilled,2021-09-08
SELL02033,Contractor Ltd,Mumbai,3.6,369,Platform Fulfilled,2019-05-08
SELL02034,Saha PLC,Bangalore,3.9,401,Platform Fulfilled,2020-04-20
SELL02035,"Agate, Contractor and Vyas",Pune,4.2,76,Platform Fulfilled,2021-03-14
SELL02036,"Barad, Gera and Dhaliwal",Delhi,3.4,200,Platform Fulfilled,2022-12-15
SELL02037,"Chawla, Ramakrishnan and Gill",Chennai,4.3,471,Seller Fulfilled,2022-12-16
SELL02038,"Ramachandran, Dubey and Maharaj",Ahmedabad,4.4,235,Platform Fulfilled,2021-01-11
SELL02039,Ahuja Group,Chennai,3.0,182,Platform Fulfilled,2019-09-15
SELL02040,"Luthra, Sanghvi and Murty",Mumbai,3.4,62,Seller Fulfilled,2020-04-22
SELL02041,Din PLC,Pune,3.1,186,Platform Fulfilled,2023-01-26
SELL02042,Manne-Mall,Kolkata,3.7,391,Seller Fulfilled,2022-06-24
SELL02043,Tak Group,Mumbai,3.4,309,Seller Fulfilled,2022-11-14
SELL02044,Tak Inc,Hyderabad,3.7,163,Platform Fulfilled,2019-11-28
SELL02045,Saha Group,Kolkata,4.2,30,Platform Fulfilled,2023-02-01
SELL02046,Maharaj PLC,Mumbai,3.5,482,Seller Fulfilled,2021-04-14
SELL02047,Mandal-Tailor,Hyderabad,4.6,478,Platform Fulfilled,2021-03-13
SELL02048,Tara-Gala,Kolkata,3.3,349,Seller Fulfilled,2023-06-20
SELL02049,Master-Hayre,Delhi,3.3,69,Seller Fulfilled,2019-12-22
SELL02050,Rao LLC,Delhi,4.1,322,Seller Fulfilled,2022-09-04
SELL02051,Balan-Arya,Surat,3.9,125,Seller Fulfilled,2022-01-22
SELL02052,Ray Ltd,Surat,3.5,261,Seller Fulfilled,2023-07-06
SELL02053,"Kashyap, Shan and Sastry",Delhi,4.5,202,Seller Fulfilled,2021-06-09
SELL02054,Aurora and Sons,Surat,3.6,128,Platform Fulfilled,2020-08-26
SELL02055,Jayaraman-Chand,Mumbai,4.0,125,Seller Fulfilled,2019-04-16
SELL02056,"Ramakrishnan, Dua and Kaur",Chennai,3.1,483,Platform Fulfilled,2020-08-11
SELL02057,"Chatterjee, Saxena and Deshpande",Kolkata,4.1,436,Seller Fulfilled,2019-09-28
SELL02058,Jain and Sons,Surat,3.0,92,Seller Fulfilled,2023-11-03
SELL02059,Ramesh-Bhatia,Kolkata,3.3,486,Seller Fulfilled,2019-03-07
SELL02060,Pandit LLC,Mumbai,4.5,330,Platform Fulfilled,2019-07-10
SELL02061,Bhatia LLC,Bangalore,3.7,160,Seller Fulfilled,2021-03-24
SELL02062,Date Inc,Delhi,4.5,148,Platform Fulfilled,2019-06-27
SELL02063,Prakash-Subramaniam,Bangalore,4.9,492,Seller Fulfilled,2019-05-31
SELL02064,"Gopal, Goyal and Kata",Mumbai,3.7,222,Seller Fulfilled,2022-10-12
SELL02065,Apte-Tripathi,Ahmedabad,3.6,313,Seller Fulfilled,2022-06-11
SELL02066,"Dhillon, Malhotra and Sodhi",Hyderabad,4.5,349,Seller Fulfilled,2020-06-17
SELL02067,"Sharaf, Bhattacharyya and Nori",Hyderabad,4.1,205,Seller Fulfilled,2019-05-31
SELL02068,Panchal LLC,Mumbai,3.4,158,Seller Fulfilled,2023-05-26
SELL02069,"Munshi, Guha and Chowdhury",Kolkata,4.2,169,Platform Fulfilled,2019-04-12
SELL02070,Agarwal-Raval,Chennai,2.3,110,Seller Fulfilled,2021-09-13
SELL02071,Krishna-Dua,Delhi,3.5,488,Platform Fulfilled,2023-05-22
SELL02072,"Srinivas, Randhawa and Thakkar",Kolkata,3.5,387,Platform Fulfilled,2022-12-25
SELL02073,Kade-Bahri,Bangalore,3.8,66,Seller Fulfilled,2022-06-22
SELL02074,Devan-Shankar,Ahmedabad,3.7,190,Seller Fulfilled,2020-10-10
SELL02075,"Malhotra, Dayal and Bhatia",Ahmedabad,3.9,351,Seller Fulfilled,2020-12-23
SELL02076,Ahluwalia Inc,Chennai,4.2,190,Platform Fulfilled,2022-07-04
SELL02077,"Mallick, Bhagat and Deo",Chennai,3.2,384,Platform Fulfilled,2022-07-30
SELL02078,Nayar-Chandra,Delhi,3.8,358,Platform Fulfilled,2020-01-26
SELL02079,Kar-Balasubramanian,Ahmedabad,4.0,45,Seller Fulfilled,2019-04-14
SELL02080,Dewan-Pau,Bangalore,3.2,10,Seller Fulfilled,2021-01-26
SELL02081,"Grewal, Pingle and Savant",Bangalore,4.3,164,Platform Fulfilled,2019-06-14
SELL02082,Soman Ltd,Delhi,4.0,244,Platform Fulfilled,2022-03-08
SELL02083,"Wali, Bali and Sandhu",Delhi,3.4,45,Seller Fulfilled,2019-11-21
SELL02084,Pau-Bora,Mumbai,2.4,112,Platform Fulfilled,2020-07-25
SELL02085,"Chadha, Dubey and Golla",Hyderabad,4.3,386,Seller Fulfilled,2019-10-15
SELL02086,"Buch, Yadav and Verma",Surat,4.5,326,Platform Fulfilled,2021-03-06
SELL02087,Hayre Inc,Surat,4.0,419,Seller Fulfilled,2019-05-23
SELL02088,"Singhal, Gola and Parmer",Delhi,2.9,125,Seller Fulfilled,2020-07-31
SELL02089,Kamdar-Sem,Delhi,3.6,73,Platform Fulfilled,2021-07-04
SELL02090,Solanki-Palla,Chennai,4.1,314,Platform Fulfilled,2020-12-30
SELL02091,"Rastogi, Tella and Chaudhuri",Mumbai,5.0,486,Platform Fulfilled,2019-08-01
SELL02092,Rout LLC,Pune,3.7,498,Seller Fulfilled,2023-09-17
SELL02093,"Dixit, Bajwa and Yadav",Chennai,3.8,229,Seller Fulfilled,2022-08-07
SELL02094,Parekh-Krishnan,Delhi,3.9,410,Platform Fulfilled,2020-07-05
SELL02095,Kamdar Group,Mumbai,4.3,347,Platform Fulfilled,2022-01-18
SELL02096,Mishra-Varma,Bangalore,2.9,50,Seller Fulfilled,2019-04-08
SELL02097,Kannan-Jhaveri,Hyderabad,4.3,488,Platform Fulfilled,2023-09-11
SELL02098,Mani LLC,Surat,4.1,497,Platform Fulfilled,2019-02-22
SELL02099,"Choudhury, Warrior and Bahl",Hyderabad,4.0,248,Platform Fulfilled,2023-06-19
SELL02100,"Raja, Seshadri and Mandal",Surat,4.7,283,Seller Fulfilled,2022-08-23
SELL02101,Keer Inc,Bangalore,2.9,120,Seller Fulfilled,2019-05-06
SELL02102,Gara Group,Kolkata,3.4,359,Platform Fulfilled,2019-09-07
SELL02103,Sane LLC,Ahmedabad,4.3,124,Platform Fulfilled,2019-06-16
SELL02104,"Sankaran, Banik and Natarajan",Surat,3.4,39,Seller Fulfilled,2022-01-28
SELL02105,Chander-Golla,Ahmedabad,4.9,61,Platform Fulfilled,2022-07-16
SELL02106,Garg-Choudhary,Pune,3.8,266,Platform Fulfilled,2022-06-10
SELL02107,"Bhargava, Uppal and Sachdev",Delhi,3.6,53,Seller Fulfilled,2022-09-10
SELL02108,Sant-Bail,Ahmedabad,4.6,184,Seller Fulfilled,2019-11-26
SELL02109,Edwin Inc,Kolkata,4.2,420,Seller Fulfilled,2022-03-18
SELL02110,"Deol, Krishna and Dada",Hyderabad,4.3,369,Seller Fulfilled,2019-07-08
SELL02111,Aurora Inc,Delhi,3.9,343,Platform Fulfilled,2021-08-12
SELL02112,Raju-Narain,Bangalore,4.0,223,Platform Fulfilled,2022-01-20
SELL02113,Sur Inc,Chennai,4.3,303,Seller Fulfilled,2020-02-26
SELL02114,Kapadia-Dixit,Hyderabad,4.1,372,Seller Fulfilled,2023-09-20
SELL02115,Ganguly-Singhal,Mumbai,4.4,146,Platform Fulfilled,2023-08-06
SELL02116,Wali-Cheema,Pune,4.7,6,Seller Fulfilled,2022-02-26
SELL02117,"Borah, Deep and Padmanabhan",Mumbai,2.7,221,Seller Fulfilled,2019-08-12
SELL02118,Radhakrishnan PLC,Chennai,3.0,416,Seller Fulfilled,2020-08-21
SELL02119,"Kala, Keer and Chana",Mumbai,4.3,132,Seller Fulfilled,2023-10-27
SELL02120,"Shroff, Wason and Bawa",Kolkata,3.3,73,Seller Fulfilled,2019-09-29
SELL02121,Suresh-Upadhyay,Pune,3.9,166,Platform Fulfilled,2022-05-07
SELL02122,Sandal-Murthy,Mumbai,2.9,250,Platform Fulfilled,2020-07-11
SELL02123,"Kohli, Dugal and Sankaran",Mumbai,4.4,386,Platform Fulfilled,2023-01-25
SELL02124,Chopra LLC,Surat,2.1,443,Platform Fulfilled,2023-11-05
SELL02125,Pandit-Mannan,Delhi,4.3,182,Seller Fulfilled,2019-02-26
SELL02126,Khosla-Kalla,Hyderabad,4.1,474,Platform Fulfilled,2023-11-19
SELL02127,Aggarwal Inc,Kolkata,3.4,78,Seller Fulfilled,2022-08-12
SELL02128,Mann-Palla,Ahmedabad,3.6,330,Seller Fulfilled,2020-02-23
SELL02129,Luthra-Biswas,Delhi,4.1,327,Seller Fulfilled,2019-05-23
SELL02130,Warrior Inc,Surat,4.8,198,Seller Fulfilled,2020-04-25
SELL02131,Bali-Raja,Surat,4.3,323,Seller Fulfilled,2022-06-23
SELL02132,Ben LLC,Bangalore,4.4,194,Platform Fulfilled,2022-04-13
SELL02133,Bhattacharyya-Ben,Surat,4.3,162,Platform Fulfilled,2022-11-06
SELL02134,"Mallick, Kaul and Gill",Kolkata,4.4,13,Seller Fulfilled,2022-04-30
SELL02135,Prakash Group,Chennai,3.1,203,Seller Fulfilled,2019-07-20
SELL02136,"Dua, Atwal and Dhingra",Chennai,3.2,95,Seller Fulfilled,2019-04-17
SELL02137,Ben-Kara,Surat,3.1,175,Platform Fulfilled,2021-03-31
SELL02138,Sandhu-Bhargava,Surat,4.9,301,Platform Fulfilled,2022-12-04
SELL02139,Pau and Sons,Kolkata,3.1,119,Seller Fulfilled,2023-02-21
SELL02140,Doctor-Dhar,Surat,4.7,230,Platform Fulfilled,2022-04-20
SELL02141,"Chaudhuri, Goyal and Deshpande",Kolkata,4.3,64,Seller Fulfilled,2020-07-22
SELL02142,"Wadhwa, Desai and Sura",Kolkata,3.8,202,Platform Fulfilled,2021-05-10
SELL02143,"Parikh, Bora and Dasgupta",Mumbai,3.9,227,Seller Fulfilled,2022-12-28
SELL02144,"Srinivasan, Ray and Mutti",Kolkata,3.1,33,Platform Fulfilled,2020-02-18
SELL02145,Sachar-Sibal,Hyderabad,4.2,351,Seller Fulfilled,2022-04-10
SELL02146,Narain and Sons,Delhi,4.6,47,Seller Fulfilled,2021-12-06
SELL02147,Yogi-Parekh,Chennai,3.7,347,Seller Fulfilled,2020-12-04
SELL02148,Kamdar-Memon,Bangalore,4.7,320,Seller Fulfilled,2019-10-08
SELL02149,Upadhyay Ltd,Bangalore,3.9,269,Seller Fulfilled,2022-08-29
SELL02150,Sinha-Chacko,Mumbai,3.9,99,Platform Fulfilled,2019-03-13
SELL02151,"Nagi, Sundaram and Guha",Surat,4.4,448,Seller Fulfilled,2020-09-12
SELL02152,"Sachar, Shukla and Gaba",Bangalore,3.6,189,Platform Fulfilled,2019-12-18
SELL02153,Nayar PLC,Ahmedabad,3.5,47,Seller Fulfilled,2022-07-14
SELL02154,"Sarraf, Nath and Aggarwal",Bangalore,3.8,380,Seller Fulfilled,2020-09-26
SELL02155,Prasad-Dugar,Mumbai,4.5,127,Seller Fulfilled,2020-08-05
SELL02156,Lall Inc,Pune,4.0,54,Seller Fulfilled,2023-08-11
SELL02157,"Mangal, Buch and Ramaswamy",Delhi,3.8,454,Platform Fulfilled,2023-01-05
SELL02158,"Kuruvilla, Ramaswamy and Kurian",Delhi,3.8,173,Platform Fulfilled,2022-07-18
SELL02159,Narang-Mangat,Delhi,3.8,156,Platform Fulfilled,2020-11-26
SELL02160,Chander LLC,Hyderabad,2.8,377,Seller Fulfilled,2019-01-12
SELL02161,"Goyal, Krishnan and Mandal",Ahmedabad,3.0,286,Seller Fulfilled,2020-12-06
SELL02162,Rana Ltd,Surat,3.3,299,Platform Fulfilled,2021-10-20
SELL02163,Aggarwal Inc,Kolkata,4.4,308,Platform Fulfilled,2022-09-08
SELL02164,Mander-Madan,Hyderabad,2.8,94,Seller Fulfilled,2023-03-25
SELL02165,Chadha-Mitra,Hyderabad,2.3,163,Platform Fulfilled,2021-06-18
SELL02166,Walla-Pai,Bangalore,3.7,491,Platform Fulfilled,2022-11-24
SELL02167,"Amble, Chauhan and Rai",Ahmedabad,3.8,352,Seller Fulfilled,2019-06-28
SELL02168,"Ganesh, Majumdar and Sahni",Kolkata,5.0,75,Seller Fulfilled,2020-02-19
SELL02169,Sandal-Issac,Chennai,4.3,271,Platform Fulfilled,2020-01-22
SELL02170,Iyengar-Sahota,Delhi,4.5,265,Seller Fulfilled,2020-07-12
SELL02171,Garde-Raj,Bangalore,4.0,276,Seller Fulfilled,2019-07-24
SELL02172,Kibe-Saini,Bangalore,4.3,249,Platform Fulfilled,2022-10-03
SELL02173,Lala Inc,Delhi,3.5,441,Seller Fulfilled,2020-04-27
SELL02174,Chokshi-Mahal,Bangalore,2.9,218,Seller Fulfilled,2022-05-10
SELL02175,"Parmar, Anand and Baria",Bangalore,4.8,452,Platform Fulfilled,2021-04-29
SELL02176,Brar LLC,Ahmedabad,2.7,499,Seller Fulfilled,2020-05-16
SELL02177,Trivedi-Ramesh,Surat,4.2,184,Seller Fulfilled,2022-04-07
SELL02178,Venkataraman-Nagi,Pune,3.8,189,Seller Fulfilled,2019-09-10
SELL02179,Ganguly Inc,Pune,3.8,486,Seller Fulfilled,2023-08-16
SELL02180,Buch Inc,Hyderabad,4.4,198,Platform Fulfilled,2020-02-04
SELL02181,"Mallick, Balakrishnan and Vig",Hyderabad,2.9,264,Platform Fulfilled,2020-12-16
SELL02182,Dasgupta-Naidu,Mumbai,3.3,419,Platform Fulfilled,2021-01-20
SELL02183,"Deep, Dalal and Keer",Surat,3.6,26,Seller Fulfilled,2022-12-22
SELL02184,"Gaba, Manne and Warrior",Bangalore,3.0,176,Seller Fulfilled,2019-08-10
SELL02185,"Bera, Rastogi and Golla",Pune,3.3,412,Seller Fulfilled,2023-10-16
SELL02186,Aurora-Karpe,Kolkata,3.7,303,Seller Fulfilled,2021-09-15
SELL02187,Chand-Kapadia,Ahmedabad,3.0,183,Seller Fulfilled,2022-10-10
SELL02188,"Prabhu, Nath and Yohannan",Bangalore,3.8,182,Seller Fulfilled,2019-06-19
SELL02189,Dayal-Nagy,Hyderabad,2.2,178,Platform Fulfilled,2022-10-22
SELL02190,Garde-Borah,Surat,3.3,234,Seller Fulfilled,2023-10-15
SELL02191,"Purohit, Jayaraman and Kalita",Chennai,3.0,111,Seller Fulfilled,2021-02-17
SELL02192,Balakrishnan-Nigam,Chennai,3.9,390,Seller Fulfilled,2019-05-31
SELL02193,"Taneja, Chadha and Kade",Mumbai,4.5,46,Seller Fulfilled,2023-06-23
SELL02194,Magar Inc,Delhi,3.3,400,Seller Fulfilled,2019-08-06
SELL02195,Arora Group,Bangalore,3.1,104,Seller Fulfilled,2019-08-04
SELL02196,"Konda, Bahri and Tiwari",Surat,4.4,310,Seller Fulfilled,2020-01-25
SELL02197,Sood-Mukhopadhyay,Surat,4.2,271,Platform Fulfilled,2020-08-10
SELL02198,"Manne, Warrior and Rana",Bangalore,3.5,379,Seller Fulfilled,2022-05-21
SELL02199,Sanghvi Ltd,Kolkata,3.1,161,Seller Fulfilled,2022-05-02
SELL02200,Palla and Sons,Bangalore,3.8,326,Platform Fulfilled,2023-07-27
SELL02201,Soman PLC,Surat,3.5,129,Seller Fulfilled,2022-03-29
SELL02202,Misra Group,Ahmedabad,3.8,453,Platform Fulfilled,2020-06-26
SELL02203,"Sekhon, Walia and Bhagat",Chennai,1.9,423,Platform Fulfilled,2019-12-28
SELL02204,Joshi-Parmer,Ahmedabad,2.9,435,Platform Fulfilled,2022-07-30
SELL02205,"Sagar, Aggarwal and Barad",Surat,4.2,308,Seller Fulfilled,2023-08-24
SELL02206,Nadkarni and Sons,Chennai,2.1,377,Platform Fulfilled,2019-07-25
SELL02207,Dua Group,Delhi,4.1,288,Seller Fulfilled,2020-02-08
SELL02208,"Gour, Lalla and Patla",Chennai,4.5,412,Seller Fulfilled,2019-12-11
SELL02209,Dora Group,Kolkata,4.7,284,Seller Fulfilled,2021-08-06
SELL02210,"Tank, Issac and Sawhney",Delhi,3.4,312,Seller Fulfilled,2020-12-19
SELL02211,Sura Group,Bangalore,2.6,398,Seller Fulfilled,2022-09-30
SELL02212,Modi LLC,Delhi,4.2,304,Platform Fulfilled,2022-12-28
SELL02213,Deo Group,Ahmedabad,4.1,174,Seller Fulfilled,2023-08-06
SELL02214,Pandey-Dar,Chennai,3.5,258,Seller Fulfilled,2021-06-06
SELL02215,Ramaswamy-Kalla,Bangalore,3.8,35,Seller Fulfilled,2023-10-18
SELL02216,"Bhatti, Pandit and Shukla",Delhi,5.0,432,Seller Fulfilled,2022-03-06
SELL02217,Johal Group,Bangalore,3.5,70,Platform Fulfilled,2020-11-21
SELL02218,"Ratti, Vig and Seshadri",Delhi,3.8,418,Seller Fulfilled,2021-02-21
SELL02219,Sura-Parmar,Delhi,2.9,58,Seller Fulfilled,2022-05-28
SELL02220,"Tak, Kurian and Kurian",Mumbai,4.8,20,Seller Fulfilled,2020-12-19
SELL02221,"Mani, Dash and Kari",Pune,4.6,31,Seller Fulfilled,2023-06-10
SELL02222,Bala Group,Mumbai,4.2,399,Platform Fulfilled,2022-01-30
SELL02223,Dua-Karnik,Ahmedabad,3.7,72,Platform Fulfilled,2019-10-22
SELL02224,Vala and Sons,Chennai,4.3,346,Seller Fulfilled,2022-08-18
SELL02225,"Kamdar, Sood and Khosla",Bangalore,4.0,366,Seller Fulfilled,2021-03-27
SELL02226,Chakraborty-Golla,Mumbai,3.7,7,Platform Fulfilled,2023-02-10
SELL02227,Pai-Bhagat,Kolkata,3.4,255,Platform Fulfilled,2023-04-27
SELL02228,Srinivasan-Pathak,Bangalore,4.1,86,Platform Fulfilled,2023-07-22
SELL02229,Sethi Group,Surat,4.6,385,Platform Fulfilled,2023-11-22
SELL02230,"Zacharia, Deshmukh and Goyal",Kolkata,3.8,292,Platform Fulfilled,2023-05-22
SELL02231,"Kannan, Roy and Kapadia",Pune,3.3,270,Seller Fulfilled,2019-04-08
SELL02232,Thaman-Radhakrishnan,Mumbai,4.3,347,Seller Fulfilled,2023-01-05
SELL02233,Subramaniam-Rao,Bangalore,4.5,45,Platform Fulfilled,2019-02-25
SELL02234,Deshmukh-Mitra,Ahmedabad,3.4,412,Seller Fulfilled,2021-07-01
SELL02235,Bera-Raval,Delhi,5.0,254,Platform Fulfilled,2021-05-26
SELL02236,Kohli LLC,Chennai,4.6,479,Seller Fulfilled,2019-07-29
SELL02237,Tank LLC,Pune,3.6,13,Seller Fulfilled,2022-05-16
SELL02238,"Kuruvilla, Choudhury and Lanka",Delhi,3.4,406,Platform Fulfilled,2020-02-21
SELL02239,Sidhu-Chandra,Pune,3.7,41,Platform Fulfilled,2019-09-29
SELL02240,"Kapoor, Master and Parsa",Kolkata,3.1,372,Seller Fulfilled,2019-12-16
SELL02241,"Vyas, Upadhyay and Bath",Mumbai,4.0,420,Platform Fulfilled,2021-07-29
SELL02242,"Kamdar, Patla and Ranganathan",Delhi,3.8,27,Seller Fulfilled,2022-02-17
SELL02243,Lanka LLC,Surat,3.1,244,Platform Fulfilled,2022-07-30
SELL02244,Seshadri Ltd,Bangalore,3.2,286,Seller Fulfilled,2023-04-17
SELL02245,"Dasgupta, Korpal and Bhakta",Ahmedabad,3.4,454,Seller Fulfilled,2020-12-28
SELL02246,Vora-Chakrabarti,Delhi,3.4,94,Seller Fulfilled,2023-07-07
SELL02247,Dada PLC,Hyderabad,3.6,407,Platform Fulfilled,2021-01-22
SELL02248,Nadig PLC,Bangalore,2.4,493,Platform Fulfilled,2022-10-06
SELL02249,Sangha-Raja,Bangalore,3.2,258,Seller Fulfilled,2019-07-25
SELL02250,Dhar Inc,Surat,3.4,482,Platform Fulfilled,2022-09-27
SELL02251,"Ghosh, Maharaj and Swamy",Chennai,4.2,471,Seller Fulfilled,2020-03-29
SELL02252,"Soni, Dhillon and Solanki",Chennai,5.0,70,Seller Fulfilled,2019-07-29
SELL02253,"Deshpande, Pandit and Chandra",Mumbai,3.6,486,Seller Fulfilled,2020-11-12
SELL02254,"Sarma, Patil and Sangha",Chennai,3.7,378,Seller Fulfilled,2019-03-06
SELL02255,"Sandhu, Raja and Kumer",Delhi,3.1,103,Seller Fulfilled,2022-06-13
SELL02256,"Dugar, Baral and Sarna",Surat,3.6,307,Seller Fulfilled,2019-07-07
SELL02257,"Joshi, Borde and Shankar",Ahmedabad,4.6,111,Platform Fulfilled,2022-08-19
SELL02258,Pandya and Sons,Chennai,3.5,482,Platform Fulfilled,2022-10-29
SELL02259,Pandey Ltd,Mumbai,5.0,133,Seller Fulfilled,2020-05-05
SELL02260,Kaur-Ganesh,Hyderabad,3.3,263,Seller Fulfilled,2022-06-26
SELL02261,Varghese Group,Chennai,4.2,287,Platform Fulfilled,2019-10-19
SELL02262,"Iyer, Sood and Chand",Ahmedabad,4.5,328,Platform Fulfilled,2020-08-01
SELL02263,"Mane, Morar and Nazareth",Ahmedabad,2.7,482,Seller Fulfilled,2021-04-08
SELL02264,Char and Sons,Hyderabad,4.2,231,Seller Fulfilled,2023-02-05
SELL02265,"Kohli, Raj and Banik",Chennai,3.9,196,Platform Fulfilled,2019-03-03
SELL02266,"Boase, Munshi and Ramanathan",Hyderabad,3.6,258,Seller Fulfilled,2020-07-07
SELL02267,"Vohra, Bali and Dara",Delhi,3.0,168,Platform Fulfilled,2020-08-29
SELL02268,Dubey-Vaidya,Ahmedabad,4.4,451,Seller Fulfilled,2023-12-02
SELL02269,"Cheema, Kanda and Dubey",Ahmedabad,2.1,48,Seller Fulfilled,2022-11-01
SELL02270,Kapoor-Bakshi,Delhi,3.8,203,Platform Fulfilled,2020-04-13
SELL02271,"Kothari, Dhar and Dani",Delhi,3.6,236,Seller Fulfilled,2020-09-27
SELL02272,Dayal Group,Pune,2.5,431,Platform Fulfilled,2021-11-17
SELL02273,Date-Iyengar,Hyderabad,3.2,58,Platform Fulfilled,2021-09-17
SELL02274,Dixit-Krishna,Delhi,3.9,488,Seller Fulfilled,2019-02-15
SELL02275,Dash LLC,Pune,5.0,196,Platform Fulfilled,2022-12-08
SELL02276,Minhas-Som,Mumbai,3.1,439,Platform Fulfilled,2021-03-01
SELL02277,Shere-Kala,Kolkata,4.2,262,Platform Fulfilled,2021-08-29
SELL02278,"Raju, Ranganathan and Kala",Chennai,3.0,54,Seller Fulfilled,2021-02-21
SELL02279,Mitra-Kadakia,Mumbai,2.3,187,Platform Fulfilled,2022-05-19
SELL02280,Ghosh Inc,Kolkata,4.8,405,Seller Fulfilled,2019-02-25
SELL02281,Dewan-Manda,Pune,3.6,439,Seller Fulfilled,2019-08-31
SELL02282,"Varma, Misra and Badami",Kolkata,3.3,143,Seller Fulfilled,2019-04-21
SELL02283,"Ghosh, Deshpande and Khatri",Kolkata,3.9,89,Platform Fulfilled,2022-05-20
SELL02284,Prabhakar PLC,Surat,3.3,442,Platform Fulfilled,2021-12-17
SELL02285,Gour Ltd,Pune,2.8,177,Platform Fulfilled,2023-07-18
SELL02286,Kant LLC,Kolkata,4.9,295,Seller Fulfilled,2020-09-07
SELL02287,Koshy-Divan,Pune,2.7,175,Platform Fulfilled,2019-03-31
SELL02288,Amble PLC,Bangalore,5.0,198,Seller Fulfilled,2019-05-20
SELL02289,"Atwal, Ratta and Chatterjee",Mumbai,3.9,147,Seller Fulfilled,2021-04-15
SELL02290,Nayar-Chand,Mumbai,4.4,445,Platform Fulfilled,2022-01-11
SELL02291,"Deo, Sandal and Mittal",Bangalore,3.8,281,Platform Fulfilled,2020-12-08
SELL02292,Mutti-Parmar,Bangalore,3.5,374,Seller Fulfilled,2022-01-13
SELL02293,Badami and Sons,Mumbai,3.3,344,Platform Fulfilled,2019-01-12
SELL02294,"Varkey, Kata and Khare",Chennai,5.0,181,Platform Fulfilled,2022-10-03
SELL02295,Borra LLC,Chennai,3.9,38,Seller Fulfilled,2022-02-06
SELL02296,Madan LLC,Kolkata,4.6,403,Seller Fulfilled,2023-07-04
SELL02297,Ram-Khurana,Kolkata,4.2,178,Seller Fulfilled,2020-03-06
SELL02298,Mistry Group,Ahmedabad,4.1,342,Seller Fulfilled,2021-03-21
SELL02299,"Banik, Menon and Shan",Delhi,4.0,376,Seller Fulfilled,2019-01-10
SELL02300,"Dugal, Rout and Sagar",Mumbai,4.3,252,Seller Fulfilled,2020-07-12
SELL02301,Bora-Cheema,Pune,4.3,18,Seller Fulfilled,2021-11-04
SELL02302,"Mukhopadhyay, Bath and Dora",Pune,4.0,423,Seller Fulfilled,2022-11-22
SELL02303,Rajagopal-Jaggi,Hyderabad,2.9,72,Platform Fulfilled,2019-09-05
SELL02304,Gola-Raghavan,Chennai,3.9,420,Seller Fulfilled,2022-01-20
SELL02305,Sabharwal-Memon,Kolkata,3.1,229,Seller Fulfilled,2023-02-23
SELL02306,Chandran-Bora,Hyderabad,5.0,321,Platform Fulfilled,2019-11-20
SELL02307,"Swaminathan, Kashyap and Bhardwaj",Mumbai,4.8,352,Seller Fulfilled,2021-06-16
SELL02308,"Rattan, Thaman and Narayan",Pune,3.6,18,Seller Fulfilled,2022-10-14
SELL02309,"Mittal, Choudhury and Naik",Delhi,2.7,18,Seller Fulfilled,2023-04-27
SELL02310,Sheth-Mistry,Kolkata,5.0,489,Seller Fulfilled,2019-01-28
SELL02311,"Seth, Ramesh and Dasgupta",Pune,2.9,314,Seller Fulfilled,2021-10-26
SELL02312,Bhakta and Sons,Chennai,4.3,27,Seller Fulfilled,2020-03-08
SELL02313,"Dutt, Keer and Ram",Ahmedabad,5.0,152,Seller Fulfilled,2020-10-03
SELL02314,Dara Ltd,Delhi,3.9,178,Platform Fulfilled,2021-03-24
SELL02315,Loke-Rai,Pune,3.7,178,Platform Fulfilled,2022-10-23
SELL02316,"Kurian, Hari and Mander",Kolkata,4.7,126,Seller Fulfilled,2021-01-24
SELL02317,Chad Inc,Kolkata,5.0,260,Seller Fulfilled,2020-09-03
SELL02318,"Chatterjee, Bhasin and Handa",Ahmedabad,3.8,10,Seller Fulfilled,2021-02-25
SELL02319,"Agate, Mistry and Agate",Hyderabad,2.9,357,Seller Fulfilled,2023-08-19
SELL02320,"Venkatesh, Dugar and Warrior",Surat,3.5,259,Platform Fulfilled,2021-04-26
SELL02321,Rastogi-Sangha,Hyderabad,3.5,370,Seller Fulfilled,2023-10-22
SELL02322,Garde and Sons,Kolkata,5.0,73,Seller Fulfilled,2020-04-02
SELL02323,"Deol, Raghavan and Raval",Bangalore,4.4,486,Seller Fulfilled,2022-09-20
SELL02324,Johal-Seth,Delhi,4.8,156,Platform Fulfilled,2023-11-23
SELL02325,Kata Inc,Delhi,4.1,340,Seller Fulfilled,2019-03-18
SELL02326,Ram-Mann,Chennai,2.3,42,Seller Fulfilled,2022-03-22
SELL02327,Basak Ltd,Ahmedabad,3.9,62,Seller Fulfilled,2020-09-07
SELL02328,"Sen, Aurora and Mutti",Delhi,3.6,415,Seller Fulfilled,2020-03-21
SELL02329,"Sachdev, Uppal and Modi",Ahmedabad,3.8,243,Seller Fulfilled,2023-10-05
SELL02330,Bora-Munshi,Bangalore,3.6,313,Seller Fulfilled,2019-09-05
SELL02331,Ravel-Ganesh,Mumbai,3.7,335,Seller Fulfilled,2023-02-20
SELL02332,Raghavan Ltd,Ahmedabad,2.7,290,Platform Fulfilled,2023-06-21
SELL02333,Mandal-Majumdar,Kolkata,3.0,366,Platform Fulfilled,2022-04-10
SELL02334,Upadhyay-Jha,Pune,4.5,117,Seller Fulfilled,2020-05-13
SELL02335,Barad-Garg,Ahmedabad,3.6,363,Seller Fulfilled,2021-12-25
SELL02336,Subramanian Inc,Pune,4.3,124,Platform Fulfilled,2019-11-28
SELL02337,"Nadkarni, Chaudhuri and Bhasin",Pune,4.3,400,Seller Fulfilled,2022-07-18
SELL02338,"Basak, Rana and Gour",Surat,3.3,316,Seller Fulfilled,2023-11-28
SELL02339,Kashyap and Sons,Surat,4.4,366,Platform Fulfilled,2022-08-17
SELL02340,Salvi-Handa,Mumbai,4.7,432,Platform Fulfilled,2023-03-11
SELL02341,Joshi and Sons,Surat,4.6,48,Seller Fulfilled,2019-03-23
SELL02342,"Sarin, Divan and Korpal",Kolkata,3.4,268,Platform Fulfilled,2023-04-01
SELL02343,Dara-Varghese,Hyderabad,3.8,420,Seller Fulfilled,2019-03-22
SELL02344,"Bahl, Pandya and Shukla",Bangalore,3.3,234,Seller Fulfilled,2020-02-25
SELL02345,Borra-Sundaram,Surat,3.3,143,Platform Fulfilled,2019-08-05
SELL02346,Bahri PLC,Ahmedabad,5.0,94,Seller Fulfilled,2022-12-25
SELL02347,Joshi Group,Bangalore,4.2,189,Seller Fulfilled,2023-10-30
SELL02348,Swamy Inc,Mumbai,2.4,232,Seller Fulfilled,2023-09-16
SELL02349,Wadhwa-Vohra,Bangalore,4.1,215,Seller Fulfilled,2023-08-20
SELL02350,Mann-Lata,Kolkata,3.5,452,Platform Fulfilled,2020-12-13
SELL02351,Shanker-Oza,Chennai,4.3,207,Seller Fulfilled,2021-06-28
SELL02352,"Johal, Din and Comar",Hyderabad,3.8,243,Platform Fulfilled,2021-06-02
SELL02353,"Talwar, Shanker and Johal",Hyderabad,4.3,167,Platform Fulfilled,2022-01-25
SELL02354,Wadhwa-Tiwari,Delhi,3.2,198,Seller Fulfilled,2021-11-14
SELL02355,Badami Group,Pune,3.4,257,Seller Fulfilled,2021-10-28
SELL02356,"Krishna, Subramaniam and Chander",Surat,4.6,189,Platform Fulfilled,2023-07-19
SELL02357,Khalsa-Bedi,Bangalore,3.9,230,Seller Fulfilled,2020-05-27
SELL02358,Zacharia and Sons,Kolkata,4.1,290,Platform Fulfilled,2023-06-08
SELL02359,Dey Inc,Surat,4.2,356,Platform Fulfilled,2020-07-13
SELL02360,Hans Group,Mumbai,5.0,265,Seller Fulfilled,2022-07-20
SELL02361,"Kanda, Goda and Deo",Ahmedabad,3.0,257,Platform Fulfilled,2019-12-04
SELL02362,"Barad, Wali and Rajan",Bangalore,4.5,469,Platform Fulfilled,2019-01-03
SELL02363,Nagarajan-Barman,Kolkata,4.1,58,Seller Fulfilled,2020-06-21
SELL02364,Gill Inc,Kolkata,4.0,350,Platform Fulfilled,2020-03-15
SELL02365,Solanki-Khatri,Bangalore,3.6,241,Seller Fulfilled,2021-07-20
SELL02366,Goda-Viswanathan,Chennai,3.7,257,Seller Fulfilled,2022-09-21
SELL02367,Bali-Madan,Hyderabad,4.2,430,Seller Fulfilled,2019-05-29
SELL02368,"Kota, Vala and Palan",Hyderabad,4.1,331,Seller Fulfilled,2021-01-25
SELL02369,"Deshmukh, Shan and Gopal",Pune,3.3,308,Platform Fulfilled,2022-05-12
SELL02370,"Mallick, Nagar and Chahal",Surat,3.8,109,Platform Fulfilled,2021-12-23
SELL02371,Lata-Viswanathan,Ahmedabad,2.6,325,Platform Fulfilled,2022-05-05
SELL02372,Pandit-Dave,Mumbai,3.7,137,Platform Fulfilled,2022-08-25
SELL02373,Chaudry-Gill,Mumbai,4.4,98,Seller Fulfilled,2021-10-26
SELL02374,Parsa LLC,Kolkata,3.9,465,Platform Fulfilled,2023-01-18
SELL02375,Rajan-Varma,Chennai,3.6,154,Seller Fulfilled,2022-04-16
SELL02376,"Sabharwal, Choudhry and Ramakrishnan",Chennai,4.6,203,Platform Fulfilled,2019-08-03
SELL02377,Zacharia Group,Hyderabad,3.2,484,Platform Fulfilled,2022-08-01
SELL02378,"Ghose, Bora and Grover",Delhi,4.9,156,Platform Fulfilled,2021-06-16
SELL02379,Tara Group,Delhi,4.2,341,Platform Fulfilled,2022-05-13
SELL02380,"Mahajan, Iyengar and Bhakta",Pune,5.0,175,Platform Fulfilled,2019-12-16
SELL02381,Vohra-Sur,Mumbai,3.8,153,Seller Fulfilled,2020-12-02
SELL02382,"Kaur, Sur and Chatterjee",Bangalore,3.8,212,Seller Fulfilled,2022-09-24
SELL02383,Rao-Nazareth,Mumbai,3.8,234,Platform Fulfilled,2019-08-10
SELL02384,Dugar-Divan,Ahmedabad,4.3,345,Seller Fulfilled,2020-02-07
SELL02385,Sethi-Sandal,Kolkata,3.2,189,Seller Fulfilled,2019-09-29
SELL02386,Majumdar-Sidhu,Delhi,3.3,330,Seller Fulfilled,2021-02-27
SELL02387,Chaudhry-Koshy,Bangalore,3.7,169,Seller Fulfilled,2022-10-16
SELL02388,Sridhar-Halder,Chennai,3.7,201,Platform Fulfilled,2020-04-10
SELL02389,Oak PLC,Mumbai,4.1,384,Platform Fulfilled,2019-02-15
SELL02390,Sarkar-Bora,Ahmedabad,4.7,440,Seller Fulfilled,2022-04-15
SELL02391,"Parmer, Mitra and Raja",Chennai,4.6,143,Seller Fulfilled,2021-06-19
SELL02392,Halder-Chokshi,Chennai,2.7,190,Seller Fulfilled,2023-05-30
SELL02393,"Tank, Roy and Khanna",Kolkata,3.6,323,Platform Fulfilled,2021-06-30
SELL02394,Sibal Inc,Chennai,4.5,77,Seller Fulfilled,2020-12-26
SELL02395,Srinivasan-Srivastava,Delhi,4.5,159,Platform Fulfilled,2019-02-04
SELL02396,"Kohli, Mahajan and Chandran",Bangalore,3.2,195,Platform Fulfilled,2020-02-29
SELL02397,Natt PLC,Kolkata,4.3,133,Platform Fulfilled,2023-01-09
SELL02398,Narayan-Bahri,Delhi,3.4,125,Seller Fulfilled,2022-06-04
SELL02399,Hora and Sons,Pune,2.2,117,Seller Fulfilled,2023-06-19
SELL02400,Badami Ltd,Pune,3.2,44,Seller Fulfilled,2021-05-05
SELL02401,Choudhry and Sons,Surat,3.1,104,Seller Fulfilled,2023-07-06
SELL02402,Shankar PLC,Mumbai,4.2,57,Platform Fulfilled,2021-07-21
SELL02403,Wadhwa-Chana,Chennai,3.7,121,Seller Fulfilled,2021-03-12
SELL02404,Menon Inc,Kolkata,4.4,141,Seller Fulfilled,2019-04-19
SELL02405,Ganesh-Wason,Pune,4.3,79,Seller Fulfilled,2020-11-12
SELL02406,Barad Inc,Pune,3.0,117,Seller Fulfilled,2023-09-25
SELL02407,Rege LLC,Delhi,4.5,318,Seller Fulfilled,2022-01-31
SELL02408,Banik-Bhatt,Hyderabad,3.1,413,Seller Fulfilled,2022-02-25
SELL02409,Warrior Group,Ahmedabad,4.6,423,Platform Fulfilled,2023-08-10
SELL02410,Venkataraman-Wable,Delhi,4.2,450,Seller Fulfilled,2020-07-12
SELL02411,Chadha Inc,Surat,3.5,394,Seller Fulfilled,2019-11-02
SELL02412,"Handa, Bhagat and Malhotra",Mumbai,4.0,201,Platform Fulfilled,2022-09-06
SELL02413,"Raja, Bobal and Mall",Mumbai,1.8,309,Seller Fulfilled,2023-02-17
SELL02414,De-Borra,Hyderabad,5.0,346,Platform Fulfilled,2019-03-10
SELL02415,Sawhney-Gandhi,Chennai,4.2,464,Seller Fulfilled,2021-08-24
SELL02416,"Kala, Khare and Rama",Surat,4.7,245,Seller Fulfilled,2023-08-28
SELL02417,Keer-Batra,Ahmedabad,4.2,110,Platform Fulfilled,2020-07-07
SELL02418,Jain-Kuruvilla,Surat,4.0,333,Platform Fulfilled,2021-04-26
SELL02419,Shenoy LLC,Ahmedabad,3.3,382,Seller Fulfilled,2023-11-12
SELL02420,Vasa PLC,Pune,3.2,271,Platform Fulfilled,2023-06-18
SELL02421,"Handa, Ganesh and Mall",Bangalore,2.1,414,Seller Fulfilled,2020-01-18
SELL02422,"Deo, Oza and Morar",Ahmedabad,3.8,115,Platform Fulfilled,2023-08-30
SELL02423,Deshmukh-Thakkar,Hyderabad,3.4,73,Seller Fulfilled,2020-03-17
SELL02424,Chaudhry LLC,Chennai,3.2,376,Platform Fulfilled,2020-04-26
SELL02425,Sarin PLC,Surat,3.6,264,Platform Fulfilled,2019-05-01
SELL02426,"Naik, Purohit and Goda",Surat,4.4,332,Seller Fulfilled,2023-03-05
SELL02427,"Thakur, Korpal and Patla",Kolkata,3.7,50,Seller Fulfilled,2022-05-01
SELL02428,"Garg, Boase and Iyer",Mumbai,4.2,318,Platform Fulfilled,2021-03-24
SELL02429,"Goyal, Patla and Bahl",Kolkata,4.0,377,Platform Fulfilled,2021-11-09
SELL02430,"Kanda, Padmanabhan and Soni",Hyderabad,4.1,345,Seller Fulfilled,2023-07-27
SELL02431,"Wali, Gandhi and Minhas",Surat,3.9,61,Seller Fulfilled,2019-11-11
SELL02432,"Patla, Patel and Dara",Hyderabad,4.0,390,Seller Fulfilled,2020-10-07
SELL02433,"Tella, Jhaveri and Keer",Chennai,3.4,349,Seller Fulfilled,2020-05-07
SELL02434,Anne Inc,Hyderabad,4.2,68,Seller Fulfilled,2023-08-24
SELL02435,Dani and Sons,Hyderabad,2.8,89,Seller Fulfilled,2020-06-30
SELL02436,"Tandon, Walia and Tella",Surat,2.3,169,Seller Fulfilled,2019-03-18
SELL02437,Pradhan-Banik,Mumbai,4.5,233,Platform Fulfilled,2022-07-26
SELL02438,Ahluwalia Group,Ahmedabad,3.4,381,Seller Fulfilled,2021-03-16
SELL02439,Ganesan-Yogi,Kolkata,4.8,376,Platform Fulfilled,2020-02-17
SELL02440,"Arora, Vohra and Venkataraman",Kolkata,4.1,416,Seller Fulfilled,2019-12-06
SELL02441,"Goda, Raghavan and Bala",Mumbai,3.6,175,Platform Fulfilled,2019-10-25
SELL02442,Ganesh Inc,Chennai,4.3,121,Seller Fulfilled,2020-12-22
SELL02443,Hans PLC,Kolkata,3.7,231,Seller Fulfilled,2021-10-04
SELL02444,"Sandhu, Kata and Narayan",Kolkata,3.7,391,Seller Fulfilled,2021-05-22
SELL02445,"Ahuja, Sachar and Kadakia",Pune,3.1,439,Seller Fulfilled,2023-01-29
SELL02446,Bahl and Sons,Delhi,4.1,15,Platform Fulfilled,2022-01-05
SELL02447,Gade-Bhargava,Kolkata,3.2,487,Seller Fulfilled,2021-12-12
SELL02448,"Dhawan, Baria and Sant",Surat,4.8,300,Platform Fulfilled,2021-06-10
SELL02449,Jain Ltd,Chennai,3.2,23,Seller Fulfilled,2022-08-03
SELL02450,"Anand, Muni and Kakar",Hyderabad,3.3,36,Seller Fulfilled,2021-06-17
SELL02451,"Bail, Kunda and Cherian",Mumbai,2.9,266,Seller Fulfilled,2020-05-25
SELL02452,"Mohan, Bansal and Iyer",Delhi,4.0,204,Seller Fulfilled,2022-08-17
SELL02453,Shan-Apte,Pune,4.0,372,Seller Fulfilled,2021-06-03
SELL02454,"Lall, Sami and Mukherjee",Surat,3.6,435,Platform Fulfilled,2019-11-20
SELL02455,Chanda Ltd,Bangalore,4.1,465,Seller Fulfilled,2021-01-29
SELL02456,Lata PLC,Delhi,3.7,430,Seller Fulfilled,2020-01-10
SELL02457,Natarajan and Sons,Kolkata,3.4,102,Seller Fulfilled,2019-08-17
SELL02458,"Dave, Jayaraman and Kamdar",Ahmedabad,2.8,258,Platform Fulfilled,2022-01-22
SELL02459,Grewal-Aurora,Chennai,3.6,418,Platform Fulfilled,2022-05-23
SELL02460,"Lad, Ramaswamy and Misra",Surat,3.6,413,Platform Fulfilled,2021-03-22
SELL02461,Kothari-Hegde,Ahmedabad,4.0,171,Platform Fulfilled,2019-10-17
SELL02462,Dhingra and Sons,Chennai,2.6,272,Seller Fulfilled,2019-05-28
SELL02463,"Natt, Zachariah and Kadakia",Bangalore,4.7,313,Seller Fulfilled,2023-08-27
SELL02464,"Thaman, Acharya and Memon",Pune,4.4,87,Seller Fulfilled,2021-08-11
SELL02465,Dass Inc,Chennai,4.2,468,Platform Fulfilled,2021-11-10
SELL02466,Purohit LLC,Chennai,4.2,297,Seller Fulfilled,2023-09-06
SELL02467,"Bains, Mittal and Char",Pune,3.2,450,Seller Fulfilled,2019-06-28
SELL02468,"Ganesan, Ramesh and Sangha",Surat,4.0,154,Seller Fulfilled,2022-11-24
SELL02469,Khatri-Comar,Kolkata,3.5,366,Seller Fulfilled,2020-12-23
SELL02470,"Lata, Chakrabarti and Thakur",Surat,3.8,98,Seller Fulfilled,2022-07-21
SELL02471,Tripathi-Keer,Chennai,4.6,374,Platform Fulfilled,2019-12-06
SELL02472,"Kaul, Ramakrishnan and Srinivas",Ahmedabad,3.4,363,Seller Fulfilled,2019-04-20
SELL02473,"Ramaswamy, Pau and Babu",Hyderabad,4.6,78,Platform Fulfilled,2022-11-08
SELL02474,"Bava, Balay and Sodhi",Kolkata,3.6,369,Seller Fulfilled,2022-03-07
SELL02475,Dalal Inc,Delhi,3.0,444,Platform Fulfilled,2019-07-29
SELL02476,Kulkarni PLC,Chennai,4.3,405,Seller Fulfilled,2022-04-08
SELL02477,"Chaudhuri, Naidu and Varkey",Chennai,4.3,392,Seller Fulfilled,2020-01-05
SELL02478,Ganesan-Kapur,Ahmedabad,3.8,61,Platform Fulfilled,2020-01-23
SELL02479,Walla PLC,Hyderabad,3.1,344,Seller Fulfilled,2019-11-04
SELL02480,Kari-Dhar,Hyderabad,4.5,330,Seller Fulfilled,2023-03-17
SELL02481,"Brahmbhatt, Brar and Garg",Mumbai,3.6,278,Seller Fulfilled,2021-03-28
SELL02482,Khurana-Chacko,Ahmedabad,4.3,25,Seller Fulfilled,2022-07-25
SELL02483,Pai-Kapoor,Surat,3.0,409,Seller Fulfilled,2022-06-19
SELL02484,"Sha, Barad and Cherian",Delhi,5.0,493,Seller Fulfilled,2022-07-22
SELL02485,"Garde, Loke and Bhavsar",Pune,4.5,112,Platform Fulfilled,2019-06-22
SELL02486,Pant Inc,Chennai,4.5,254,Platform Fulfilled,2021-07-17
SELL02487,Divan-Garg,Delhi,2.9,457,Seller Fulfilled,2020-03-02
SELL02488,"Barman, Chaudhry and Contractor",Chennai,3.3,350,Platform Fulfilled,2019-07-30
SELL02489,Dhaliwal Group,Mumbai,5.0,205,Seller Fulfilled,2021-07-04
SELL02490,Mishra-Pradhan,Hyderabad,5.0,170,Platform Fulfilled,2019-09-15
SELL02491,Iyer LLC,Surat,3.2,338,Seller Fulfilled,2019-08-23
SELL02492,Chaudhry and Sons,Kolkata,3.7,150,Seller Fulfilled,2019-07-19
SELL02493,Kota-Gopal,Mumbai,3.3,486,Seller Fulfilled,2021-03-16
SELL02494,Mitra Group,Pune,4.5,278,Seller Fulfilled,2021-09-30
SELL02495,"Viswanathan, Deo and Sanghvi",Ahmedabad,4.0,211,Seller Fulfilled,2019-07-08
SELL02496,Comar LLC,Bangalore,4.8,192,Platform Fulfilled,2020-09-29
SELL02497,Bahl-Bora,Ahmedabad,4.0,83,Seller Fulfilled,2022-10-04
SELL02498,Halder Ltd,Bangalore,4.4,142,Platform Fulfilled,2021-10-01
SELL02499,Gulati-Varty,Hyderabad,3.7,297,Seller Fulfilled,2020-11-25
SELL02500,"Narula, Lal and Dave",Ahmedabad,4.6,273,Seller Fulfilled,2019-09-22
SELL02501,"Rau, Luthra and Narayanan",Ahmedabad,5.0,167,Platform Fulfilled,2022-10-11
SELL02502,Kuruvilla PLC,Kolkata,4.5,496,Seller Fulfilled,2021-08-31
SELL02503,Rastogi Group,Pune,4.4,309,Seller Fulfilled,2022-02-19
SELL02504,"Samra, Jhaveri and Dayal",Chennai,4.5,297,Platform Fulfilled,2020-01-08
SELL02505,Narain Inc,Surat,4.4,176,Seller Fulfilled,2021-07-09
SELL02506,Narang Group,Delhi,3.6,39,Platform Fulfilled,2020-02-05
SELL02507,Agrawal and Sons,Hyderabad,3.2,484,Seller Fulfilled,2021-03-12
SELL02508,Hayre Inc,Surat,2.8,66,Seller Fulfilled,2021-06-03
SELL02509,Kunda-Tata,Ahmedabad,3.8,426,Platform Fulfilled,2019-04-27
SELL02510,Kakar-Devi,Ahmedabad,3.6,40,Seller Fulfilled,2021-04-09
SELL02511,Sekhon-Ganesh,Ahmedabad,4.1,181,Seller Fulfilled,2023-03-30
SELL02512,Borde-Goyal,Pune,4.0,205,Platform Fulfilled,2021-08-18
SELL02513,"Divan, Anand and Mital",Hyderabad,3.8,337,Seller Fulfilled,2022-01-03
SELL02514,"Gokhale, Khalsa and Wable",Chennai,4.0,357,Seller Fulfilled,2023-09-26
SELL02515,"Morar, Comar and Devi",Surat,3.6,42,Seller Fulfilled,2020-09-05
SELL02516,Walla-Madan,Delhi,3.3,205,Seller Fulfilled,2020-11-12
SELL02517,Raj-Srinivasan,Chennai,3.7,465,Platform Fulfilled,2020-05-21
SELL02518,Vasa Ltd,Mumbai,4.3,138,Seller Fulfilled,2021-10-14
SELL02519,"Bains, Kanda and Rajagopalan",Chennai,4.8,141,Seller Fulfilled,2021-10-13
SELL02520,Shah-Sachdeva,Chennai,5.0,380,Seller Fulfilled,2021-08-15
SELL02521,Nagarajan-Bhatnagar,Delhi,4.4,64,Seller Fulfilled,2021-10-26
SELL02522,Bansal Ltd,Hyderabad,3.2,9,Platform Fulfilled,2023-05-06
SELL02523,"Chatterjee, Datta and Lalla",Pune,3.8,115,Seller Fulfilled,2020-07-04
SELL02524,Mander PLC,Chennai,4.5,211,Platform Fulfilled,2023-02-10
SELL02525,Kari-Choudhry,Bangalore,4.5,229,Platform Fulfilled,2022-01-04
SELL02526,Patil Inc,Pune,2.8,413,Platform Fulfilled,2019-12-30
SELL02527,"Balasubramanian, Naidu and Sangha",Bangalore,4.1,497,Seller Fulfilled,2019-02-11
SELL02528,Patil PLC,Ahmedabad,2.7,154,Platform Fulfilled,2019-04-01
SELL02529,"Kanda, Saha and Pai",Hyderabad,4.6,186,Seller Fulfilled,2019-06-20
SELL02530,Kapur-Bhattacharyya,Ahmedabad,4.2,157,Seller Fulfilled,2019-02-21
SELL02531,"Kurian, Sidhu and Narang",Chennai,1.5,166,Seller Fulfilled,2022-01-11
SELL02532,Sankar-Loke,Hyderabad,4.4,480,Seller Fulfilled,2021-03-01
SELL02533,Mani Ltd,Chennai,4.6,463,Platform Fulfilled,2020-09-23
SELL02534,"Chhabra, Sandhu and Dhar",Kolkata,3.6,183,Seller Fulfilled,2021-05-22
SELL02535,"Dalal, Tiwari and Rajagopal",Mumbai,4.8,361,Seller Fulfilled,2019-02-05
SELL02536,"Barad, Sridhar and Solanki",Ahmedabad,3.7,293,Platform Fulfilled,2022-02-22
SELL02537,"Deshmukh, Chawla and Morar",Surat,4.0,369,Seller Fulfilled,2021-11-07
SELL02538,"Bassi, Pillai and Prashad",Chennai,3.7,388,Seller Fulfilled,2022-03-26
SELL02539,"Wable, Badami and Chandra",Bangalore,3.8,79,Platform Fulfilled,2022-11-08
SELL02540,"Parsa, Magar and Yadav",Delhi,4.5,229,Seller Fulfilled,2022-11-06
SELL02541,Sengupta-Soni,Delhi,2.9,62,Seller Fulfilled,2019-01-26
SELL02542,Viswanathan-Bhat,Kolkata,4.5,454,Platform Fulfilled,2019-07-09
SELL02543,Srivastava LLC,Delhi,5.0,419,Seller Fulfilled,2019-04-07
SELL02544,Palan-Parmar,Delhi,3.0,483,Platform Fulfilled,2022-11-29
SELL02545,Swaminathan-Mukherjee,Chennai,2.7,65,Platform Fulfilled,2019-09-05
SELL02546,Chahal-Rana,Ahmedabad,4.3,489,Seller Fulfilled,2020-05-24
SELL02547,Ramachandran-Kannan,Pune,3.0,344,Platform Fulfilled,2023-01-25
SELL02548,Bhatt and Sons,Bangalore,3.9,40,Platform Fulfilled,2021-08-29
SELL02549,"Nagar, Tak and Dhaliwal",Ahmedabad,5.0,479,Seller Fulfilled,2019-01-17
SELL02550,Chatterjee-Bhagat,Bangalore,4.6,23,Platform Fulfilled,2019-08-08
SELL02551,Das-Dar,Surat,4.5,428,Platform Fulfilled,2021-01-24
SELL02552,Gaba Inc,Pune,3.8,88,Seller Fulfilled,2022-07-02
SELL02553,Nath Ltd,Hyderabad,3.5,83,Seller Fulfilled,2023-02-16
SELL02554,Toor-Behl,Pune,4.5,173,Platform Fulfilled,2019-12-12
SELL02555,"Buch, Mutti and Kannan",Hyderabad,5.0,97,Seller Fulfilled,2019-05-13
SELL02556,Pandey PLC,Surat,4.1,309,Platform Fulfilled,2021-07-31
SELL02557,Buch-Chand,Kolkata,3.3,26,Seller Fulfilled,2023-07-05
SELL02558,Vaidya Group,Hyderabad,3.6,275,Seller Fulfilled,2019-02-10
SELL02559,Rajagopalan Ltd,Chennai,3.3,272,Platform Fulfilled,2020-12-25
SELL02560,Batta Ltd,Surat,4.9,429,Seller Fulfilled,2023-10-11
SELL02561,Sharma PLC,Surat,4.9,414,Seller Fulfilled,2022-03-15
SELL02562,Zachariah-Radhakrishnan,Delhi,3.8,59,Seller Fulfilled,2023-01-19
SELL02563,Khalsa-Deshpande,Pune,3.2,292,Platform Fulfilled,2022-08-15
SELL02564,Narasimhan-Shroff,Chennai,2.4,367,Platform Fulfilled,2019-02-18
SELL02565,Sandhu Inc,Pune,3.4,307,Seller Fulfilled,2020-09-13
SELL02566,"Aurora, Vyas and Bhasin",Ahmedabad,4.7,492,Platform Fulfilled,2020-05-29
SELL02567,"Sachdeva, Nadkarni and Loke",Chennai,3.6,126,Seller Fulfilled,2021-10-06
SELL02568,"Pradhan, Chhabra and Kaur",Hyderabad,4.7,72,Seller Fulfilled,2021-12-14
SELL02569,"Krishna, Sekhon and Setty",Ahmedabad,3.2,203,Seller Fulfilled,2022-08-19
SELL02570,Chacko-Dada,Hyderabad,3.4,474,Seller Fulfilled,2021-07-10
SELL02571,"Mani, Saxena and Pradhan",Surat,4.2,296,Platform Fulfilled,2019-10-12
SELL02572,Singhal-Mitter,Delhi,3.2,89,Seller Fulfilled,2021-06-24
SELL02573,Maharaj Group,Delhi,4.1,479,Platform Fulfilled,2020-01-16
SELL02574,Nath-Rajagopal,Bangalore,3.3,196,Seller Fulfilled,2023-11-02
SELL02575,"Badal, Chand and Morar",Chennai,4.1,174,Seller Fulfilled,2020-11-28
SELL02576,Chad-Peri,Surat,3.2,336,Platform Fulfilled,2022-09-24
SELL02577,Gera-Bali,Surat,3.9,70,Seller Fulfilled,2022-04-09
SELL02578,Bhatt and Sons,Mumbai,4.4,330,Seller Fulfilled,2019-06-13
SELL02579,Comar-Khanna,Bangalore,4.4,439,Seller Fulfilled,2019-05-30
SELL02580,Din LLC,Pune,3.2,172,Seller Fulfilled,2021-12-21
SELL02581,Om-Talwar,Ahmedabad,2.8,473,Seller Fulfilled,2019-09-13
SELL02582,Sani PLC,Surat,3.4,170,Seller Fulfilled,2022-07-02
SELL02583,"Sarin, Datta and Mahajan",Mumbai,3.0,169,Platform Fulfilled,2022-06-15
SELL02584,Setty-Krish,Delhi,4.5,73,Platform Fulfilled,2019-09-17
SELL02585,Bath-Pillay,Surat,2.9,236,Seller Fulfilled,2022-12-19
SELL02586,Sundaram-Deshpande,Delhi,3.2,382,Seller Fulfilled,2022-07-15
SELL02587,Barman and Sons,Bangalore,4.4,414,Platform Fulfilled,2019-12-15
SELL02588,"Chowdhury, Vaidya and Chander",Hyderabad,4.0,402,Platform Fulfilled,2021-01-16
SELL02589,Raval-Puri,Delhi,5.0,190,Seller Fulfilled,2022-11-27
SELL02590,"Malhotra, Shanker and Char",Bangalore,3.2,42,Platform Fulfilled,2023-03-20
SELL02591,"Tiwari, Dey and Rajagopalan",Chennai,2.8,275,Platform Fulfilled,2020-03-05
SELL02592,"Gaba, Bhalla and Deshpande",Bangalore,3.6,295,Seller Fulfilled,2019-05-06
SELL02593,Dugal-Bera,Delhi,3.5,366,Platform Fulfilled,2022-06-11
SELL02594,Konda PLC,Bangalore,4.0,341,Seller Fulfilled,2022-12-06
SELL02595,Saraf PLC,Pune,3.1,351,Platform Fulfilled,2020-05-24
SELL02596,"Soman, Raja and Tandon",Bangalore,4.1,132,Seller Fulfilled,2022-02-10
SELL02597,Mohanty Group,Hyderabad,3.7,111,Seller Fulfilled,2021-10-15
SELL02598,Grewal PLC,Chennai,4.7,324,Seller Fulfilled,2023-03-19
SELL02599,"Kulkarni, Murty and Balan",Hyderabad,4.4,392,Seller Fulfilled,2021-11-24
SELL02600,"Mander, Dua and Sheth",Delhi,3.7,327,Seller Fulfilled,2020-01-16
SELL02601,Mitter-Solanki,Surat,3.6,144,Seller Fulfilled,2022-04-19
SELL02602,Sarin-Upadhyay,Delhi,3.8,474,Seller Fulfilled,2020-07-30
SELL02603,Goel and Sons,Kolkata,3.0,442,Seller Fulfilled,2023-06-18
SELL02604,Modi and Sons,Pune,3.6,82,Platform Fulfilled,2019-03-27
SELL02605,"Ghose, Lala and Peri",Surat,4.0,62,Seller Fulfilled,2020-09-13
SELL02606,"Krishnan, Dhaliwal and Hans",Ahmedabad,4.3,147,Seller Fulfilled,2020-07-05
SELL02607,Ramesh-Purohit,Pune,4.9,157,Seller Fulfilled,2022-12-01
SELL02608,Majumdar Group,Delhi,4.9,431,Platform Fulfilled,2022-07-11
SELL02609,"Deshmukh, Kata and Jani",Delhi,4.7,287,Seller Fulfilled,2020-02-06
SELL02610,Sem PLC,Delhi,3.4,300,Seller Fulfilled,2021-05-16
SELL02611,Varkey PLC,Ahmedabad,4.3,496,Seller Fulfilled,2019-02-11
SELL02612,D’Alia Group,Delhi,4.1,484,Seller Fulfilled,2020-07-06
SELL02613,Modi-Iyer,Delhi,4.5,397,Platform Fulfilled,2022-02-24
SELL02614,Jayaraman-Nagy,Bangalore,4.5,390,Seller Fulfilled,2020-12-19
SELL02615,"Thakur, Batta and Mistry",Kolkata,3.4,396,Platform Fulfilled,2021-07-21
SELL02616,"Sarin, Vyas and Chahal",Surat,4.2,437,Platform Fulfilled,2021-04-03
SELL02617,Din Group,Ahmedabad,3.7,316,Seller Fulfilled,2023-04-06
SELL02618,"Goda, Deep and Chandra",Surat,4.8,296,Seller Fulfilled,2021-08-14
SELL02619,"Sant, Soman and De",Delhi,3.1,226,Platform Fulfilled,2020-04-17
SELL02620,Dhingra-Andra,Delhi,3.8,214,Platform Fulfilled,2021-12-24
SELL02621,Joshi-Murthy,Chennai,4.3,343,Platform Fulfilled,2020-10-29
SELL02622,"Pathak, Bhandari and Viswanathan",Pune,4.2,281,Platform Fulfilled,2023-08-03
SELL02623,Gaba-Khalsa,Mumbai,2.9,437,Seller Fulfilled,2020-10-23
SELL02624,Bhatt and Sons,Delhi,4.3,17,Platform Fulfilled,2019-07-07
SELL02625,Pingle and Sons,Chennai,4.4,252,Seller Fulfilled,2022-02-04
SELL02626,Rana-Sane,Chennai,3.1,448,Platform Fulfilled,2021-07-14
SELL02627,"Mammen, Varty and Rao",Surat,3.9,142,Seller Fulfilled,2021-05-26
SELL02628,"Bhagat, Hayre and Mukhopadhyay",Mumbai,4.0,16,Seller Fulfilled,2022-05-21
SELL02629,Walia-Dass,Kolkata,3.5,143,Seller Fulfilled,2022-11-25
SELL02630,Kapur-Khatri,Pune,3.7,457,Platform Fulfilled,2020-08-04
SELL02631,Swaminathan Ltd,Mumbai,2.0,403,Platform Fulfilled,2020-06-06
SELL02632,Pillai Ltd,Hyderabad,4.6,488,Platform Fulfilled,2023-04-01
SELL02633,Iyengar and Sons,Ahmedabad,3.8,303,Seller Fulfilled,2020-02-20
SELL02634,Gade-Kara,Ahmedabad,4.1,340,Seller Fulfilled,2022-04-12
SELL02635,Bath-Acharya,Delhi,3.4,72,Seller Fulfilled,2022-07-25
SELL02636,Parikh-Halder,Pune,3.1,211,Platform Fulfilled,2021-07-03
SELL02637,Madan Group,Bangalore,4.1,105,Seller Fulfilled,2019-08-16
SELL02638,Suresh-Dhaliwal,Mumbai,4.1,43,Seller Fulfilled,2019-12-06
SELL02639,Barad PLC,Pune,3.1,161,Seller Fulfilled,2021-01-19
SELL02640,"Iyengar, Mittal and Natt",Bangalore,3.5,301,Seller Fulfilled,2019-09-18
SELL02641,Vora-Sharaf,Pune,4.1,425,Seller Fulfilled,2019-05-13
SELL02642,"Chahal, Dewan and Chaudhari",Ahmedabad,4.6,13,Seller Fulfilled,2021-06-09
SELL02643,Desai-Borra,Bangalore,2.8,10,Seller Fulfilled,2023-08-03
SELL02644,"Lall, Nagar and Jain",Surat,3.6,311,Seller Fulfilled,2022-11-28
SELL02645,Dave Ltd,Pune,4.8,384,Platform Fulfilled,2023-07-26
SELL02646,"Borra, Konda and Deshmukh",Mumbai,3.2,309,Platform Fulfilled,2023-01-08
SELL02647,Saraf-Dutta,Chennai,4.0,460,Seller Fulfilled,2019-10-27
SELL02648,Jhaveri-Nagarajan,Surat,3.1,328,Seller Fulfilled,2023-09-30
SELL02649,"Rao, Iyengar and Rai",Mumbai,3.2,57,Seller Fulfilled,2023-10-01
SELL02650,"Dar, Chaudhary and Yohannan",Chennai,3.8,175,Seller Fulfilled,2022-08-01
SELL02651,Kunda Inc,Hyderabad,4.4,147,Platform Fulfilled,2021-05-12
SELL02652,Lala-Reddy,Delhi,3.3,268,Seller Fulfilled,2023-10-13
SELL02653,"Master, Nori and Khare",Pune,4.1,222,Seller Fulfilled,2019-05-03
SELL02654,"Vaidya, Kulkarni and Devan",Bangalore,5.0,406,Platform Fulfilled,2022-02-12
SELL02655,"Bhasin, Tandon and Sane",Hyderabad,3.6,374,Seller Fulfilled,2022-11-25
SELL02656,Sood Inc,Bangalore,4.3,93,Seller Fulfilled,2020-02-03
SELL02657,Rajagopalan LLC,Bangalore,3.8,140,Seller Fulfilled,2023-06-30
SELL02658,Babu Inc,Kolkata,4.1,103,Platform Fulfilled,2022-11-07
SELL02659,"Bhagat, Sule and Dora",Delhi,4.5,345,Platform Fulfilled,2020-03-21
SELL02660,"Nath, Morar and Singhal",Mumbai,2.8,54,Seller Fulfilled,2022-04-21
SELL02661,"Chand, Ganesan and Gera",Delhi,4.0,447,Seller Fulfilled,2020-02-26
SELL02662,Lall Inc,Mumbai,2.6,416,Seller Fulfilled,2022-06-03
SELL02663,Patla-Kalla,Pune,5.0,127,Platform Fulfilled,2021-01-11
SELL02664,"Kamdar, Pandya and Bassi",Surat,4.4,452,Seller Fulfilled,2021-05-16
SELL02665,Hans and Sons,Kolkata,4.1,169,Platform Fulfilled,2022-08-05
SELL02666,Keer Ltd,Kolkata,3.5,126,Seller Fulfilled,2022-10-20
SELL02667,Wali-Kunda,Kolkata,3.9,144,Platform Fulfilled,2023-09-08
SELL02668,"Tak, Gera and Narasimhan",Ahmedabad,3.5,233,Platform Fulfilled,2020-05-22
SELL02669,Dhar-Saini,Mumbai,4.5,178,Platform Fulfilled,2022-03-18
SELL02670,"Raja, Varty and Modi",Chennai,4.0,133,Platform Fulfilled,2020-02-13
SELL02671,Samra-Chander,Pune,3.9,379,Seller Fulfilled,2021-01-28
SELL02672,Mistry-Guha,Delhi,3.9,386,Seller Fulfilled,2021-09-05
SELL02673,Oommen-Apte,Surat,4.7,263,Seller Fulfilled,2021-10-31
SELL02674,Soni-Thakkar,Pune,3.7,280,Seller Fulfilled,2022-07-07
SELL02675,Pradhan-Narasimhan,Delhi,4.1,112,Seller Fulfilled,2022-04-26
SELL02676,Dugar-Parmar,Delhi,4.2,8,Seller Fulfilled,2020-06-06
SELL02677,Reddy-Sachdeva,Bangalore,5.0,157,Platform Fulfilled,2019-03-28
SELL02678,Kumer Group,Pune,3.7,394,Seller Fulfilled,2019-12-13
SELL02679,Suri-Goswami,Chennai,4.3,499,Seller Fulfilled,2022-03-20
SELL02680,Halder LLC,Kolkata,4.3,60,Seller Fulfilled,2021-01-03
SELL02681,Vyas and Sons,Pune,5.0,281,Seller Fulfilled,2023-02-09
SELL02682,"Panchal, Dani and Mane",Mumbai,4.1,10,Seller Fulfilled,2019-08-02
SELL02683,Mangat and Sons,Surat,3.8,480,Seller Fulfilled,2020-09-01
SELL02684,Shanker-Mammen,Ahmedabad,3.9,413,Platform Fulfilled,2023-10-25
SELL02685,Pandit Inc,Hyderabad,2.5,439,Platform Fulfilled,2022-12-07
SELL02686,"Nair, Nadkarni and Khalsa",Hyderabad,3.7,249,Seller Fulfilled,2021-08-07
SELL02687,"Kamdar, Lala and Chadha",Surat,4.6,198,Seller Fulfilled,2023-07-29
SELL02688,"Nori, Pingle and Malhotra",Chennai,4.6,259,Platform Fulfilled,2023-07-20
SELL02689,"Oza, Mandal and Prasad",Hyderabad,4.0,406,Seller Fulfilled,2023-11-10
SELL02690,Raman-Sarkar,Delhi,3.2,237,Platform Fulfilled,2020-10-04
SELL02691,Bhagat-Saraf,Bangalore,3.0,209,Platform Fulfilled,2019-03-28
SELL02692,Bhalla-Nair,Hyderabad,3.0,120,Platform Fulfilled,2019-09-11
SELL02693,Sagar-Dey,Mumbai,4.1,176,Seller Fulfilled,2020-06-20
SELL02694,Salvi PLC,Kolkata,3.2,158,Seller Fulfilled,2021-07-22
SELL02695,"Deshmukh, Goswami and Koshy",Mumbai,4.1,55,Seller Fulfilled,2021-03-05
SELL02696,Sanghvi Inc,Kolkata,3.9,370,Platform Fulfilled,2022-08-19
SELL02697,Tella-Ben,Pune,5.0,275,Seller Fulfilled,2020-05-07
SELL02698,"Goswami, Dayal and Varughese",Kolkata,4.5,274,Platform Fulfilled,2023-01-07
SELL02699,"Rastogi, Manne and Subramaniam",Delhi,3.8,64,Seller Fulfilled,2023-07-06
SELL02700,Ghose Inc,Surat,4.0,98,Seller Fulfilled,2023-05-07
SELL02701,"Talwar, Rajan and Dugar",Hyderabad,3.6,202,Seller Fulfilled,2019-07-30
SELL02702,"Banerjee, Lall and Ramakrishnan",Mumbai,3.1,75,Platform Fulfilled,2020-10-10
SELL02703,Upadhyay-Chaudhry,Kolkata,3.1,208,Platform Fulfilled,2022-10-08
SELL02704,Chandra Ltd,Ahmedabad,3.4,196,Platform Fulfilled,2021-05-26
SELL02705,Ratta Ltd,Bangalore,4.7,411,Seller Fulfilled,2021-04-30
SELL02706,Prakash-Bath,Mumbai,4.5,65,Seller Fulfilled,2023-01-02
SELL02707,"Shankar, Krishnan and Tak",Delhi,4.7,358,Platform Fulfilled,2021-10-14
SELL02708,"Chaudhari, Thakur and Dalal",Delhi,3.7,474,Platform Fulfilled,2019-02-03
SELL02709,"Sharma, Kunda and Rattan",Chennai,4.3,46,Platform Fulfilled,2019-10-17
SELL02710,Nigam Inc,Pune,5.0,452,Seller Fulfilled,2020-04-04
SELL02711,More-Borah,Ahmedabad,3.8,203,Platform Fulfilled,2019-10-25
SELL02712,"Sarna, Dugar and Barad",Pune,2.9,204,Seller Fulfilled,2019-01-19
SELL02713,"Bhatti, Parmer and Dar",Kolkata,3.1,406,Platform Fulfilled,2022-05-14
SELL02714,"Sarin, Mandal and Rajagopalan",Surat,4.5,80,Seller Fulfilled,2023-05-18
SELL02715,"Khosla, De and Virk",Pune,3.0,490,Platform Fulfilled,2023-06-10
SELL02716,Padmanabhan-Acharya,Bangalore,3.5,450,Platform Fulfilled,2021-06-06
SELL02717,Sastry-Chadha,Delhi,3.6,194,Platform Fulfilled,2023-04-18
SELL02718,"Magar, Ramaswamy and Sur",Pune,3.5,482,Seller Fulfilled,2022-03-17
SELL02719,Comar-Bala,Bangalore,3.8,265,Seller Fulfilled,2020-10-18
SELL02720,Shankar-Vora,Pune,4.5,170,Seller Fulfilled,2021-02-11
SELL02721,Gandhi-Gaba,Hyderabad,3.9,363,Seller Fulfilled,2019-10-12
SELL02722,"Chahal, Khosla and Narang",Ahmedabad,3.8,15,Platform Fulfilled,2021-11-30
SELL02723,Mannan Ltd,Kolkata,3.4,357,Platform Fulfilled,2021-02-01
SELL02724,"Bawa, Chaudhuri and Puri",Pune,5.0,359,Platform Fulfilled,2019-09-13
SELL02725,Bahl Group,Hyderabad,3.8,450,Seller Fulfilled,2020-11-23
SELL02726,Rama-Mangal,Hyderabad,4.4,389,Seller Fulfilled,2023-04-07
SELL02727,Sura-Kara,Ahmedabad,3.7,219,Seller Fulfilled,2020-01-26
SELL02728,"Karpe, Johal and Chand",Kolkata,3.1,339,Seller Fulfilled,2019-04-04
SELL02729,Swamy PLC,Ahmedabad,4.0,413,Seller Fulfilled,2020-10-07
SELL02730,"Choudhury, Zachariah and Buch",Kolkata,3.2,170,Seller Fulfilled,2019-03-17
SELL02731,"Mitter, Badami and Naik",Mumbai,4.0,26,Seller Fulfilled,2021-07-06
SELL02732,Pant Ltd,Chennai,2.7,283,Seller Fulfilled,2021-05-19
SELL02733,Wable-Natarajan,Surat,2.8,23,Platform Fulfilled,2020-11-29
SELL02734,Varma-Vohra,Pune,4.0,326,Seller Fulfilled,2021-03-22
SELL02735,Gour-Walla,Delhi,3.7,424,Seller Fulfilled,2021-08-30
SELL02736,Comar and Sons,Pune,4.1,441,Seller Fulfilled,2021-09-01
SELL02737,Bhatia-Kanda,Surat,3.3,256,Seller Fulfilled,2022-03-28
SELL02738,Om-Swamy,Delhi,3.3,116,Seller Fulfilled,2020-10-01
SELL02739,"Khare, Handa and Sandhu",Delhi,3.2,59,Platform Fulfilled,2020-08-19
SELL02740,"Garde, Natt and Ramakrishnan",Ahmedabad,3.9,90,Seller Fulfilled,2023-12-02
SELL02741,Parmer-Rana,Kolkata,3.5,343,Seller Fulfilled,2020-09-25
SELL02742,Dutta Ltd,Chennai,4.1,158,Platform Fulfilled,2023-10-09
SELL02743,"Bala, Sridhar and Chand",Mumbai,3.8,431,Seller Fulfilled,2022-05-21
SELL02744,Dixit-Chhabra,Hyderabad,3.9,383,Seller Fulfilled,2019-02-01
SELL02745,Boase-Chaudry,Bangalore,5.0,486,Platform Fulfilled,2022-04-21
SELL02746,Bava-Vala,Mumbai,4.2,342,Seller Fulfilled,2020-07-25
SELL02747,"Gera, Shankar and Natarajan",Bangalore,3.1,354,Platform Fulfilled,2022-05-07
SELL02748,Rai-Uppal,Bangalore,3.2,249,Seller Fulfilled,2023-11-17
SELL02749,Gopal-Sheth,Chennai,4.3,480,Seller Fulfilled,2022-02-08
SELL02750,"Lanka, Apte and Basu",Hyderabad,2.8,485,Seller Fulfilled,2021-11-16
SELL02751,"Date, Tak and Jayaraman",Delhi,4.7,185,Platform Fulfilled,2020-01-08
SELL02752,"Dutta, Shenoy and Jain",Pune,4.2,455,Platform Fulfilled,2019-09-14
SELL02753,Sani-Dave,Hyderabad,3.8,121,Seller Fulfilled,2023-03-19
SELL02754,"Suri, Tripathi and Deo",Mumbai,4.4,219,Platform Fulfilled,2019-12-14
SELL02755,Bhandari PLC,Surat,4.3,340,Seller Fulfilled,2021-07-27
SELL02756,Som Inc,Bangalore,3.1,302,Platform Fulfilled,2023-07-18
SELL02757,Padmanabhan and Sons,Ahmedabad,4.4,151,Seller Fulfilled,2019-01-10
SELL02758,Kumar-Walia,Ahmedabad,3.8,204,Seller Fulfilled,2023-07-19
SELL02759,Desai-Nori,Hyderabad,3.8,404,Platform Fulfilled,2022-02-28
SELL02760,Sawhney-Palan,Surat,3.4,177,Platform Fulfilled,2021-03-13
SELL02761,Roy LLC,Ahmedabad,3.3,166,Seller Fulfilled,2023-08-24
SELL02762,"Barad, Soman and Sandal",Pune,4.4,95,Seller Fulfilled,2023-01-14
SELL02763,Sagar-Bandi,Mumbai,4.3,41,Platform Fulfilled,2019-07-12
SELL02764,"Grewal, Pillay and Vyas",Delhi,2.9,131,Seller Fulfilled,2020-12-17
SELL02765,Chand-Mand,Hyderabad,3.7,427,Seller Fulfilled,2019-03-19
SELL02766,Biswas PLC,Ahmedabad,5.0,415,Platform Fulfilled,2021-03-11
SELL02767,Varghese LLC,Bangalore,2.7,250,Seller Fulfilled,2023-04-15
SELL02768,Toor-Mitra,Hyderabad,3.5,342,Seller Fulfilled,2021-09-25
SELL02769,Chada Group,Bangalore,3.1,154,Platform Fulfilled,2020-05-31
SELL02770,"Srinivasan, Ratta and Morar",Chennai,4.3,486,Seller Fulfilled,2021-08-30
SELL02771,Kurian and Sons,Delhi,3.7,152,Seller Fulfilled,2020-01-22
SELL02772,"Bumb, Raval and Soman",Ahmedabad,2.0,71,Platform Fulfilled,2020-04-24
SELL02773,Pradhan-Peri,Kolkata,4.1,170,Seller Fulfilled,2023-03-28
SELL02774,Misra Group,Surat,3.2,350,Seller Fulfilled,2022-10-11
SELL02775,Rege Ltd,Ahmedabad,2.7,151,Seller Fulfilled,2022-09-02
SELL02776,Sawhney and Sons,Ahmedabad,5.0,431,Platform Fulfilled,2020-09-03
SELL02777,Borra-Sethi,Bangalore,3.3,378,Seller Fulfilled,2019-11-05
SELL02778,"Gola, Khatri and Cherian",Delhi,4.4,383,Seller Fulfilled,2022-02-22
SELL02779,Bava PLC,Surat,4.0,231,Platform Fulfilled,2023-01-10
SELL02780,Sachdev-Kapadia,Ahmedabad,3.1,309,Platform Fulfilled,2022-02-05
SELL02781,Bhatia and Sons,Mumbai,3.7,398,Seller Fulfilled,2019-12-09
SELL02782,"Madan, Chakraborty and Pillay",Ahmedabad,5.0,362,Platform Fulfilled,2021-12-19
SELL02783,"Tata, Sood and Babu",Ahmedabad,2.6,9,Platform Fulfilled,2023-04-09
SELL02784,"Mani, Dugal and Shankar",Hyderabad,5.0,289,Seller Fulfilled,2023-03-10
SELL02785,Oommen-Lad,Pune,3.9,432,Seller Fulfilled,2019-03-09
SELL02786,"Dubey, Rege and Sagar",Hyderabad,3.1,102,Platform Fulfilled,2019-08-14
SELL02787,"Mall, Konda and Vig",Hyderabad,3.5,256,Platform Fulfilled,2023-08-10
SELL02788,Sagar-Khalsa,Hyderabad,4.2,98,Seller Fulfilled,2021-02-09
SELL02789,Sibal and Sons,Delhi,4.7,68,Seller Fulfilled,2023-02-19
SELL02790,"Bhatnagar, Johal and Kapadia",Mumbai,3.0,243,Platform Fulfilled,2022-10-24
SELL02791,Kaur-Bera,Bangalore,4.4,235,Seller Fulfilled,2021-02-26
SELL02792,"Doshi, Bhatt and Agarwal",Kolkata,4.5,150,Seller Fulfilled,2023-02-07
SELL02793,"Borra, Misra and Sandal",Pune,3.8,85,Platform Fulfilled,2021-01-13
SELL02794,Mishra-Talwar,Kolkata,3.4,212,Platform Fulfilled,2020-01-23
SELL02795,Parsa Ltd,Pune,3.7,355,Platform Fulfilled,2022-01-21
SELL02796,Soni-Mukhopadhyay,Chennai,3.3,220,Platform Fulfilled,2023-05-02
SELL02797,"Sridhar, Rajagopal and Vyas",Delhi,4.0,404,Seller Fulfilled,2020-12-08
SELL02798,Venkataraman-Oommen,Ahmedabad,4.2,240,Platform Fulfilled,2020-12-31
SELL02799,Krishna-Sama,Bangalore,3.8,494,Seller Fulfilled,2023-03-27
SELL02800,Agrawal and Sons,Pune,4.6,399,Seller Fulfilled,2023-04-01
SELL02801,Sengupta PLC,Delhi,3.6,34,Platform Fulfilled,2021-02-09
SELL02802,Ramesh-Johal,Surat,4.8,398,Platform Fulfilled,2023-12-02
SELL02803,Dutt-Verma,Ahmedabad,2.5,222,Seller Fulfilled,2019-01-05
SELL02804,Bajwa-Lanka,Chennai,4.4,341,Platform Fulfilled,2020-01-12
SELL02805,Kale Ltd,Delhi,4.0,91,Platform Fulfilled,2019-09-22
SELL02806,Krishnamurthy LLC,Surat,3.5,480,Seller Fulfilled,2023-11-06
SELL02807,Pathak-Sawhney,Pune,3.5,391,Platform Fulfilled,2023-07-19
SELL02808,Dutta LLC,Ahmedabad,3.2,397,Seller Fulfilled,2020-10-08
SELL02809,Keer-Bora,Hyderabad,4.4,252,Platform Fulfilled,2022-06-22
SELL02810,Prabhu-Kant,Mumbai,4.7,46,Platform Fulfilled,2023-09-03
SELL02811,Kapoor-Pau,Chennai,4.5,484,Seller Fulfilled,2021-07-02
SELL02812,Singh-Murty,Mumbai,4.4,77,Seller Fulfilled,2021-09-01
SELL02813,Hayer-Ghose,Pune,3.8,274,Platform Fulfilled,2023-06-10
SELL02814,Mani-Mody,Delhi,3.9,409,Seller Fulfilled,2019-12-17
SELL02815,Bajwa Ltd,Ahmedabad,4.0,140,Seller Fulfilled,2023-04-15
SELL02816,"Basak, Parekh and Ramaswamy",Ahmedabad,2.6,433,Platform Fulfilled,2022-01-22
SELL02817,"Basak, Subramaniam and Andra",Bangalore,3.3,49,Platform Fulfilled,2021-08-03
SELL02818,"Gopal, Sandal and Thaker",Ahmedabad,3.6,33,Seller Fulfilled,2022-09-02
SELL02819,"Ahluwalia, Choudhry and Seth",Bangalore,4.0,367,Seller Fulfilled,2020-08-15
SELL02820,"Lata, Prashad and Mann",Hyderabad,4.7,380,Seller Fulfilled,2019-06-02
SELL02821,"Bhargava, Batta and Mitter",Pune,2.4,171,Seller Fulfilled,2019-09-16
SELL02822,Boase-Dey,Hyderabad,3.0,273,Seller Fulfilled,2020-07-01
SELL02823,Modi-Kalla,Delhi,4.7,78,Platform Fulfilled,2023-06-10
SELL02824,Raju-Badal,Pune,5.0,338,Platform Fulfilled,2021-06-11
SELL02825,Kothari PLC,Kolkata,3.6,302,Seller Fulfilled,2019-08-12
SELL02826,Pau Ltd,Bangalore,4.5,46,Seller Fulfilled,2020-02-09
SELL02827,"Chander, Bhattacharyya and Vohra",Chennai,3.9,71,Platform Fulfilled,2020-09-09
SELL02828,Gopal-D’Alia,Hyderabad,4.3,26,Seller Fulfilled,2020-06-25
SELL02829,Nayar-Vig,Surat,3.9,211,Seller Fulfilled,2019-01-30
SELL02830,"Chander, Modi and Hans",Delhi,5.0,325,Platform Fulfilled,2023-11-15
SELL02831,"Munshi, Mallick and Walla",Ahmedabad,4.5,389,Seller Fulfilled,2020-11-04
SELL02832,"Seshadri, Venkatesh and Biswas",Bangalore,4.7,396,Platform Fulfilled,2020-05-23
SELL02833,Modi-Dhaliwal,Chennai,3.4,431,Platform Fulfilled,2019-12-13
SELL02834,Dasgupta-Sarkar,Ahmedabad,4.0,58,Platform Fulfilled,2022-01-10
SELL02835,Koshy-Sinha,Pune,3.4,212,Seller Fulfilled,2020-06-04
SELL02836,Hegde-Mukhopadhyay,Mumbai,4.7,18,Platform Fulfilled,2019-03-19
SELL02837,Baria-Malhotra,Hyderabad,4.4,382,Seller Fulfilled,2019-11-09
SELL02838,Chandra-Bawa,Hyderabad,4.2,274,Platform Fulfilled,2023-04-27
SELL02839,"Pathak, Pandya and Garde",Mumbai,3.0,414,Platform Fulfilled,2023-03-21
SELL02840,Doshi-Chaudhari,Hyderabad,3.5,315,Seller Fulfilled,2021-08-18
SELL02841,Lad-Om,Ahmedabad,2.9,216,Platform Fulfilled,2021-01-02
SELL02842,"Mistry, Dara and Joshi",Mumbai,3.5,210,Seller Fulfilled,2023-02-16
SELL02843,Rajan LLC,Ahmedabad,3.7,361,Seller Fulfilled,2020-01-01
SELL02844,Lal-Verma,Delhi,3.4,235,Seller Fulfilled,2022-09-19
SELL02845,Gupta and Sons,Pune,2.9,113,Seller Fulfilled,2020-10-07
SELL02846,Chaudhari-Bali,Kolkata,4.2,255,Platform Fulfilled,2021-07-31
SELL02847,Karan Group,Hyderabad,4.3,186,Seller Fulfilled,2021-09-26
SELL02848,Kapadia Group,Mumbai,4.2,382,Seller Fulfilled,2020-02-10
SELL02849,Shenoy PLC,Surat,3.7,34,Platform Fulfilled,2020-05-15
SELL02850,Pal-Dhar,Kolkata,2.9,47,Platform Fulfilled,2019-08-10
SELL02851,Anand Group,Mumbai,3.6,192,Seller Fulfilled,2022-03-24
SELL02852,Maharaj Group,Ahmedabad,4.5,35,Platform Fulfilled,2019-08-11
SELL02853,Chada and Sons,Pune,4.1,187,Seller Fulfilled,2023-04-02
SELL02854,Bera Group,Chennai,4.4,459,Platform Fulfilled,2019-09-30
SELL02855,"Balakrishnan, Sridhar and Batta",Mumbai,4.4,52,Seller Fulfilled,2019-03-05
SELL02856,Bal LLC,Ahmedabad,3.7,264,Seller Fulfilled,2022-10-28
SELL02857,Bail-Ghosh,Surat,3.9,155,Platform Fulfilled,2019-11-20
SELL02858,Goyal Inc,Mumbai,3.7,100,Seller Fulfilled,2021-05-07
SELL02859,Choudhry-Shenoy,Bangalore,4.4,72,Platform Fulfilled,2020-01-21
SELL02860,Lad Group,Kolkata,3.5,347,Seller Fulfilled,2021-06-16
SELL02861,"Bava, Sawhney and Dubey",Bangalore,2.4,485,Seller Fulfilled,2020-08-20
SELL02862,Agrawal-Goyal,Hyderabad,3.6,68,Seller Fulfilled,2021-12-26
SELL02863,"Bhagat, Sha and Prashad",Hyderabad,3.7,455,Seller Fulfilled,2021-01-01
SELL02864,"Salvi, Saraf and Batra",Mumbai,5.0,101,Platform Fulfilled,2021-09-15
SELL02865,Narain and Sons,Surat,5.0,83,Seller Fulfilled,2021-03-02
SELL02866,"Setty, Amble and Basak",Kolkata,3.8,381,Seller Fulfilled,2022-12-10
SELL02867,"Tella, Sood and Datta",Bangalore,5.0,320,Platform Fulfilled,2023-03-27
SELL02868,"Yohannan, Gopal and Thakur",Ahmedabad,2.7,359,Seller Fulfilled,2023-04-19
SELL02869,Chawla-Padmanabhan,Delhi,3.2,177,Platform Fulfilled,2020-01-03
SELL02870,Krishna Ltd,Hyderabad,1.8,479,Platform Fulfilled,2020-09-16
SELL02871,Guha-Kaur,Mumbai,4.4,365,Seller Fulfilled,2022-06-04
SELL02872,More-Bandi,Kolkata,4.4,148,Platform Fulfilled,2019-06-22
SELL02873,Ganesh-Gill,Ahmedabad,3.0,261,Seller Fulfilled,2019-11-30
SELL02874,Dhar-Nagar,Surat,4.3,310,Platform Fulfilled,2020-06-28
SELL02875,"Walla, Merchant and Pandit",Hyderabad,4.1,272,Platform Fulfilled,2023-02-27
SELL02876,Uppal LLC,Mumbai,4.0,150,Platform Fulfilled,2021-10-10
SELL02877,Balakrishnan-Batta,Surat,3.7,173,Seller Fulfilled,2019-05-03
SELL02878,"Gala, Chandran and Shanker",Kolkata,4.2,297,Seller Fulfilled,2020-08-26
SELL02879,Kala-Tata,Mumbai,4.7,310,Seller Fulfilled,2023-08-05
SELL02880,"Arya, Dugal and Chaudhry",Mumbai,3.7,251,Platform Fulfilled,2021-03-15
SELL02881,Warrior and Sons,Hyderabad,4.4,217,Platform Fulfilled,2022-06-06
SELL02882,Cheema LLC,Ahmedabad,3.4,411,Seller Fulfilled,2019-03-17
SELL02883,Sane-Gera,Delhi,3.6,129,Seller Fulfilled,2020-05-09
SELL02884,Varkey-Kuruvilla,Delhi,4.5,103,Seller Fulfilled,2023-11-01
SELL02885,"Sem, Varkey and Dass",Pune,3.4,188,Seller Fulfilled,2020-08-16
SELL02886,Doctor Inc,Pune,2.3,114,Platform Fulfilled,2020-08-07
SELL02887,Dhawan-Kamdar,Bangalore,5.0,336,Platform Fulfilled,2023-01-25
SELL02888,Wagle PLC,Surat,4.0,110,Seller Fulfilled,2020-01-08
SELL02889,Pathak-Ramachandran,Kolkata,3.5,455,Seller Fulfilled,2023-10-11
SELL02890,"Rao, Amble and Sundaram",Bangalore,3.7,72,Seller Fulfilled,2019-12-21
SELL02891,Khatri-Desai,Chennai,4.0,362,Platform Fulfilled,2020-01-10
SELL02892,"Pradhan, Korpal and Zacharia",Kolkata,4.0,7,Seller Fulfilled,2020-06-11
SELL02893,"Mukhopadhyay, Talwar and Dyal",Pune,3.9,320,Platform Fulfilled,2019-02-25
SELL02894,Saran-Balakrishnan,Hyderabad,3.8,321,Seller Fulfilled,2022-09-07
SELL02895,Chauhan-Kade,Ahmedabad,3.3,442,Seller Fulfilled,2020-09-16
SELL02896,Palla-Magar,Delhi,3.4,146,Seller Fulfilled,2019-08-21
SELL02897,Mandal-Chandran,Kolkata,3.4,326,Seller Fulfilled,2020-09-30
SELL02898,Jhaveri-Balay,Ahmedabad,3.3,477,Seller Fulfilled,2021-08-10
SELL02899,"Salvi, Gokhale and Mitter",Bangalore,3.4,218,Seller Fulfilled,2023-11-20
SELL02900,Aggarwal PLC,Hyderabad,5.0,481,Platform Fulfilled,2020-06-24
SELL02901,Warrior-Comar,Pune,4.4,69,Platform Fulfilled,2022-04-30
SELL02902,Khosla LLC,Pune,5.0,364,Seller Fulfilled,2021-08-17
SELL02903,"Balan, Buch and Maharaj",Ahmedabad,3.8,475,Platform Fulfilled,2021-02-06
SELL02904,Swamy-Srivastava,Kolkata,4.7,429,Seller Fulfilled,2020-11-27
SELL02905,Chad-Nath,Surat,2.7,357,Seller Fulfilled,2022-03-02
SELL02906,Seshadri PLC,Pune,5.0,301,Seller Fulfilled,2020-01-23
SELL02907,"Sur, Bera and Vasa",Delhi,3.3,233,Platform Fulfilled,2022-12-03
SELL02908,Walla-Sha,Pune,3.3,27,Seller Fulfilled,2020-02-06
SELL02909,Hans Group,Pune,5.0,129,Seller Fulfilled,2020-08-20
SELL02910,"Chaudry, Ahuja and Varma",Ahmedabad,3.8,80,Platform Fulfilled,2021-12-08
SELL02911,"Buch, Saraf and Agrawal",Kolkata,2.8,51,Platform Fulfilled,2021-12-08
SELL02912,"Kumar, Gulati and Madan",Chennai,5.0,375,Platform Fulfilled,2020-09-14
SELL02913,"Jain, Bahri and Baral",Mumbai,3.2,35,Seller Fulfilled,2023-06-30
SELL02914,"Wadhwa, Issac and Gandhi",Pune,3.6,107,Seller Fulfilled,2019-12-22
SELL02915,Sarna-Varkey,Surat,4.0,286,Platform Fulfilled,2023-09-09
SELL02916,Balay Group,Chennai,4.1,408,Seller Fulfilled,2019-11-05
SELL02917,Yadav Inc,Mumbai,4.0,17,Platform Fulfilled,2021-03-28
SELL02918,"Gandhi, Viswanathan and Randhawa",Pune,2.2,132,Platform Fulfilled,2023-02-06
SELL02919,Nagar Group,Kolkata,2.9,418,Seller Fulfilled,2022-09-06
SELL02920,Date LLC,Pune,4.2,384,Seller Fulfilled,2019-07-05
SELL02921,"Jaggi, Bakshi and Sen",Pune,2.9,167,Platform Fulfilled,2021-05-03
SELL02922,"Dhingra, D’Alia and Boase",Kolkata,2.9,101,Seller Fulfilled,2020-01-12
SELL02923,Mistry Group,Surat,3.7,105,Seller Fulfilled,2020-03-14
SELL02924,Kala-Comar,Hyderabad,5.0,179,Seller Fulfilled,2020-06-18
SELL02925,Upadhyay PLC,Kolkata,3.8,193,Platform Fulfilled,2020-05-23
SELL02926,Kumar and Sons,Bangalore,4.3,79,Platform Fulfilled,2022-10-05
SELL02927,Bali-Vyas,Bangalore,5.0,228,Platform Fulfilled,2020-06-30
SELL02928,"Nath, Bala and Rau",Ahmedabad,4.6,229,Platform Fulfilled,2021-05-01
SELL02929,"Sachdev, Bobal and Mandal",Delhi,3.3,483,Platform Fulfilled,2020-12-26
SELL02930,Swamy-Narang,Kolkata,4.1,296,Seller Fulfilled,2022-11-20
SELL02931,Seth-Jayaraman,Surat,5.0,341,Platform Fulfilled,2019-06-08
SELL02932,"Char, Agrawal and Sekhon",Hyderabad,3.7,91,Seller Fulfilled,2023-07-24
SELL02933,Talwar-Kale,Delhi,3.6,18,Seller Fulfilled,2023-12-02
SELL02934,"Chandra, Kalla and Dubey",Surat,3.8,439,Platform Fulfilled,2020-05-15
SELL02935,"Sama, Nagi and Palan",Surat,3.8,368,Seller Fulfilled,2020-12-15
SELL02936,Handa and Sons,Chennai,4.0,385,Seller Fulfilled,2021-12-17
SELL02937,Mittal-Shanker,Surat,4.3,414,Platform Fulfilled,2022-02-27
SELL02938,Datta Group,Chennai,3.7,423,Seller Fulfilled,2021-09-15
SELL02939,Sathe-Nigam,Hyderabad,4.9,442,Platform Fulfilled,2019-09-16
SELL02940,"Ghosh, Thaker and Srivastava",Kolkata,3.7,461,Seller Fulfilled,2020-10-02
SELL02941,"Sekhon, Kuruvilla and Bhavsar",Ahmedabad,3.9,326,Platform Fulfilled,2021-04-11
SELL02942,Balay-Dugar,Mumbai,3.6,467,Platform Fulfilled,2021-09-06
SELL02943,Bumb Group,Surat,1.9,356,Seller Fulfilled,2020-12-23
SELL02944,Dugal-Dubey,Ahmedabad,4.5,463,Seller Fulfilled,2023-05-20
SELL02945,Arora-Nigam,Kolkata,3.1,453,Platform Fulfilled,2021-09-25
SELL02946,"Kuruvilla, Ratti and Chadha",Chennai,3.7,318,Seller Fulfilled,2021-10-16
SELL02947,Sura-Natt,Pune,2.8,205,Seller Fulfilled,2022-01-16
SELL02948,Kashyap-Padmanabhan,Mumbai,3.8,131,Platform Fulfilled,2021-10-04
SELL02949,Muni PLC,Ahmedabad,4.1,35,Seller Fulfilled,2022-05-02
SELL02950,"Sagar, Devi and Nagy",Delhi,3.4,341,Platform Fulfilled,2019-09-12
SELL02951,"Dani, Batta and Joshi",Ahmedabad,3.6,462,Seller Fulfilled,2020-07-08
SELL02952,Sinha PLC,Hyderabad,4.2,480,Platform Fulfilled,2021-06-17
SELL02953,"Sawhney, Rau and Parikh",Bangalore,3.4,127,Platform Fulfilled,2023-11-15
SELL02954,Hayer-Parmer,Delhi,4.1,492,Seller Fulfilled,2020-02-14
SELL02955,Kalita-Narula,Ahmedabad,3.6,227,Seller Fulfilled,2022-10-07
SELL02956,"Sane, Mutti and Mody",Chennai,4.2,392,Seller Fulfilled,2019-07-25
SELL02957,Sood PLC,Kolkata,3.0,413,Platform Fulfilled,2019-07-11
SELL02958,Sridhar and Sons,Hyderabad,3.2,260,Seller Fulfilled,2021-08-27
SELL02959,Kapur-Dada,Ahmedabad,5.0,147,Platform Fulfilled,2021-11-01
SELL02960,Bhandari Inc,Ahmedabad,3.7,326,Seller Fulfilled,2019-10-21
SELL02961,Pai PLC,Mumbai,2.9,239,Seller Fulfilled,2023-04-10
SELL02962,Toor Inc,Bangalore,2.7,65,Platform Fulfilled,2021-04-02
SELL02963,Kunda-Atwal,Hyderabad,4.2,499,Platform Fulfilled,2020-06-27
SELL02964,Kulkarni Ltd,Surat,3.7,11,Seller Fulfilled,2021-03-05
SELL02965,Ray Inc,Surat,4.0,119,Platform Fulfilled,2023-03-07
SELL02966,Balan LLC,Kolkata,3.8,395,Platform Fulfilled,2023-09-02
SELL02967,Chand LLC,Chennai,3.2,312,Platform Fulfilled,2023-05-05
SELL02968,"Kala, Mann and Gade",Bangalore,4.6,278,Seller Fulfilled,2020-03-30
SELL02969,"Konda, Sachdeva and Lad",Kolkata,3.8,236,Seller Fulfilled,2020-05-18
SELL02970,Vaidya PLC,Ahmedabad,4.8,340,Seller Fulfilled,2021-06-28
SELL02971,Kohli PLC,Chennai,5.0,347,Platform Fulfilled,2021-06-27
SELL02972,Barad-De,Pune,5.0,188,Seller Fulfilled,2020-02-16
SELL02973,"Samra, Dalal and Bhat",Mumbai,5.0,312,Platform Fulfilled,2019-07-25
SELL02974,"Goyal, Khalsa and Nadig",Surat,3.8,389,Seller Fulfilled,2021-06-15
SELL02975,Ghosh LLC,Kolkata,3.2,359,Platform Fulfilled,2022-04-30
SELL02976,Sane-Hegde,Chennai,4.9,120,Seller Fulfilled,2021-08-23
SELL02977,Prabhakar LLC,Delhi,5.0,252,Seller Fulfilled,2022-11-25
SELL02978,Desai PLC,Ahmedabad,3.9,9,Seller Fulfilled,2021-10-30
SELL02979,Butala-Dube,Kolkata,3.8,59,Seller Fulfilled,2019-06-19
SELL02980,Loyal and Sons,Ahmedabad,3.8,408,Platform Fulfilled,2022-01-08
SELL02981,Oza-Ramakrishnan,Mumbai,3.7,29,Seller Fulfilled,2021-05-04
SELL02982,"Chatterjee, Chopra and Date",Delhi,3.7,388,Platform Fulfilled,2022-02-04
SELL02983,Gulati Ltd,Bangalore,4.4,348,Seller Fulfilled,2023-09-02
SELL02984,Dhawan-Gala,Hyderabad,4.2,223,Seller Fulfilled,2019-02-07
SELL02985,"Saha, Balakrishnan and Sarkar",Pune,4.1,467,Platform Fulfilled,2022-03-08
SELL02986,Kanda Inc,Hyderabad,3.4,463,Platform Fulfilled,2023-03-08
SELL02987,Borde Inc,Ahmedabad,3.1,102,Seller Fulfilled,2022-07-04
SELL02988,"Jhaveri, Sodhi and Walla",Hyderabad,3.7,355,Platform Fulfilled,2022-10-17
SELL02989,"Krishnan, Lad and Nagi",Bangalore,3.4,330,Platform Fulfilled,2021-11-07
SELL02990,Bhatti-Bhatia,Delhi,4.2,443,Seller Fulfilled,2019-03-28
SELL02991,Borah Ltd,Mumbai,4.1,213,Seller Fulfilled,2021-05-02
SELL02992,Dugar LLC,Pune,2.2,462,Seller Fulfilled,2023-08-21
SELL02993,Madan-Bhalla,Ahmedabad,4.2,239,Seller Fulfilled,2022-02-04
SELL02994,Pandey PLC,Delhi,2.4,212,Platform Fulfilled,2020-05-09
SELL02995,"Sood, Nagar and Kade",Mumbai,4.4,496,Platform Fulfilled,2023-05-04
SELL02996,Wadhwa LLC,Ahmedabad,4.9,188,Platform Fulfilled,2020-05-08
SELL02997,Ram Ltd,Mumbai,4.9,304,Seller Fulfilled,2022-08-20
SELL02998,Gour-Wali,Ahmedabad,3.8,329,Seller Fulfilled,2023-11-13
SELL02999,Goyal PLC,Bangalore,3.6,154,Seller Fulfilled,2019-05-31
SELL03000,Bhargava-Choudhary,Bangalore,2.9,237,Platform Fulfilled,2023-05-23
SELL03001,Badal and Sons,Chennai,3.0,319,Seller Fulfilled,2021-02-10
SELL03002,Goswami-Soni,Pune,4.9,494,Platform Fulfilled,2022-10-09
SELL03003,Borde Inc,Bangalore,3.5,404,Platform Fulfilled,2023-02-14
SELL03004,"Bhandari, Nagar and Rout",Pune,3.7,331,Seller Fulfilled,2022-08-11
SELL03005,Swamy-Karnik,Ahmedabad,5.0,315,Seller Fulfilled,2020-11-03
SELL03006,Sathe-Swamy,Pune,5.0,284,Seller Fulfilled,2021-12-19
SELL03007,Mander-Chand,Kolkata,2.2,23,Seller Fulfilled,2019-08-30
SELL03008,Halder Inc,Hyderabad,4.5,81,Platform Fulfilled,2022-07-27
SELL03009,"Barad, Sane and Chanda",Ahmedabad,3.8,167,Seller Fulfilled,2021-02-28
SELL03010,Kamdar-Choudhary,Hyderabad,3.3,262,Seller Fulfilled,2023-03-28
SELL03011,Chana-Pall,Delhi,4.7,408,Seller Fulfilled,2023-01-12
SELL03012,Zacharia-Rai,Chennai,4.0,422,Seller Fulfilled,2021-06-10
SELL03013,Sawhney-Lall,Ahmedabad,3.1,229,Seller Fulfilled,2020-02-08
SELL03014,Desai LLC,Delhi,4.5,11,Seller Fulfilled,2023-04-16
SELL03015,Parmar and Sons,Kolkata,2.8,97,Platform Fulfilled,2022-11-19
SELL03016,Ramanathan-Bedi,Pune,4.6,326,Seller Fulfilled,2019-12-27
SELL03017,Chand and Sons,Pune,4.2,483,Platform Fulfilled,2021-04-29
SELL03018,Rajagopalan-Manne,Bangalore,3.6,24,Platform Fulfilled,2020-02-14
SELL03019,Shukla Inc,Bangalore,3.1,133,Seller Fulfilled,2022-02-10
SELL03020,"Chaudry, Narayan and Lala",Surat,4.7,238,Platform Fulfilled,2023-04-07
SELL03021,"Deep, Banerjee and Sridhar",Delhi,3.6,137,Platform Fulfilled,2023-09-08
SELL03022,"Bora, Gill and Chander",Hyderabad,4.0,256,Seller Fulfilled,2020-11-05
SELL03023,Kar LLC,Bangalore,2.5,420,Seller Fulfilled,2023-03-13
SELL03024,"Talwar, Mann and Bali",Ahmedabad,4.4,361,Platform Fulfilled,2019-03-14
SELL03025,"Mittal, Kota and Gill",Pune,4.1,199,Platform Fulfilled,2022-07-13
SELL03026,Raghavan Ltd,Surat,3.5,166,Seller Fulfilled,2021-05-26
SELL03027,"Deshmukh, Dalal and De",Delhi,3.3,346,Seller Fulfilled,2021-10-01
SELL03028,"Memon, Sarin and Kala",Surat,5.0,5,Platform Fulfilled,2021-11-14
SELL03029,Rajagopal Inc,Pune,4.7,236,Platform Fulfilled,2020-05-23
SELL03030,"Munshi, Sant and Sankaran",Mumbai,4.2,449,Seller Fulfilled,2023-05-04
SELL03031,Dixit-Jhaveri,Bangalore,4.4,9,Platform Fulfilled,2021-10-20
SELL03032,Apte-Patla,Bangalore,4.1,318,Seller Fulfilled,2022-07-24
SELL03033,"Garde, Singhal and Choudhry",Bangalore,2.8,118,Seller Fulfilled,2021-10-09
SELL03034,Badal-Chopra,Chennai,4.4,312,Seller Fulfilled,2023-11-20
SELL03035,Peri PLC,Kolkata,3.5,170,Platform Fulfilled,2022-10-28
SELL03036,Prabhu-Mane,Mumbai,3.1,142,Platform Fulfilled,2021-02-20
SELL03037,Gandhi and Sons,Hyderabad,4.5,422,Platform Fulfilled,2019-06-08
SELL03038,Vora-Lanka,Mumbai,3.5,37,Platform Fulfilled,2021-08-05
SELL03039,"Ganesan, Mallick and Wali",Mumbai,4.3,39,Seller Fulfilled,2019-04-25
SELL03040,Sarkar Inc,Kolkata,3.1,73,Seller Fulfilled,2022-06-18
SELL03041,"Borde, Comar and Goel",Chennai,4.5,394,Seller Fulfilled,2022-05-01
SELL03042,Tank PLC,Bangalore,3.8,102,Platform Fulfilled,2019-04-15
SELL03043,Kari Inc,Kolkata,4.0,94,Platform Fulfilled,2020-02-15
SELL03044,"Gole, Dass and Brar",Surat,4.3,486,Seller Fulfilled,2021-08-25
SELL03045,Dora-Rout,Surat,3.3,132,Seller Fulfilled,2020-10-17
SELL03046,"Varghese, Kade and Wadhwa",Bangalore,4.5,454,Platform Fulfilled,2020-08-17
SELL03047,"Barman, Badami and Khatri",Hyderabad,4.5,427,Seller Fulfilled,2023-04-20
SELL03048,"Dhar, Dugar and Sibal",Kolkata,4.6,365,Seller Fulfilled,2019-05-13
SELL03049,Narayan LLC,Bangalore,3.3,66,Seller Fulfilled,2023-10-20
SELL03050,Tara-Prakash,Bangalore,3.0,375,Seller Fulfilled,2023-01-28
SELL03051,Baral-Rattan,Ahmedabad,3.9,340,Seller Fulfilled,2021-01-12
SELL03052,Ram PLC,Hyderabad,3.6,407,Platform Fulfilled,2022-02-21
SELL03053,Batra-Sood,Pune,4.5,286,Seller Fulfilled,2021-03-04
SELL03054,"Issac, Bera and Sachdeva",Ahmedabad,4.3,143,Seller Fulfilled,2021-06-11
SELL03055,Babu LLC,Hyderabad,3.6,228,Seller Fulfilled,2021-05-30
SELL03056,Sarna PLC,Chennai,5.0,248,Seller Fulfilled,2020-02-03
SELL03057,Madan-Dutta,Kolkata,4.7,258,Seller Fulfilled,2020-10-15
SELL03058,Misra-Solanki,Pune,3.0,204,Platform Fulfilled,2022-08-28
SELL03059,"Verma, Swaminathan and Lalla",Pune,3.3,68,Seller Fulfilled,2021-10-04
SELL03060,Sastry Ltd,Delhi,5.0,142,Seller Fulfilled,2023-06-14
SELL03061,Borra LLC,Kolkata,3.1,248,Seller Fulfilled,2019-06-05
SELL03062,Sandhu-D’Alia,Kolkata,4.6,340,Seller Fulfilled,2022-05-04
SELL03063,Natt-Ghosh,Surat,4.1,91,Seller Fulfilled,2020-04-09
SELL03064,Keer Inc,Mumbai,4.1,494,Seller Fulfilled,2021-09-18
SELL03065,"Sundaram, Gola and Kade",Mumbai,5.0,408,Platform Fulfilled,2022-08-04
SELL03066,"Kade, Ben and Chhabra",Pune,3.9,335,Platform Fulfilled,2020-05-02
SELL03067,"Vala, Kant and Loke",Bangalore,2.9,188,Seller Fulfilled,2022-07-22
SELL03068,"Tank, Arora and Mohan",Delhi,3.0,452,Seller Fulfilled,2020-10-07
SELL03069,Baral-Samra,Delhi,4.5,286,Platform Fulfilled,2023-10-14
SELL03070,Bava-Minhas,Surat,5.0,153,Platform Fulfilled,2021-02-06
SELL03071,"Aggarwal, Dutta and Khosla",Chennai,3.3,482,Seller Fulfilled,2019-11-01
SELL03072,Devi-Sha,Delhi,5.0,374,Platform Fulfilled,2019-09-26
SELL03073,"Pal, Dar and Mittal",Delhi,4.1,56,Platform Fulfilled,2020-12-21
SELL03074,"Gala, Lanka and Sama",Hyderabad,4.0,191,Seller Fulfilled,2022-01-24
SELL03075,Borra PLC,Surat,2.1,361,Seller Fulfilled,2020-12-04
SELL03076,Keer-Kothari,Hyderabad,2.3,62,Seller Fulfilled,2019-07-20
SELL03077,Thaker-Sant,Kolkata,3.6,290,Seller Fulfilled,2021-11-28
SELL03078,"Patla, Oza and Vora",Hyderabad,4.3,408,Platform Fulfilled,2020-08-31
SELL03079,Thakur-Anand,Delhi,4.8,48,Platform Fulfilled,2023-05-02
SELL03080,"Sen, Sekhon and Khurana",Mumbai,3.7,330,Seller Fulfilled,2019-06-18
SELL03081,Dhawan and Sons,Delhi,3.4,130,Seller Fulfilled,2020-01-05
SELL03082,"Dube, Palla and Gera",Ahmedabad,3.7,309,Platform Fulfilled,2021-03-01
SELL03083,"Kulkarni, Chowdhury and Kota",Delhi,3.8,368,Platform Fulfilled,2021-05-13
SELL03084,"Murty, Agarwal and Sachar",Kolkata,4.6,143,Seller Fulfilled,2021-06-23
SELL03085,Deep LLC,Pune,3.8,360,Seller Fulfilled,2021-05-14
SELL03086,Ramanathan Group,Delhi,3.5,491,Seller Fulfilled,2022-07-22
SELL03087,Chawla-Cherian,Chennai,3.6,468,Seller Fulfilled,2022-02-14
SELL03088,Sarna-Manda,Ahmedabad,3.3,88,Seller Fulfilled,2019-05-23
SELL03089,Agate-Jayaraman,Ahmedabad,3.9,467,Seller Fulfilled,2019-11-30
SELL03090,Yadav-Rana,Chennai,2.9,442,Seller Fulfilled,2019-09-18
SELL03091,Kara-Keer,Ahmedabad,4.4,343,Platform Fulfilled,2020-11-15
SELL03092,"Chokshi, Kibe and Sunder",Kolkata,3.9,309,Platform Fulfilled,2023-06-10
SELL03093,Madan PLC,Bangalore,3.8,186,Platform Fulfilled,2021-03-30
SELL03094,Bhatnagar Ltd,Mumbai,3.0,352,Seller Fulfilled,2021-03-26
SELL03095,Oommen Inc,Chennai,2.5,303,Seller Fulfilled,2023-06-20
SELL03096,"Sani, Bhat and Rana",Delhi,4.7,29,Seller Fulfilled,2023-03-19
SELL03097,"Bansal, Puri and Comar",Ahmedabad,2.4,403,Seller Fulfilled,2022-04-26
SELL03098,"Halder, Thakkar and Walia",Mumbai,3.6,215,Seller Fulfilled,2021-08-04
SELL03099,Nigam-Raj,Hyderabad,3.5,283,Seller Fulfilled,2021-05-31
SELL03100,Bansal Group,Ahmedabad,4.0,476,Seller Fulfilled,2020-02-12
SELL03101,Cherian-Varkey,Chennai,3.4,453,Platform Fulfilled,2020-01-26
SELL03102,Barman-Balan,Pune,2.8,356,Seller Fulfilled,2023-07-01
SELL03103,"Dhar, Kari and De",Mumbai,2.6,289,Seller Fulfilled,2020-04-16
SELL03104,Shanker-Setty,Mumbai,5.0,167,Seller Fulfilled,2019-01-24
SELL03105,Sampath and Sons,Ahmedabad,3.2,323,Platform Fulfilled,2022-01-07
SELL03106,Misra and Sons,Mumbai,3.7,111,Seller Fulfilled,2020-12-08
SELL03107,"Bhargava, Iyer and Patla",Ahmedabad,3.7,61,Seller Fulfilled,2023-01-14
SELL03108,"Ratti, Rana and Bhavsar",Delhi,4.5,311,Seller Fulfilled,2023-06-28
SELL03109,"Morar, Sant and Mann",Ahmedabad,4.1,187,Seller Fulfilled,2022-03-06
SELL03110,Warrior Group,Hyderabad,3.7,499,Platform Fulfilled,2020-02-25
SELL03111,"Apte, Hayer and Chandra",Bangalore,3.1,14,Platform Fulfilled,2019-07-04
SELL03112,Ramakrishnan Inc,Ahmedabad,4.8,183,Seller Fulfilled,2020-06-23
SELL03113,"Rattan, Dugar and Gaba",Pune,3.6,247,Platform Fulfilled,2023-07-16
SELL03114,Joshi-Ray,Ahmedabad,3.4,268,Seller Fulfilled,2020-12-13
SELL03115,Patla-Sura,Ahmedabad,3.6,104,Platform Fulfilled,2020-03-02
SELL03116,Sachar Inc,Delhi,3.2,272,Platform Fulfilled,2022-08-10
SELL03117,Patil Ltd,Pune,3.5,327,Seller Fulfilled,2020-06-25
SELL03118,Chandran-Varty,Mumbai,3.7,391,Seller Fulfilled,2022-04-26
SELL03119,Bava Inc,Bangalore,4.1,335,Seller Fulfilled,2020-01-27
SELL03120,Acharya Group,Mumbai,3.8,479,Seller Fulfilled,2021-02-12
SELL03121,Doshi Inc,Ahmedabad,3.2,279,Platform Fulfilled,2021-12-14
SELL03122,"Cheema, Amble and Kar",Bangalore,3.9,442,Seller Fulfilled,2019-06-19
SELL03123,"Manne, Dhillon and Bail",Chennai,5.0,16,Seller Fulfilled,2020-10-16
SELL03124,"Bir, De and Ahluwalia",Surat,3.4,424,Seller Fulfilled,2023-07-03
SELL03125,"Srinivasan, Choudhary and Thakur",Pune,3.5,422,Platform Fulfilled,2022-11-15
SELL03126,"Sahni, Majumdar and Goswami",Hyderabad,5.0,71,Seller Fulfilled,2020-04-30
SELL03127,"Dey, Kulkarni and Master",Ahmedabad,2.7,119,Seller Fulfilled,2021-05-23
SELL03128,"Balasubramanian, Patil and Sahni",Kolkata,3.5,91,Seller Fulfilled,2019-09-05
SELL03129,Prabhakar-Minhas,Delhi,3.5,314,Platform Fulfilled,2023-03-26
SELL03130,Lad LLC,Ahmedabad,3.7,297,Seller Fulfilled,2023-08-29
SELL03131,Dey Inc,Kolkata,4.1,58,Platform Fulfilled,2020-04-30
SELL03132,Balakrishnan and Sons,Delhi,3.4,236,Seller Fulfilled,2023-10-07
SELL03133,"Keer, Kumar and Kuruvilla",Chennai,3.7,281,Seller Fulfilled,2023-06-10
SELL03134,"Pall, Ahuja and Mody",Ahmedabad,3.1,234,Seller Fulfilled,2019-08-17
SELL03135,"Shah, Loke and Dora",Kolkata,3.7,203,Seller Fulfilled,2021-08-14
SELL03136,Bhakta Inc,Surat,3.8,311,Seller Fulfilled,2020-01-05
SELL03137,Narayanan-Doshi,Pune,3.9,307,Platform Fulfilled,2021-08-24
SELL03138,Sur-Nori,Pune,4.9,193,Seller Fulfilled,2019-08-08
SELL03139,Mall-Dhingra,Hyderabad,3.7,458,Seller Fulfilled,2019-07-04
SELL03140,"Wali, Dutt and Patel",Chennai,3.4,270,Seller Fulfilled,2023-08-12
SELL03141,Sharma-Oza,Chennai,4.0,295,Seller Fulfilled,2021-12-01
SELL03142,"Zachariah, Khatri and Sha",Chennai,4.5,146,Platform Fulfilled,2021-10-23
SELL03143,"Vaidya, Goda and Ratta",Bangalore,3.9,362,Seller Fulfilled,2019-06-04
SELL03144,Sachdeva-Pau,Ahmedabad,4.1,132,Seller Fulfilled,2023-04-22
SELL03145,Kakar and Sons,Hyderabad,3.4,179,Seller Fulfilled,2023-07-11
SELL03146,Acharya Inc,Bangalore,4.7,448,Seller Fulfilled,2021-12-08
SELL03147,"Rau, Gola and Chander",Hyderabad,3.2,137,Platform Fulfilled,2023-02-15
SELL03148,"Dewan, Gera and Narayan",Chennai,4.0,262,Platform Fulfilled,2020-09-14
SELL03149,Kadakia-Halder,Surat,4.3,455,Seller Fulfilled,2020-05-23
SELL03150,Natarajan PLC,Chennai,3.9,400,Seller Fulfilled,2021-11-27
SELL03151,Sankar LLC,Pune,4.4,41,Platform Fulfilled,2020-05-30
SELL03152,Pai Inc,Surat,4.0,479,Platform Fulfilled,2022-12-09
SELL03153,"Malhotra, Buch and Srivastava",Surat,4.7,32,Platform Fulfilled,2020-11-17
SELL03154,Nagar-Anne,Bangalore,4.4,42,Platform Fulfilled,2023-05-01
SELL03155,Sandhu LLC,Surat,4.1,148,Seller Fulfilled,2020-03-15
SELL03156,Ratti LLC,Ahmedabad,3.9,384,Seller Fulfilled,2021-12-17
SELL03157,Kari-Dara,Surat,4.9,19,Seller Fulfilled,2023-11-13
SELL03158,Kuruvilla PLC,Ahmedabad,3.4,258,Seller Fulfilled,2019-02-24
SELL03159,Nayar and Sons,Kolkata,4.3,347,Platform Fulfilled,2022-04-15
SELL03160,Parekh-Agarwal,Chennai,3.8,157,Seller Fulfilled,2019-01-15
SELL03161,Sarma Inc,Delhi,4.0,45,Seller Fulfilled,2022-07-17
SELL03162,"Ranganathan, Ahluwalia and Mital",Hyderabad,3.5,259,Seller Fulfilled,2022-06-19
SELL03163,Bora-Chana,Kolkata,3.8,356,Seller Fulfilled,2022-05-31
SELL03164,"Khalsa, Bhandari and Natt",Pune,3.4,245,Seller Fulfilled,2023-02-11
SELL03165,Ramesh-Dua,Kolkata,4.0,235,Platform Fulfilled,2023-09-13
SELL03166,"Brahmbhatt, Cherian and Bakshi",Chennai,4.0,196,Platform Fulfilled,2019-11-11
SELL03167,Barman Group,Kolkata,4.5,417,Platform Fulfilled,2021-07-24
SELL03168,"Yadav, Sengupta and Nagar",Hyderabad,3.7,197,Platform Fulfilled,2022-02-01
SELL03169,Borde LLC,Surat,3.9,108,Platform Fulfilled,2023-02-24
SELL03170,"Kunda, Narasimhan and Dhar",Kolkata,3.3,198,Seller Fulfilled,2021-07-24
SELL03171,Solanki Ltd,Surat,3.5,394,Seller Fulfilled,2022-06-28
SELL03172,"Patla, Sabharwal and Reddy",Delhi,4.0,383,Seller Fulfilled,2019-12-16
SELL03173,"Sathe, Loyal and Gara",Pune,3.7,6,Seller Fulfilled,2020-10-09
SELL03174,"Deep, Goyal and Bhavsar",Pune,3.7,307,Seller Fulfilled,2020-02-10
SELL03175,"Lal, Narula and Raman",Delhi,4.2,393,Platform Fulfilled,2019-09-23
SELL03176,Kadakia Ltd,Surat,2.9,244,Seller Fulfilled,2019-06-06
SELL03177,Mahal-Sankar,Chennai,3.8,114,Platform Fulfilled,2021-08-31
SELL03178,"Gaba, Khosla and Joshi",Mumbai,4.3,214,Seller Fulfilled,2023-03-03
SELL03179,Menon-Bhavsar,Pune,2.7,465,Seller Fulfilled,2023-04-01
SELL03180,"Rajan, Ranganathan and Hayre",Kolkata,3.1,48,Platform Fulfilled,2021-08-15
SELL03181,Peri Inc,Bangalore,4.6,146,Seller Fulfilled,2022-11-20
SELL03182,Basak-Sodhi,Pune,2.9,247,Seller Fulfilled,2023-05-16
SELL03183,Bera Inc,Ahmedabad,4.5,473,Seller Fulfilled,2023-07-23
SELL03184,"Dugar, Varma and Andra",Mumbai,3.4,470,Seller Fulfilled,2022-12-25
SELL03185,"Madan, Arora and Mahajan",Surat,3.7,18,Platform Fulfilled,2022-10-06
SELL03186,Basu Group,Ahmedabad,5.0,113,Platform Fulfilled,2020-02-20
SELL03187,Hari-Golla,Surat,4.6,361,Platform Fulfilled,2020-03-28
SELL03188,"Gour, Minhas and Nagarajan",Pune,5.0,63,Seller Fulfilled,2021-01-04
SELL03189,"Comar, Chatterjee and Comar",Pune,4.4,117,Seller Fulfilled,2021-11-25
SELL03190,Virk and Sons,Hyderabad,4.0,489,Seller Fulfilled,2021-12-26
SELL03191,"Behl, Gulati and Zacharia",Bangalore,4.6,175,Seller Fulfilled,2020-01-02
SELL03192,Bedi Group,Chennai,4.6,191,Seller Fulfilled,2019-03-08
SELL03193,"Upadhyay, Tiwari and Oza",Chennai,2.4,324,Platform Fulfilled,2022-04-13
SELL03194,"Chahal, Merchant and Tak",Ahmedabad,3.1,332,Platform Fulfilled,2019-09-14
SELL03195,Saini-Banik,Kolkata,3.5,192,Seller Fulfilled,2021-09-22
SELL03196,Anne-Datta,Chennai,3.1,428,Seller Fulfilled,2021-08-06
SELL03197,"Zacharia, Merchant and Muni",Surat,4.1,309,Platform Fulfilled,2019-06-24
SELL03198,Korpal-Bhatti,Chennai,3.4,193,Platform Fulfilled,2022-01-02
SELL03199,"Dada, Ravel and Balan",Hyderabad,4.5,366,Platform Fulfilled,2022-11-03
SELL03200,Murty Ltd,Chennai,3.5,383,Seller Fulfilled,2020-04-01
SELL03201,Sha PLC,Kolkata,4.4,441,Platform Fulfilled,2021-08-02
SELL03202,Shah Ltd,Hyderabad,3.6,112,Seller Fulfilled,2023-02-12
SELL03203,Goyal LLC,Chennai,4.5,408,Platform Fulfilled,2021-09-07
SELL03204,Kamdar PLC,Bangalore,2.5,352,Platform Fulfilled,2021-06-05
SELL03205,"Iyer, Bassi and Khurana",Chennai,3.1,234,Seller Fulfilled,2021-09-14
SELL03206,Bawa Group,Hyderabad,3.6,74,Platform Fulfilled,2020-10-15
SELL03207,Agate Inc,Kolkata,4.1,319,Seller Fulfilled,2019-03-10
SELL03208,"Babu, Dutta and Bansal",Pune,4.4,402,Platform Fulfilled,2019-03-01
SELL03209,"Rout, Mani and Kale",Bangalore,3.8,330,Platform Fulfilled,2019-08-31
SELL03210,Chandran Inc,Mumbai,5.0,320,Platform Fulfilled,2023-08-28
SELL03211,Sani-Agarwal,Bangalore,3.3,249,Seller Fulfilled,2023-02-23
SELL03212,Bahri and Sons,Bangalore,3.2,49,Seller Fulfilled,2023-01-15
SELL03213,Zacharia PLC,Mumbai,4.0,227,Platform Fulfilled,2019-05-19
SELL03214,Talwar Ltd,Hyderabad,2.8,12,Seller Fulfilled,2019-07-06
SELL03215,Comar-Ratta,Pune,3.1,176,Platform Fulfilled,2019-03-05
SELL03216,"Nayak, Rai and Ganesan",Hyderabad,3.3,222,Platform Fulfilled,2019-08-13
SELL03217,Agate-Roy,Kolkata,4.0,10,Seller Fulfilled,2022-01-10
SELL03218,Chad PLC,Mumbai,4.6,466,Seller Fulfilled,2021-03-20
SELL03219,Golla Inc,Pune,2.9,165,Platform Fulfilled,2019-07-07
SELL03220,"Deol, Sachdev and Manne",Ahmedabad,3.8,371,Seller Fulfilled,2020-12-30
SELL03221,Maharaj Group,Delhi,1.6,237,Platform Fulfilled,2023-04-21
SELL03222,Dugar-Lall,Hyderabad,3.2,108,Seller Fulfilled,2021-01-15
SELL03223,Sabharwal-Loke,Bangalore,3.7,194,Seller Fulfilled,2019-05-08
SELL03224,Dhar Ltd,Pune,3.2,491,Seller Fulfilled,2023-09-03
SELL03225,Issac-Contractor,Bangalore,3.3,284,Platform Fulfilled,2020-05-23
SELL03226,Morar Inc,Delhi,4.2,367,Platform Fulfilled,2019-03-27
SELL03227,Dugar Group,Surat,3.3,192,Platform Fulfilled,2023-10-29
SELL03228,Narang-Dass,Mumbai,3.4,352,Platform Fulfilled,2022-10-02
SELL03229,"Tandon, Menon and Maharaj",Surat,3.3,424,Seller Fulfilled,2022-06-16
SELL03230,Vaidya-Gokhale,Pune,3.9,435,Seller Fulfilled,2020-06-15
SELL03231,"Chauhan, Kothari and Palan",Delhi,4.0,65,Platform Fulfilled,2021-05-12
SELL03232,Chander LLC,Delhi,4.7,221,Seller Fulfilled,2021-10-02
SELL03233,Butala-Khosla,Mumbai,3.7,373,Seller Fulfilled,2019-05-29
SELL03234,"Pingle, Sharaf and Dhar",Delhi,3.5,345,Seller Fulfilled,2019-11-07
SELL03235,Gola-Comar,Hyderabad,3.9,474,Seller Fulfilled,2022-12-30
SELL03236,De LLC,Ahmedabad,2.9,90,Seller Fulfilled,2019-10-31
SELL03237,Mukherjee-Ram,Surat,5.0,395,Seller Fulfilled,2019-09-12
SELL03238,Khare-Seth,Ahmedabad,3.5,435,Platform Fulfilled,2023-05-03
SELL03239,"Toor, Ramaswamy and Soni",Mumbai,4.2,339,Platform Fulfilled,2020-09-29
SELL03240,Kade LLC,Pune,4.7,260,Platform Fulfilled,2020-10-03
SELL03241,Walla-Kuruvilla,Surat,4.9,9,Platform Fulfilled,2021-01-15
SELL03242,Narain-Patla,Hyderabad,3.7,42,Seller Fulfilled,2020-02-25
SELL03243,Choudhary Ltd,Pune,3.6,371,Platform Fulfilled,2023-04-10
SELL03244,Hegde-Bains,Delhi,4.6,258,Seller Fulfilled,2022-02-24
SELL03245,Nagy PLC,Ahmedabad,3.5,29,Seller Fulfilled,2020-08-25
SELL03246,Sampath LLC,Chennai,3.7,493,Platform Fulfilled,2019-11-11
SELL03247,"Varma, Merchant and Kakar",Hyderabad,4.0,129,Seller Fulfilled,2020-02-17
SELL03248,"Sidhu, Kohli and Tiwari",Pune,4.4,269,Seller Fulfilled,2019-05-16
SELL03249,Loyal Inc,Ahmedabad,4.3,327,Seller Fulfilled,2022-05-08
SELL03250,Nath-Bakshi,Delhi,3.9,496,Seller Fulfilled,2022-08-13
SELL03251,Babu and Sons,Bangalore,4.2,71,Platform Fulfilled,2022-11-22
SELL03252,Nair-Sathe,Kolkata,2.3,240,Platform Fulfilled,2021-09-14
SELL03253,"Devan, Bawa and Mane",Ahmedabad,4.0,66,Seller Fulfilled,2023-11-08
SELL03254,"Barad, Bhargava and Kohli",Delhi,3.1,284,Seller Fulfilled,2020-11-09
SELL03255,"Mall, Dhillon and Varma",Pune,4.3,166,Seller Fulfilled,2020-10-16
SELL03256,Wagle PLC,Chennai,3.3,132,Seller Fulfilled,2020-07-05
SELL03257,Pillay PLC,Bangalore,3.0,20,Platform Fulfilled,2023-03-21
SELL03258,Balakrishnan Inc,Hyderabad,3.0,487,Seller Fulfilled,2023-08-19
SELL03259,"Chandran, Garde and Salvi",Kolkata,3.7,112,Seller Fulfilled,2023-08-20
SELL03260,Pingle-Rege,Delhi,5.0,365,Platform Fulfilled,2019-02-02
SELL03261,Lall Inc,Hyderabad,2.7,61,Seller Fulfilled,2019-04-01
SELL03262,Gola-Patla,Delhi,3.6,188,Platform Fulfilled,2019-11-03
SELL03263,Gour-Master,Chennai,3.7,269,Seller Fulfilled,2023-08-01
SELL03264,"Sant, Dayal and Contractor",Ahmedabad,2.5,230,Platform Fulfilled,2023-03-14
SELL03265,Lata and Sons,Chennai,2.9,427,Platform Fulfilled,2020-03-16
SELL03266,"Sodhi, Ramanathan and Pall",Bangalore,3.9,96,Seller Fulfilled,2021-05-22
SELL03267,Raju-Shan,Surat,4.3,280,Seller Fulfilled,2021-10-14
SELL03268,Radhakrishnan Inc,Kolkata,3.6,389,Seller Fulfilled,2022-05-22
SELL03269,Shetty Inc,Surat,3.4,288,Platform Fulfilled,2021-08-06
SELL03270,Varghese LLC,Ahmedabad,3.2,52,Seller Fulfilled,2022-05-13
SELL03271,"Prabhu, Prasad and Kala",Pune,3.7,196,Seller Fulfilled,2022-07-02
SELL03272,Dani LLC,Bangalore,3.1,66,Seller Fulfilled,2020-10-04
SELL03273,Bhargava PLC,Mumbai,3.0,238,Platform Fulfilled,2022-08-10
SELL03274,"Bava, Dhar and Malhotra",Surat,3.6,104,Seller Fulfilled,2022-07-10
SELL03275,"Srivastava, Narang and Nigam",Delhi,4.1,102,Seller Fulfilled,2021-01-28
SELL03276,Goda PLC,Hyderabad,3.1,321,Seller Fulfilled,2022-05-17
SELL03277,"Setty, Kulkarni and Krish",Delhi,3.6,281,Seller Fulfilled,2023-06-15
SELL03278,Vasa-Tiwari,Mumbai,4.1,77,Seller Fulfilled,2023-06-02
SELL03279,Dugar Group,Kolkata,3.6,111,Seller Fulfilled,2020-12-04
SELL03280,Mukherjee-Prasad,Mumbai,4.7,79,Seller Fulfilled,2020-12-20
SELL03281,"Dyal, Muni and Desai",Mumbai,3.8,55,Seller Fulfilled,2019-05-09
SELL03282,Sem-Bath,Hyderabad,3.7,281,Seller Fulfilled,2023-08-15
SELL03283,Saini-Konda,Chennai,4.3,59,Platform Fulfilled,2023-11-12
SELL03284,"Nagy, Din and Sastry",Ahmedabad,3.6,216,Platform Fulfilled,2019-12-06
SELL03285,Rao Inc,Bangalore,5.0,297,Platform Fulfilled,2021-03-01
SELL03286,"Upadhyay, Parmer and Bal",Kolkata,3.3,80,Platform Fulfilled,2020-02-28
SELL03287,"Natt, Wali and Srinivasan",Ahmedabad,3.9,420,Seller Fulfilled,2022-07-24
SELL03288,Sani-Purohit,Kolkata,4.3,55,Seller Fulfilled,2022-03-07
SELL03289,Sha and Sons,Bangalore,4.2,314,Seller Fulfilled,2021-08-25
SELL03290,Karan-Agarwal,Mumbai,4.1,172,Seller Fulfilled,2021-05-23
SELL03291,Raghavan-Sachdev,Bangalore,4.0,456,Seller Fulfilled,2019-09-28
SELL03292,"Borra, Mann and D’Alia",Pune,2.2,255,Seller Fulfilled,2023-08-14
SELL03293,"Ranganathan, Cherian and Nagi",Delhi,3.2,161,Seller Fulfilled,2019-06-10
SELL03294,Sachar-Chahal,Kolkata,4.5,139,Platform Fulfilled,2021-07-07
SELL03295,Chaudhuri-Panchal,Chennai,2.4,291,Platform Fulfilled,2022-06-23
SELL03296,Lad-Parekh,Delhi,4.7,489,Seller Fulfilled,2020-01-05
SELL03297,Bajaj and Sons,Mumbai,3.7,293,Seller Fulfilled,2023-04-12
SELL03298,"Vaidya, Gole and Korpal",Chennai,4.1,123,Platform Fulfilled,2019-04-23
SELL03299,Mukherjee Ltd,Chennai,4.2,291,Seller Fulfilled,2019-01-06
SELL03300,Jani-De,Surat,3.9,452,Platform Fulfilled,2019-11-13
SELL03301,"Varty, Barad and Aurora",Pune,4.2,200,Seller Fulfilled,2023-01-20
SELL03302,De and Sons,Hyderabad,4.2,149,Seller Fulfilled,2019-05-31
SELL03303,Kadakia-Suri,Pune,3.7,433,Seller Fulfilled,2019-06-17
SELL03304,Lad Inc,Hyderabad,4.2,282,Seller Fulfilled,2019-02-27
SELL03305,Uppal-Sehgal,Kolkata,4.4,59,Seller Fulfilled,2021-09-09
SELL03306,Sarkar Ltd,Pune,3.9,405,Platform Fulfilled,2022-04-03
SELL03307,Srinivasan-Tara,Surat,4.6,494,Seller Fulfilled,2021-08-25
SELL03308,Ramanathan Ltd,Hyderabad,3.8,54,Seller Fulfilled,2019-08-18
SELL03309,"Dave, Sachdev and Krishna",Surat,4.4,387,Platform Fulfilled,2020-03-05
SELL03310,Dubey-Buch,Delhi,3.1,463,Seller Fulfilled,2019-03-23
SELL03311,Ratti LLC,Ahmedabad,4.4,152,Seller Fulfilled,2020-02-04
SELL03312,"Kamdar, Aggarwal and Tella",Surat,4.2,342,Platform Fulfilled,2020-03-19
SELL03313,"Loke, Sarkar and Mital",Mumbai,3.4,407,Seller Fulfilled,2020-07-17
SELL03314,"Tella, Sibal and Baria",Chennai,4.8,331,Seller Fulfilled,2023-03-26
SELL03315,Cheema and Sons,Delhi,3.0,140,Seller Fulfilled,2020-05-17
SELL03316,Rajan PLC,Delhi,3.2,331,Platform Fulfilled,2019-05-21
SELL03317,"Mohanty, Murthy and Srinivas",Pune,5.0,477,Platform Fulfilled,2019-08-26
SELL03318,"Handa, Chaudry and Randhawa",Bangalore,3.5,21,Seller Fulfilled,2022-02-27
SELL03319,Bassi LLC,Bangalore,4.3,54,Seller Fulfilled,2019-07-07
SELL03320,Vasa Inc,Hyderabad,3.6,389,Seller Fulfilled,2020-06-18
SELL03321,Gopal LLC,Hyderabad,3.3,115,Platform Fulfilled,2021-07-26
SELL03322,Hari LLC,Hyderabad,4.0,427,Platform Fulfilled,2020-02-05
SELL03323,Ravel Ltd,Bangalore,2.9,261,Seller Fulfilled,2021-08-12
SELL03324,Trivedi LLC,Surat,4.4,120,Platform Fulfilled,2023-06-19
SELL03325,Arora PLC,Pune,3.3,346,Seller Fulfilled,2020-09-15
SELL03326,"Yogi, Sethi and Dara",Bangalore,3.4,40,Seller Fulfilled,2019-03-04
SELL03327,Prabhakar-Kothari,Delhi,4.4,275,Seller Fulfilled,2021-11-19
SELL03328,Venkatesh-Walla,Surat,3.7,321,Platform Fulfilled,2020-05-26
SELL03329,Radhakrishnan and Sons,Pune,4.4,342,Seller Fulfilled,2023-07-03
SELL03330,"Ratta, Mangal and Nagy",Surat,3.7,315,Seller Fulfilled,2019-08-05
SELL03331,"Dutt, Kapur and Sahota",Chennai,3.1,434,Seller Fulfilled,2021-02-11
SELL03332,Raman-Hora,Pune,3.7,185,Seller Fulfilled,2021-06-08
SELL03333,Buch PLC,Bangalore,3.4,299,Seller Fulfilled,2021-10-04
SELL03334,Nagarajan Inc,Delhi,3.5,462,Platform Fulfilled,2022-08-12
SELL03335,Choudhury-Saran,Hyderabad,4.1,499,Platform Fulfilled,2021-12-04
SELL03336,Edwin and Sons,Bangalore,3.6,295,Platform Fulfilled,2020-01-06
SELL03337,Nath Inc,Delhi,3.5,333,Seller Fulfilled,2020-03-30
SELL03338,"Kapadia, Ramachandran and Lata",Pune,3.6,390,Seller Fulfilled,2022-11-04
SELL03339,Issac Inc,Delhi,3.6,374,Platform Fulfilled,2023-05-20
SELL03340,Kalla-Tripathi,Bangalore,4.0,183,Seller Fulfilled,2023-05-22
SELL03341,Dhawan-Hegde,Bangalore,3.6,41,Seller Fulfilled,2021-02-17
SELL03342,Kant Ltd,Kolkata,4.2,90,Seller Fulfilled,2022-03-02
SELL03343,Sheth-Kashyap,Hyderabad,3.5,371,Seller Fulfilled,2023-07-13
SELL03344,"Toor, Mody and Bhasin",Surat,3.3,351,Seller Fulfilled,2020-04-02
SELL03345,"Kothari, More and Sastry",Pune,3.8,329,Platform Fulfilled,2021-02-05
SELL03346,Barad-Grewal,Bangalore,4.4,356,Seller Fulfilled,2020-01-25
SELL03347,Master-Bail,Delhi,4.4,8,Platform Fulfilled,2021-09-06
SELL03348,Upadhyay-Bajaj,Delhi,4.2,70,Platform Fulfilled,2019-05-13
SELL03349,Lal-Badal,Bangalore,4.6,269,Platform Fulfilled,2020-08-27
SELL03350,"Yohannan, Chacko and Bhagat",Mumbai,4.1,416,Platform Fulfilled,2023-03-01
SELL03351,"Ravi, Sarna and Acharya",Kolkata,4.0,345,Platform Fulfilled,2019-04-16
SELL03352,Ganesh PLC,Chennai,4.5,128,Seller Fulfilled,2019-08-07
SELL03353,"Mahal, Dutt and D’Alia",Bangalore,3.3,29,Seller Fulfilled,2019-09-08
SELL03354,Magar-Varkey,Bangalore,4.9,239,Seller Fulfilled,2019-06-29
SELL03355,"Din, Wason and Maharaj",Surat,3.6,71,Seller Fulfilled,2023-02-03
SELL03356,Johal Ltd,Bangalore,4.3,49,Platform Fulfilled,2023-01-19
SELL03357,Vig-Chakraborty,Mumbai,3.9,415,Seller Fulfilled,2022-05-20
SELL03358,Bala PLC,Pune,3.7,413,Platform Fulfilled,2020-01-31
SELL03359,"Raju, Reddy and Kadakia",Bangalore,4.0,295,Seller Fulfilled,2023-06-28
SELL03360,"Shukla, De and Buch",Kolkata,4.1,426,Seller Fulfilled,2022-09-21
SELL03361,"Ravel, Loyal and Sahni",Kolkata,4.6,102,Seller Fulfilled,2020-09-12
SELL03362,Krish Inc,Pune,5.0,293,Platform Fulfilled,2021-12-08
SELL03363,Divan-Karnik,Delhi,4.5,401,Seller Fulfilled,2021-07-23
SELL03364,Dugal-Menon,Chennai,2.9,81,Platform Fulfilled,2022-05-12
SELL03365,Mukhopadhyay-Narayan,Bangalore,3.9,129,Seller Fulfilled,2019-08-05
SELL03366,"Hegde, Pathak and Bhakta",Hyderabad,3.6,93,Seller Fulfilled,2022-02-24
SELL03367,"Biswas, Munshi and Setty",Bangalore,3.5,216,Seller Fulfilled,2023-05-22
SELL03368,"Bhagat, Brahmbhatt and Chanda",Delhi,4.2,77,Seller Fulfilled,2022-03-19
SELL03369,"Mall, Jayaraman and Pant",Kolkata,3.6,388,Seller Fulfilled,2020-08-24
SELL03370,Chahal-Maharaj,Delhi,4.3,274,Platform Fulfilled,2023-11-26
SELL03371,"Srinivasan, Varghese and Shah",Chennai,3.3,362,Platform Fulfilled,2019-03-14
SELL03372,"D’Alia, De and Sethi",Ahmedabad,3.3,23,Seller Fulfilled,2021-01-02
SELL03373,Grewal Group,Delhi,3.7,48,Platform Fulfilled,2019-02-14
SELL03374,Sachdeva-Hans,Pune,4.1,131,Seller Fulfilled,2019-06-18
SELL03375,"Saraf, Morar and Bhargava",Kolkata,4.2,220,Seller Fulfilled,2023-02-02
SELL03376,Sood-Kuruvilla,Bangalore,4.0,410,Seller Fulfilled,2023-11-16
SELL03377,Sankar-Das,Bangalore,3.9,221,Seller Fulfilled,2021-03-09
SELL03378,"Parekh, Konda and Cheema",Chennai,4.6,311,Platform Fulfilled,2019-07-27
SELL03379,Bora-Ganesan,Surat,3.6,129,Seller Fulfilled,2020-07-21
SELL03380,Bhattacharyya Group,Pune,5.0,316,Seller Fulfilled,2023-05-23
SELL03381,"Bains, Pal and Behl",Delhi,3.3,202,Platform Fulfilled,2019-09-26
SELL03382,Uppal-Misra,Delhi,4.4,71,Seller Fulfilled,2022-01-22
SELL03383,Ramachandran PLC,Pune,4.1,48,Seller Fulfilled,2023-09-28
SELL03384,Chowdhury and Sons,Chennai,5.0,307,Seller Fulfilled,2023-11-13
SELL03385,Gaba-Nagi,Kolkata,2.9,323,Platform Fulfilled,2021-08-21
SELL03386,Doshi Ltd,Delhi,3.6,100,Platform Fulfilled,2021-08-06
SELL03387,Bumb and Sons,Hyderabad,2.9,267,Seller Fulfilled,2020-06-29
SELL03388,"Sabharwal, Mani and Sekhon",Ahmedabad,4.5,354,Seller Fulfilled,2022-10-15
SELL03389,Pau-Lall,Kolkata,4.0,172,Platform Fulfilled,2019-12-09
SELL03390,Balasubramanian-Mand,Delhi,4.4,82,Platform Fulfilled,2020-01-19
SELL03391,Sekhon LLC,Kolkata,4.5,222,Seller Fulfilled,2023-05-21
SELL03392,Mitter-Badami,Ahmedabad,4.3,395,Seller Fulfilled,2019-10-14
SELL03393,Patil-Bhatnagar,Surat,3.3,147,Seller Fulfilled,2021-02-23
SELL03394,Rai Ltd,Chennai,2.9,46,Seller Fulfilled,2023-01-20
SELL03395,Datta Group,Mumbai,4.2,140,Platform Fulfilled,2023-03-19
SELL03396,Sibal-Khurana,Hyderabad,3.7,403,Platform Fulfilled,2020-12-20
SELL03397,"Loke, Walla and Buch",Chennai,3.5,48,Seller Fulfilled,2023-10-28
SELL03398,"Choudhary, Garg and Reddy",Mumbai,3.0,148,Seller Fulfilled,2019-06-02
SELL03399,Sachdeva Group,Bangalore,4.3,202,Seller Fulfilled,2021-01-27
SELL03400,Nair-Doshi,Chennai,3.1,385,Platform Fulfilled,2020-10-17
SELL03401,Aurora PLC,Delhi,3.5,493,Platform Fulfilled,2019-01-21
SELL03402,Wagle and Sons,Bangalore,4.7,365,Seller Fulfilled,2023-10-21
SELL03403,Purohit-Nigam,Ahmedabad,3.2,341,Platform Fulfilled,2021-06-13
SELL03404,Gara-Khalsa,Chennai,4.1,495,Seller Fulfilled,2020-07-21
SELL03405,"Sangha, Kapoor and Baria",Mumbai,3.0,22,Platform Fulfilled,2020-02-20
SELL03406,Doctor Group,Bangalore,3.7,359,Seller Fulfilled,2020-04-25
SELL03407,"Narang, Narasimhan and Oommen",Surat,5.0,261,Platform Fulfilled,2020-08-03
SELL03408,Muni PLC,Pune,3.7,281,Seller Fulfilled,2022-01-21
SELL03409,Chandra Ltd,Ahmedabad,4.3,174,Seller Fulfilled,2021-12-23
SELL03410,"Jhaveri, Sarkar and Kade",Pune,3.4,416,Seller Fulfilled,2023-07-22
SELL03411,Bora Inc,Ahmedabad,3.3,145,Seller Fulfilled,2023-09-06
SELL03412,Ghosh and Sons,Kolkata,4.0,411,Seller Fulfilled,2023-06-24
SELL03413,Kumar LLC,Surat,2.4,420,Seller Fulfilled,2021-11-20
SELL03414,"Chada, Gulati and Mane",Delhi,2.7,55,Seller Fulfilled,2023-02-16
SELL03415,Brar Ltd,Surat,4.0,288,Platform Fulfilled,2022-12-18
SELL03416,Yadav PLC,Delhi,3.4,416,Platform Fulfilled,2021-05-02
SELL03417,Wali-Subramaniam,Mumbai,2.9,433,Platform Fulfilled,2019-03-18
SELL03418,Warrior LLC,Delhi,4.3,379,Seller Fulfilled,2022-08-22
SELL03419,"Khosla, Bala and Virk",Kolkata,4.1,98,Seller Fulfilled,2019-11-16
SELL03420,"Rastogi, Varghese and Savant",Delhi,4.5,212,Seller Fulfilled,2023-06-04
SELL03421,"Warrior, Mody and Sankaran",Ahmedabad,3.7,326,Seller Fulfilled,2022-08-24
SELL03422,Bhatnagar-Yogi,Surat,3.7,405,Seller Fulfilled,2021-09-03
SELL03423,"Dara, Sathe and Pandit",Bangalore,3.5,151,Platform Fulfilled,2022-11-23
SELL03424,"Nagar, Sarma and Anne",Pune,4.4,247,Platform Fulfilled,2020-11-09
SELL03425,"Bhattacharyya, Chaudhry and Goda",Delhi,4.2,5,Seller Fulfilled,2022-01-31
SELL03426,"Mukherjee, Iyer and Rattan",Delhi,4.9,287,Seller Fulfilled,2019-11-24
SELL03427,Bal LLC,Delhi,4.0,100,Seller Fulfilled,2023-09-12
SELL03428,Ghose-Mani,Pune,5.0,325,Platform Fulfilled,2021-10-20
SELL03429,Shankar PLC,Delhi,4.3,16,Platform Fulfilled,2023-10-03
SELL03430,Shankar-Kothari,Delhi,3.6,490,Platform Fulfilled,2022-01-31
SELL03431,Choudhary PLC,Mumbai,3.3,18,Platform Fulfilled,2022-02-27
SELL03432,"Saraf, Dua and Narayan",Chennai,3.7,394,Seller Fulfilled,2020-02-23
SELL03433,Kohli-Biswas,Hyderabad,5.0,354,Platform Fulfilled,2020-11-11
SELL03434,Kade-Hegde,Kolkata,2.6,25,Platform Fulfilled,2020-10-30
SELL03435,"Bhandari, Raja and Chauhan",Mumbai,2.9,77,Seller Fulfilled,2022-05-25
SELL03436,Johal-Chada,Mumbai,4.8,447,Seller Fulfilled,2019-03-22
SELL03437,"Desai, Mital and Nanda",Mumbai,4.2,204,Seller Fulfilled,2019-04-08
SELL03438,"Lall, Lala and Sagar",Delhi,3.5,352,Platform Fulfilled,2019-11-05
SELL03439,Swamy-Hegde,Pune,4.7,479,Seller Fulfilled,2019-01-27
SELL03440,Chowdhury-Krishna,Mumbai,3.2,84,Platform Fulfilled,2023-05-05
SELL03441,"Badami, Kannan and Gill",Bangalore,3.8,119,Seller Fulfilled,2021-07-21
SELL03442,Badami-Sarma,Chennai,4.5,428,Seller Fulfilled,2021-02-22
SELL03443,"Sahota, Kota and Buch",Kolkata,4.2,13,Seller Fulfilled,2021-11-19
SELL03444,Manda LLC,Bangalore,4.6,446,Platform Fulfilled,2023-10-13
SELL03445,Biswas-Agarwal,Kolkata,3.6,309,Seller Fulfilled,2023-03-25
SELL03446,Balan PLC,Surat,4.5,143,Seller Fulfilled,2020-08-21
SELL03447,Roy and Sons,Chennai,3.3,486,Platform Fulfilled,2021-12-27
SELL03448,Puri-Kaur,Pune,3.6,96,Platform Fulfilled,2019-05-29
SELL03449,Bobal and Sons,Mumbai,3.4,483,Seller Fulfilled,2020-05-26
SELL03450,"Prakash, Varty and Sethi",Bangalore,4.0,317,Seller Fulfilled,2021-02-21
SELL03451,Choudhry Inc,Delhi,4.6,95,Platform Fulfilled,2019-04-02
SELL03452,"Sarma, Goda and Bhargava",Ahmedabad,3.5,467,Platform Fulfilled,2023-09-03
SELL03453,Nagy Inc,Bangalore,4.1,189,Seller Fulfilled,2023-03-22
SELL03454,Bhalla and Sons,Bangalore,3.1,499,Platform Fulfilled,2021-05-27
SELL03455,"Chaudry, Borra and Gandhi",Chennai,4.7,470,Platform Fulfilled,2023-01-12
SELL03456,Kuruvilla-Chandra,Chennai,4.6,303,Platform Fulfilled,2022-12-25
SELL03457,"Kale, Vyas and Kamdar",Bangalore,5.0,371,Seller Fulfilled,2019-11-02
SELL03458,"Taneja, Bhavsar and Lall",Pune,2.6,64,Seller Fulfilled,2019-05-27
SELL03459,"Mandal, Parmar and Korpal",Pune,3.5,409,Platform Fulfilled,2020-11-13
SELL03460,Raval Ltd,Delhi,3.5,423,Seller Fulfilled,2021-02-12
SELL03461,"Gera, Kibe and Palla",Mumbai,3.1,236,Platform Fulfilled,2022-06-02
SELL03462,"Khalsa, Chowdhury and Viswanathan",Hyderabad,3.2,273,Platform Fulfilled,2021-02-02
SELL03463,"Zachariah, Yogi and Mishra",Kolkata,4.2,340,Platform Fulfilled,2020-01-24
SELL03464,"Nagi, Goyal and Ganguly",Hyderabad,3.8,483,Seller Fulfilled,2021-08-10
SELL03465,"Mallick, Sankar and Mukhopadhyay",Kolkata,3.9,288,Platform Fulfilled,2019-05-18
SELL03466,"Atwal, Nigam and Sawhney",Chennai,3.3,42,Platform Fulfilled,2020-02-22
SELL03467,Keer-Sahota,Pune,3.9,79,Seller Fulfilled,2019-09-15
SELL03468,"Viswanathan, Krish and Vasa",Kolkata,3.9,433,Seller Fulfilled,2019-04-19
SELL03469,Sethi-Mall,Hyderabad,4.2,251,Seller Fulfilled,2023-09-14
SELL03470,Krishna PLC,Ahmedabad,3.6,276,Seller Fulfilled,2022-12-09
SELL03471,Wason Group,Surat,3.9,484,Platform Fulfilled,2020-09-09
SELL03472,"Ray, Menon and Pant",Surat,3.4,153,Seller Fulfilled,2023-08-23
SELL03473,Chand-Bal,Chennai,3.9,179,Seller Fulfilled,2020-07-21
SELL03474,Rout-Mishra,Hyderabad,4.1,152,Seller Fulfilled,2019-11-29
SELL03475,Korpal LLC,Kolkata,3.5,145,Seller Fulfilled,2023-04-16
SELL03476,"Palla, Gara and Tandon",Hyderabad,3.0,249,Platform Fulfilled,2020-08-03
SELL03477,Raju Inc,Hyderabad,3.5,109,Platform Fulfilled,2020-12-18
SELL03478,Kakar Inc,Ahmedabad,3.2,454,Platform Fulfilled,2019-06-22
SELL03479,"Guha, Palla and Munshi",Mumbai,3.3,257,Seller Fulfilled,2020-10-02
SELL03480,"Vaidya, Modi and Salvi",Mumbai,4.1,202,Platform Fulfilled,2023-11-14
SELL03481,Nigam-Mitra,Kolkata,2.6,210,Seller Fulfilled,2020-10-16
SELL03482,Vaidya-Khanna,Delhi,3.8,483,Seller Fulfilled,2021-01-10
SELL03483,Acharya-Talwar,Ahmedabad,3.8,421,Seller Fulfilled,2021-06-11
SELL03484,Gala Group,Chennai,4.2,49,Seller Fulfilled,2023-06-23
SELL03485,Ramakrishnan-Bahl,Mumbai,2.9,359,Platform Fulfilled,2019-05-20
SELL03486,Edwin Group,Pune,3.7,182,Seller Fulfilled,2020-01-16
SELL03487,Uppal Group,Hyderabad,2.9,396,Platform Fulfilled,2021-07-05
SELL03488,Bahri Ltd,Ahmedabad,3.5,399,Platform Fulfilled,2022-09-25
SELL03489,"Peri, Gokhale and Chadha",Surat,3.4,158,Seller Fulfilled,2021-10-16
SELL03490,Brahmbhatt Inc,Surat,1.9,283,Seller Fulfilled,2019-07-06
SELL03491,"Prabhakar, Kala and Natt",Bangalore,4.0,400,Seller Fulfilled,2019-10-04
SELL03492,Prabhu-Muni,Delhi,4.2,202,Seller Fulfilled,2019-08-16
SELL03493,Ravi-Basu,Pune,4.4,246,Seller Fulfilled,2021-11-16
SELL03494,"Sachar, Misra and Badal",Delhi,4.5,274,Seller Fulfilled,2022-10-23
SELL03495,Chand-Thakkar,Kolkata,3.8,499,Seller Fulfilled,2019-03-08
SELL03496,"Mitra, Dayal and Menon",Pune,5.0,373,Seller Fulfilled,2022-11-12
SELL03497,"Sundaram, Krishna and Balay",Ahmedabad,4.0,297,Seller Fulfilled,2021-02-21
SELL03498,Sharaf-Dalal,Ahmedabad,3.1,452,Seller Fulfilled,2021-08-27
SELL03499,"Madan, Savant and Palan",Bangalore,4.0,112,Platform Fulfilled,2021-01-13
SELL03500,"Rajan, Om and Kari",Surat,3.7,415,Seller Fulfilled,2020-10-09
SELL03501,"Sodhi, Handa and Purohit",Surat,4.2,42,Seller Fulfilled,2023-07-01
SELL03502,Goyal-Barad,Chennai,3.0,313,Seller Fulfilled,2022-08-26
SELL03503,Hans-Sant,Surat,3.6,364,Seller Fulfilled,2021-07-10
SELL03504,Walia-Kalla,Kolkata,4.6,438,Platform Fulfilled,2019-10-14
SELL03505,"Rastogi, Dada and Dewan",Hyderabad,3.2,49,Platform Fulfilled,2022-12-10
SELL03506,Sura Ltd,Delhi,5.0,70,Seller Fulfilled,2019-01-22
SELL03507,"Loyal, Prabhu and Hans",Delhi,3.5,105,Platform Fulfilled,2022-03-15
SELL03508,Chokshi Inc,Chennai,3.4,398,Platform Fulfilled,2022-09-30
SELL03509,Ahluwalia LLC,Hyderabad,3.3,7,Seller Fulfilled,2023-07-14
SELL03510,Parsa-Sethi,Surat,2.6,470,Platform Fulfilled,2019-02-23
SELL03511,Varkey Inc,Delhi,4.8,56,Seller Fulfilled,2019-10-15
SELL03512,Sant-Varty,Kolkata,4.6,385,Seller Fulfilled,2023-08-11
SELL03513,Chakrabarti-Dube,Kolkata,4.1,249,Seller Fulfilled,2020-05-19
SELL03514,Baria-Pathak,Kolkata,4.1,116,Seller Fulfilled,2019-10-14
SELL03515,Kamdar PLC,Kolkata,3.8,185,Seller Fulfilled,2019-10-22
SELL03516,Shetty Ltd,Surat,3.4,283,Platform Fulfilled,2022-11-26
SELL03517,Thaker-Venkatesh,Hyderabad,3.1,263,Platform Fulfilled,2022-01-01
SELL03518,Ganesh-Balasubramanian,Kolkata,4.4,83,Seller Fulfilled,2021-02-16
SELL03519,Vig Inc,Bangalore,4.5,21,Platform Fulfilled,2022-09-11
SELL03520,Baral-Taneja,Ahmedabad,3.1,209,Seller Fulfilled,2020-05-16
SELL03521,"Dash, Zachariah and Chada",Hyderabad,4.3,275,Platform Fulfilled,2019-06-24
SELL03522,Gala PLC,Bangalore,3.2,38,Seller Fulfilled,2019-09-24
SELL03523,"Ranganathan, Dhar and Gupta",Kolkata,3.7,185,Seller Fulfilled,2022-10-18
SELL03524,Raj-Raju,Ahmedabad,3.2,134,Platform Fulfilled,2021-10-02
SELL03525,Mukherjee Inc,Chennai,4.2,403,Platform Fulfilled,2021-11-27
SELL03526,"Divan, Sandhu and Bansal",Pune,3.2,303,Platform Fulfilled,2020-07-19
SELL03527,Salvi-Sarraf,Delhi,3.2,116,Platform Fulfilled,2021-07-28
SELL03528,"Rajan, Naidu and Gill",Delhi,4.5,268,Seller Fulfilled,2023-10-30
SELL03529,Bedi Group,Ahmedabad,3.7,119,Platform Fulfilled,2021-03-03
SELL03530,"Loyal, Dave and Ratta",Bangalore,4.1,81,Seller Fulfilled,2021-10-06
SELL03531,"Patla, Bora and Dave",Kolkata,3.2,463,Seller Fulfilled,2019-04-16
SELL03532,"Memon, Parekh and Singh",Chennai,3.5,295,Seller Fulfilled,2020-03-08
SELL03533,Varughese Group,Pune,4.4,223,Seller Fulfilled,2019-01-25
SELL03534,Patil-Oza,Pune,4.3,360,Platform Fulfilled,2022-08-17
SELL03535,"Loke, Sampath and Narayan",Hyderabad,2.5,213,Platform Fulfilled,2023-03-14
SELL03536,"Bajwa, Dara and Ramachandran",Bangalore,2.3,445,Platform Fulfilled,2020-10-13
SELL03537,"Natarajan, Barad and Mahajan",Chennai,5.0,10,Seller Fulfilled,2023-08-12
SELL03538,"Nath, Barman and Pradhan",Surat,3.7,222,Seller Fulfilled,2023-10-12
SELL03539,Raja-Khanna,Chennai,3.4,89,Platform Fulfilled,2023-11-04
SELL03540,Agrawal-Dua,Ahmedabad,4.1,482,Seller Fulfilled,2021-03-23
SELL03541,Dixit-Das,Ahmedabad,2.8,98,Seller Fulfilled,2021-08-11
SELL03542,"Bhatt, Deol and Master",Chennai,3.7,481,Platform Fulfilled,2022-02-05
SELL03543,"Sarkar, Ahuja and Patel",Mumbai,3.2,164,Platform Fulfilled,2021-03-01
SELL03544,Malhotra and Sons,Pune,3.0,179,Seller Fulfilled,2019-07-09
SELL03545,Sur-Mane,Mumbai,3.3,430,Seller Fulfilled,2019-02-27
SELL03546,Andra Ltd,Delhi,2.4,497,Platform Fulfilled,2023-05-05
SELL03547,Puri Inc,Bangalore,2.5,227,Seller Fulfilled,2022-01-22
SELL03548,Pathak PLC,Hyderabad,3.9,16,Seller Fulfilled,2022-01-19
SELL03549,Parmer PLC,Hyderabad,2.5,348,Platform Fulfilled,2020-03-31
SELL03550,"Reddy, Prasad and Kant",Surat,4.2,303,Platform Fulfilled,2021-12-17
SELL03551,Tiwari-Balan,Chennai,4.2,241,Seller Fulfilled,2019-07-16
SELL03552,Srinivas-Deol,Chennai,4.1,256,Seller Fulfilled,2022-03-30
SELL03553,"Kannan, Master and Brahmbhatt",Surat,4.3,240,Platform Fulfilled,2020-11-11
SELL03554,"Kashyap, Kale and Palla",Ahmedabad,4.2,5,Platform Fulfilled,2023-09-12
SELL03555,"Badami, Sood and Ray",Surat,3.2,43,Platform Fulfilled,2020-09-13
SELL03556,"Kohli, Upadhyay and Varkey",Chennai,1.8,456,Seller Fulfilled,2019-05-13
SELL03557,Subramanian Inc,Hyderabad,3.9,380,Platform Fulfilled,2020-08-25
SELL03558,Cheema LLC,Chennai,3.5,308,Platform Fulfilled,2021-03-10
SELL03559,Vasa LLC,Pune,4.2,28,Seller Fulfilled,2022-05-24
SELL03560,"Rai, Gaba and Mukherjee",Ahmedabad,3.0,190,Seller Fulfilled,2023-01-12
SELL03561,Pal and Sons,Delhi,3.5,333,Platform Fulfilled,2021-01-10
SELL03562,"Sahni, Sethi and Dalal",Delhi,2.6,449,Seller Fulfilled,2020-06-15
SELL03563,Gera-Dhaliwal,Pune,4.7,72,Platform Fulfilled,2019-04-13
SELL03564,"Varughese, Chandran and Kant",Kolkata,4.8,208,Platform Fulfilled,2021-11-02
SELL03565,"Ratta, Dyal and Rama",Kolkata,3.6,17,Seller Fulfilled,2021-10-22
SELL03566,Handa-Krish,Kolkata,3.8,399,Seller Fulfilled,2022-09-16
SELL03567,Lala LLC,Hyderabad,3.0,348,Platform Fulfilled,2020-03-12
SELL03568,Dhar PLC,Kolkata,4.6,359,Platform Fulfilled,2023-03-19
SELL03569,Soman and Sons,Pune,4.3,493,Platform Fulfilled,2020-03-06
SELL03570,Sankaran LLC,Hyderabad,4.9,122,Seller Fulfilled,2021-12-31
SELL03571,Mahal and Sons,Chennai,3.2,259,Platform Fulfilled,2020-12-03
SELL03572,"Oommen, Saraf and Solanki",Ahmedabad,2.7,430,Seller Fulfilled,2023-05-12
SELL03573,Rao Ltd,Ahmedabad,4.9,238,Platform Fulfilled,2021-12-29
SELL03574,Gour-Madan,Kolkata,3.4,229,Platform Fulfilled,2021-08-02
SELL03575,"Bhatt, Kapadia and Mishra",Mumbai,4.4,119,Platform Fulfilled,2021-09-14
SELL03576,Nazareth Ltd,Ahmedabad,3.1,434,Seller Fulfilled,2021-08-20
SELL03577,"Walla, Chahal and Palan",Chennai,3.9,287,Seller Fulfilled,2022-07-15
SELL03578,Seth-Ganesh,Kolkata,3.3,49,Seller Fulfilled,2020-02-23
SELL03579,"Bose, Varty and Baral",Kolkata,4.1,310,Platform Fulfilled,2019-04-24
SELL03580,Padmanabhan-Mody,Mumbai,3.5,428,Seller Fulfilled,2022-12-02
SELL03581,Srinivasan-Mahal,Hyderabad,4.0,11,Platform Fulfilled,2021-09-09
SELL03582,"Aggarwal, Natarajan and Gola",Surat,3.7,271,Seller Fulfilled,2019-06-25
SELL03583,Ramachandran-Pandey,Mumbai,2.8,353,Platform Fulfilled,2020-09-08
SELL03584,Rana LLC,Bangalore,2.8,398,Seller Fulfilled,2019-01-29
SELL03585,Devan-Saxena,Pune,4.2,301,Seller Fulfilled,2021-07-21
SELL03586,Sen and Sons,Pune,4.3,52,Platform Fulfilled,2021-01-05
SELL03587,"Sastry, Palla and Vaidya",Kolkata,4.2,489,Platform Fulfilled,2019-02-22
SELL03588,Choudhry-Chander,Hyderabad,3.7,71,Seller Fulfilled,2019-02-10
SELL03589,Tandon-Patil,Bangalore,3.6,224,Seller Fulfilled,2021-02-15
SELL03590,Badal LLC,Delhi,4.3,360,Seller Fulfilled,2021-11-12
SELL03591,Gokhale Inc,Mumbai,3.8,277,Platform Fulfilled,2022-07-19
SELL03592,"Narayan, Parsa and Prabhu",Mumbai,4.7,149,Seller Fulfilled,2021-02-21
SELL03593,Pingle-Pandey,Mumbai,4.8,37,Seller Fulfilled,2023-05-12
SELL03594,Shetty-Agrawal,Chennai,3.5,67,Seller Fulfilled,2022-03-08
SELL03595,"Khurana, Nanda and Bahri",Ahmedabad,4.1,423,Seller Fulfilled,2019-09-04
SELL03596,Sangha-Pillai,Hyderabad,5.0,248,Seller Fulfilled,2019-12-17
SELL03597,Raman Inc,Ahmedabad,5.0,236,Seller Fulfilled,2023-09-28
SELL03598,"Ram, Lanka and Ahluwalia",Surat,3.3,170,Platform Fulfilled,2019-06-16
SELL03599,"Murthy, Som and Minhas",Hyderabad,2.9,334,Seller Fulfilled,2019-05-07
SELL03600,"Warrior, Chada and Kalita",Bangalore,4.5,132,Seller Fulfilled,2021-07-13
SELL03601,Shankar-Bose,Chennai,4.2,330,Platform Fulfilled,2021-06-18
SELL03602,"Gera, Nadig and Rastogi",Chennai,3.5,233,Seller Fulfilled,2023-02-11
SELL03603,"Halder, Sinha and Narain",Chennai,3.6,58,Seller Fulfilled,2023-10-20
SELL03604,"Bora, Choudhary and Loke",Delhi,3.4,271,Seller Fulfilled,2022-05-09
SELL03605,Chokshi Group,Surat,4.3,108,Seller Fulfilled,2022-04-10
SELL03606,Narayan Inc,Hyderabad,3.7,14,Platform Fulfilled,2023-07-30
SELL03607,Sanghvi-Uppal,Chennai,2.8,124,Platform Fulfilled,2020-10-15
SELL03608,Ghosh LLC,Mumbai,3.5,117,Seller Fulfilled,2023-02-08
SELL03609,"Kara, Hari and Sama",Kolkata,2.5,451,Seller Fulfilled,2023-04-07
SELL03610,Brahmbhatt PLC,Chennai,3.5,199,Seller Fulfilled,2020-12-28
SELL03611,Sani-Saran,Hyderabad,3.4,15,Seller Fulfilled,2023-07-02
SELL03612,Samra-Muni,Kolkata,2.5,386,Platform Fulfilled,2022-07-18
SELL03613,"Bhakta, Sama and Rout",Ahmedabad,3.3,38,Platform Fulfilled,2020-02-11
SELL03614,Panchal and Sons,Chennai,3.8,152,Platform Fulfilled,2023-04-14
SELL03615,Sant PLC,Hyderabad,4.6,148,Seller Fulfilled,2023-01-26
SELL03616,"Gole, Banerjee and Raman",Bangalore,1.8,204,Platform Fulfilled,2020-06-12
SELL03617,Kumer-Soman,Pune,3.1,314,Platform Fulfilled,2021-10-22
SELL03618,"Bhatia, Ramaswamy and Bora",Surat,4.3,254,Seller Fulfilled,2019-12-31
SELL03619,Lala and Sons,Kolkata,3.1,464,Platform Fulfilled,2022-06-04
SELL03620,Rana LLC,Bangalore,5.0,275,Platform Fulfilled,2022-08-04
SELL03621,"Devan, Kothari and Chokshi",Kolkata,2.5,241,Platform Fulfilled,2019-12-18
SELL03622,"Chada, Patil and Taneja",Surat,3.6,241,Seller Fulfilled,2021-11-05
SELL03623,Chander-Narayanan,Hyderabad,4.2,168,Platform Fulfilled,2022-01-10
SELL03624,Contractor LLC,Surat,3.8,289,Platform Fulfilled,2020-04-30
SELL03625,Bassi-Narula,Kolkata,4.4,426,Seller Fulfilled,2022-10-24
SELL03626,Kumer-Barman,Chennai,3.8,88,Seller Fulfilled,2021-08-03
SELL03627,"Buch, Rajagopalan and Basu",Pune,3.1,355,Platform Fulfilled,2023-03-23
SELL03628,Ramanathan-Soni,Chennai,4.3,448,Platform Fulfilled,2021-09-25
SELL03629,"Kapoor, Gala and Varkey",Surat,1.7,126,Seller Fulfilled,2019-10-09
SELL03630,Bath PLC,Hyderabad,3.0,85,Seller Fulfilled,2019-05-05
SELL03631,"Mukhopadhyay, Ramakrishnan and Sahni",Hyderabad,3.6,105,Seller Fulfilled,2022-10-16
SELL03632,Ratti LLC,Kolkata,3.6,390,Platform Fulfilled,2019-11-14
SELL03633,"Sheth, Ray and Majumdar",Ahmedabad,4.4,174,Platform Fulfilled,2019-01-15
SELL03634,Mani Inc,Mumbai,3.6,402,Platform Fulfilled,2019-12-09
SELL03635,Khalsa-Grover,Ahmedabad,3.2,242,Seller Fulfilled,2020-06-10
SELL03636,"Chowdhury, Hora and Deo",Kolkata,4.8,179,Seller Fulfilled,2020-12-25
SELL03637,Walia PLC,Bangalore,3.2,367,Platform Fulfilled,2023-09-18
SELL03638,Mody-Sehgal,Chennai,4.3,459,Platform Fulfilled,2021-04-21
SELL03639,"Gupta, Barad and Ganesan",Hyderabad,3.2,17,Platform Fulfilled,2023-06-06
SELL03640,Bajwa-Prashad,Kolkata,2.7,137,Platform Fulfilled,2019-03-04
SELL03641,Shan and Sons,Hyderabad,5.0,157,Platform Fulfilled,2022-03-19
SELL03642,Thakkar LLC,Chennai,5.0,105,Seller Fulfilled,2023-03-01
SELL03643,Pradhan PLC,Ahmedabad,4.2,454,Seller Fulfilled,2019-12-30
SELL03644,"Saha, Dhar and Ravel",Delhi,3.7,254,Seller Fulfilled,2020-06-22
SELL03645,Samra-Buch,Chennai,4.2,51,Seller Fulfilled,2019-07-19
SELL03646,Gulati-Contractor,Ahmedabad,4.1,255,Seller Fulfilled,2021-10-16
SELL03647,Kunda-Nagi,Delhi,3.9,388,Platform Fulfilled,2021-12-10
SELL03648,"Sur, Datta and Solanki",Ahmedabad,3.7,64,Seller Fulfilled,2021-02-15
SELL03649,Wable-Borah,Bangalore,4.0,285,Seller Fulfilled,2022-11-03
SELL03650,Chaudhari LLC,Delhi,3.6,314,Platform Fulfilled,2023-03-10
SELL03651,Karan and Sons,Hyderabad,4.0,261,Seller Fulfilled,2019-12-22
SELL03652,More Inc,Kolkata,4.3,104,Seller Fulfilled,2022-08-07
SELL03653,"Bajaj, Biswas and Hora",Delhi,4.5,428,Seller Fulfilled,2023-07-01
SELL03654,Maharaj-Agate,Chennai,3.6,382,Seller Fulfilled,2023-01-04
SELL03655,Shanker Group,Chennai,4.2,52,Platform Fulfilled,2021-07-20
SELL03656,"Jani, Narasimhan and Bhatti",Surat,4.5,309,Platform Fulfilled,2022-02-13
SELL03657,"Seshadri, Ramachandran and Mangal",Delhi,4.6,9,Platform Fulfilled,2019-12-27
SELL03658,Pillai-Cherian,Pune,2.6,337,Platform Fulfilled,2019-08-31
SELL03659,Dutta Ltd,Hyderabad,4.1,362,Platform Fulfilled,2023-06-27
SELL03660,Dash-Dass,Hyderabad,3.8,140,Seller Fulfilled,2022-01-25
SELL03661,Pandey Group,Mumbai,2.4,311,Seller Fulfilled,2023-08-23
SELL03662,Bahl-Pandit,Delhi,4.2,23,Platform Fulfilled,2021-04-10
SELL03663,"Gour, Pathak and Wadhwa",Mumbai,4.5,498,Seller Fulfilled,2019-01-22
SELL03664,Deshmukh-Solanki,Chennai,3.5,429,Seller Fulfilled,2022-02-05
SELL03665,Lala LLC,Pune,3.6,40,Seller Fulfilled,2022-03-27
SELL03666,Baria-Gala,Ahmedabad,3.9,106,Platform Fulfilled,2020-06-19
SELL03667,Devi-Kannan,Kolkata,3.3,394,Seller Fulfilled,2021-08-25
SELL03668,Pau-Gill,Bangalore,3.6,456,Platform Fulfilled,2023-02-08
SELL03669,Baria PLC,Ahmedabad,3.4,60,Platform Fulfilled,2022-04-30
SELL03670,"Viswanathan, Deshpande and Dani",Ahmedabad,2.9,206,Platform Fulfilled,2019-11-20
SELL03671,Singhal PLC,Kolkata,4.0,192,Seller Fulfilled,2021-12-16
SELL03672,"Anand, Raja and Dar",Mumbai,3.6,64,Seller Fulfilled,2019-04-19
SELL03673,Naidu-Iyengar,Pune,4.1,430,Platform Fulfilled,2021-02-21
SELL03674,Issac Inc,Delhi,5.0,248,Seller Fulfilled,2020-12-24
SELL03675,"Bhagat, Sunder and Mane",Chennai,4.1,159,Seller Fulfilled,2022-06-24
SELL03676,Pingle-Biswas,Kolkata,4.4,451,Seller Fulfilled,2020-10-04
SELL03677,"Kata, Borra and Sankaran",Hyderabad,3.7,348,Seller Fulfilled,2023-08-23
SELL03678,"Bhagat, Solanki and Dhar",Pune,4.3,244,Platform Fulfilled,2019-07-28
SELL03679,Mittal Group,Chennai,3.3,122,Seller Fulfilled,2019-05-21
SELL03680,Mohanty-Behl,Hyderabad,4.1,420,Seller Fulfilled,2021-01-31
SELL03681,Raghavan LLC,Ahmedabad,4.6,295,Seller Fulfilled,2021-11-17
SELL03682,Mand-Ramachandran,Surat,3.2,433,Seller Fulfilled,2020-01-31
SELL03683,Datta-Ganesh,Ahmedabad,3.5,391,Platform Fulfilled,2022-07-14
SELL03684,Rau Inc,Hyderabad,4.8,317,Seller Fulfilled,2021-04-02
SELL03685,Kadakia and Sons,Mumbai,3.9,142,Seller Fulfilled,2021-07-07
SELL03686,Datta-Oommen,Ahmedabad,3.3,403,Seller Fulfilled,2022-02-14
SELL03687,Ganesh and Sons,Bangalore,3.2,182,Seller Fulfilled,2021-12-11
SELL03688,"Vala, Char and Nadkarni",Ahmedabad,3.7,75,Platform Fulfilled,2019-12-18
SELL03689,Dar-Hayre,Hyderabad,2.9,149,Platform Fulfilled,2023-06-08
SELL03690,"Palan, Deo and Datta",Mumbai,4.0,390,Seller Fulfilled,2022-04-13
SELL03691,"De, Chowdhury and Savant",Surat,3.5,371,Platform Fulfilled,2020-02-22
SELL03692,Sunder-Sura,Delhi,3.8,272,Seller Fulfilled,2022-03-11
SELL03693,Naidu Ltd,Mumbai,3.9,12,Platform Fulfilled,2023-02-09
SELL03694,Vasa-Dhillon,Bangalore,3.5,7,Seller Fulfilled,2022-09-08
SELL03695,Dugar Group,Kolkata,5.0,223,Platform Fulfilled,2020-01-08
SELL03696,"Wable, Hayer and Mohanty",Surat,4.4,206,Seller Fulfilled,2022-08-19
SELL03697,Raval PLC,Bangalore,4.3,6,Platform Fulfilled,2023-04-13
SELL03698,Modi LLC,Kolkata,3.4,399,Seller Fulfilled,2020-07-17
SELL03699,Kurian-Rana,Bangalore,3.5,339,Platform Fulfilled,2021-02-18
SELL03700,Thakur-Nagi,Chennai,3.7,74,Platform Fulfilled,2021-03-23
SELL03701,Venkatesh Inc,Kolkata,4.1,332,Platform Fulfilled,2019-02-21
SELL03702,Palla-Talwar,Kolkata,4.1,23,Seller Fulfilled,2021-10-10
SELL03703,Srivastava Ltd,Pune,4.1,323,Platform Fulfilled,2020-12-29
SELL03704,"Balay, Cheema and Krishnamurthy",Ahmedabad,4.5,450,Platform Fulfilled,2019-07-28
SELL03705,"Ramesh, Nadkarni and Reddy",Mumbai,3.5,369,Platform Fulfilled,2020-02-16
SELL03706,Gala-Choudhry,Hyderabad,4.3,466,Seller Fulfilled,2023-07-24
SELL03707,Hayer-More,Mumbai,2.8,240,Platform Fulfilled,2022-06-24
SELL03708,"Ramanathan, Shetty and Oza",Ahmedabad,4.7,146,Seller Fulfilled,2021-07-05
SELL03709,"Bajwa, Konda and Mammen",Bangalore,4.5,150,Seller Fulfilled,2020-07-10
SELL03710,Thakkar-Borah,Delhi,4.1,481,Seller Fulfilled,2021-08-01
SELL03711,"Dutta, Goel and Sehgal",Kolkata,3.8,443,Platform Fulfilled,2019-08-29
SELL03712,Varma-Dube,Chennai,4.0,19,Seller Fulfilled,2022-06-24
SELL03713,Arora and Sons,Delhi,3.4,415,Platform Fulfilled,2019-09-04
SELL03714,Bora-Bandi,Chennai,3.4,104,Seller Fulfilled,2020-02-10
SELL03715,"Kalita, Mani and Mall",Ahmedabad,3.5,189,Platform Fulfilled,2019-10-10
SELL03716,Sharaf Group,Mumbai,3.5,186,Platform Fulfilled,2022-12-21
SELL03717,Chauhan-Murty,Pune,3.9,370,Platform Fulfilled,2022-02-28
SELL03718,Dhar-Handa,Surat,4.0,195,Platform Fulfilled,2023-02-22
SELL03719,Goyal PLC,Chennai,4.3,211,Seller Fulfilled,2019-08-05
SELL03720,Kalita-Dayal,Mumbai,3.8,195,Seller Fulfilled,2022-03-05
SELL03721,"Koshy, Sane and Kari",Pune,3.8,218,Platform Fulfilled,2019-08-29
SELL03722,"Natarajan, Mutti and Sagar",Chennai,4.2,473,Seller Fulfilled,2022-02-05
SELL03723,Chauhan PLC,Surat,4.1,403,Platform Fulfilled,2022-08-24
SELL03724,Natarajan-Ramanathan,Chennai,2.9,290,Platform Fulfilled,2019-01-20
SELL03725,Raju-Devan,Bangalore,4.5,364,Seller Fulfilled,2022-08-03
SELL03726,Mutti-Chaudhuri,Pune,3.5,379,Seller Fulfilled,2020-09-10
SELL03727,"Dube, Andra and Varty",Ahmedabad,3.2,139,Platform Fulfilled,2019-02-04
SELL03728,"Bala, Kalita and Sarkar",Hyderabad,4.2,197,Seller Fulfilled,2019-05-09
SELL03729,Maharaj-Mutti,Pune,3.1,249,Platform Fulfilled,2023-10-07
SELL03730,Bedi Inc,Delhi,2.4,95,Seller Fulfilled,2020-04-01
SELL03731,"Kibe, Mangat and Jaggi",Surat,4.7,364,Seller Fulfilled,2023-09-26
SELL03732,"Devi, Bandi and Sarin",Pune,3.2,121,Seller Fulfilled,2022-12-28
SELL03733,"Tak, Sanghvi and Sawhney",Chennai,4.0,355,Platform Fulfilled,2021-12-30
SELL03734,Bhasin-Bhatt,Delhi,3.0,332,Platform Fulfilled,2021-04-21
SELL03735,Khurana-Konda,Hyderabad,2.1,329,Platform Fulfilled,2023-08-31
SELL03736,Memon Inc,Delhi,2.3,328,Platform Fulfilled,2022-12-31
SELL03737,Zachariah-Kar,Delhi,4.0,332,Seller Fulfilled,2021-09-05
SELL03738,"Mammen, Loke and Nair",Hyderabad,4.0,410,Seller Fulfilled,2022-02-28
SELL03739,Patla-Bassi,Bangalore,4.3,337,Platform Fulfilled,2020-07-24
SELL03740,"Murty, Din and Sheth",Surat,2.9,197,Platform Fulfilled,2021-09-01
SELL03741,Dar Inc,Hyderabad,3.1,258,Seller Fulfilled,2022-03-06
SELL03742,"Mall, Bir and Madan",Chennai,3.7,234,Seller Fulfilled,2020-02-20
SELL03743,Murthy-Shan,Delhi,4.1,310,Seller Fulfilled,2020-07-07
SELL03744,Sodhi and Sons,Bangalore,3.9,60,Platform Fulfilled,2019-06-14
SELL03745,Sem LLC,Mumbai,4.8,375,Seller Fulfilled,2021-07-12
SELL03746,Kale Group,Ahmedabad,3.5,85,Platform Fulfilled,2020-05-25
SELL03747,Boase Ltd,Hyderabad,1.9,65,Seller Fulfilled,2020-06-04
SELL03748,"Chaudhari, Jain and Batra",Pune,3.9,173,Platform Fulfilled,2021-07-22
SELL03749,Nadig-Panchal,Pune,4.5,131,Platform Fulfilled,2021-04-25
SELL03750,Sane-Manda,Chennai,4.8,112,Platform Fulfilled,2023-02-04
SELL03751,Din-Chanda,Chennai,4.3,319,Seller Fulfilled,2019-08-09
SELL03752,D’Alia PLC,Surat,3.2,379,Seller Fulfilled,2019-09-23
SELL03753,Toor Inc,Bangalore,4.5,186,Platform Fulfilled,2023-06-13
SELL03754,Kapur and Sons,Bangalore,4.6,384,Seller Fulfilled,2020-08-10
SELL03755,Borde Inc,Hyderabad,4.3,131,Platform Fulfilled,2019-11-01
SELL03756,Master Group,Mumbai,4.7,19,Seller Fulfilled,2022-11-18
SELL03757,Lala-Pandit,Kolkata,3.9,190,Platform Fulfilled,2021-07-17
SELL03758,"Ghosh, Char and Prasad",Bangalore,3.3,381,Seller Fulfilled,2019-05-04
SELL03759,Gade-Sood,Chennai,3.0,171,Seller Fulfilled,2020-11-02
SELL03760,Boase PLC,Bangalore,4.5,161,Seller Fulfilled,2022-01-24
SELL03761,Sampath-Rajan,Pune,4.1,176,Seller Fulfilled,2022-08-13
SELL03762,Walia-Nanda,Pune,4.0,243,Platform Fulfilled,2019-01-17
SELL03763,Ranganathan PLC,Bangalore,2.9,103,Platform Fulfilled,2021-11-09
SELL03764,"Bhattacharyya, Banik and Desai",Delhi,4.2,121,Seller Fulfilled,2019-02-16
SELL03765,Sekhon-Balakrishnan,Kolkata,3.7,307,Seller Fulfilled,2023-08-28
SELL03766,Devi Group,Surat,2.1,498,Seller Fulfilled,2022-01-30
SELL03767,"Taneja, Rege and Raval",Kolkata,4.1,375,Platform Fulfilled,2023-03-21
SELL03768,Dey PLC,Pune,4.5,495,Platform Fulfilled,2020-12-11
SELL03769,Sastry-Sood,Ahmedabad,2.9,26,Platform Fulfilled,2022-02-25
SELL03770,Dave PLC,Bangalore,2.9,423,Seller Fulfilled,2021-12-01
SELL03771,Karan-Mitter,Surat,4.7,91,Platform Fulfilled,2023-03-30
SELL03772,Dugal PLC,Delhi,3.6,233,Seller Fulfilled,2022-06-23
SELL03773,"Sangha, Mani and Mandal",Delhi,4.5,273,Platform Fulfilled,2022-05-24
SELL03774,Pillai-Sur,Ahmedabad,4.9,219,Platform Fulfilled,2020-02-06
SELL03775,"Kapadia, Saraf and Natarajan",Chennai,4.9,177,Seller Fulfilled,2023-01-02
SELL03776,Cheema-D’Alia,Chennai,4.3,447,Seller Fulfilled,2021-11-24
SELL03777,Nanda Group,Delhi,2.9,339,Seller Fulfilled,2021-07-31
SELL03778,"Bahl, Bhardwaj and Dugar",Hyderabad,3.4,345,Seller Fulfilled,2023-08-01
SELL03779,"Mander, Nigam and Koshy",Ahmedabad,4.5,199,Seller Fulfilled,2019-03-15
SELL03780,Saraf Inc,Surat,4.2,457,Platform Fulfilled,2022-03-31
SELL03781,Gour-Sami,Bangalore,3.7,83,Platform Fulfilled,2022-09-20
SELL03782,Shankar LLC,Kolkata,4.1,53,Seller Fulfilled,2019-11-03
SELL03783,"Narang, Mangal and Anne",Delhi,4.7,48,Seller Fulfilled,2022-05-29
SELL03784,Anand-Balay,Surat,4.7,228,Seller Fulfilled,2019-06-16
SELL03785,Parmer-Sehgal,Kolkata,4.8,229,Seller Fulfilled,2022-10-26
SELL03786,Chakraborty-Kuruvilla,Kolkata,3.4,198,Seller Fulfilled,2020-02-23
SELL03787,Ben-Sarkar,Surat,4.3,213,Platform Fulfilled,2023-09-14
SELL03788,"Shukla, Dalal and Deshpande",Kolkata,2.5,466,Seller Fulfilled,2021-05-26
SELL03789,Tella LLC,Ahmedabad,3.8,259,Seller Fulfilled,2022-12-25
SELL03790,Borah-Brahmbhatt,Ahmedabad,3.4,363,Platform Fulfilled,2023-09-05
SELL03791,"Dugar, Nagy and Zachariah",Surat,5.0,20,Platform Fulfilled,2021-11-02
SELL03792,Jhaveri Inc,Surat,3.4,112,Platform Fulfilled,2023-04-22
SELL03793,"Dara, Jhaveri and Chaudhry",Hyderabad,2.4,150,Platform Fulfilled,2022-11-30
SELL03794,"Majumdar, Chokshi and Kalita",Ahmedabad,2.0,120,Seller Fulfilled,2023-07-29
SELL03795,Kala-Singh,Hyderabad,3.0,441,Seller Fulfilled,2023-01-28
SELL03796,Sathe-Chada,Pune,3.7,455,Seller Fulfilled,2021-02-05
SELL03797,Sandal Group,Ahmedabad,4.6,329,Seller Fulfilled,2021-11-21
SELL03798,Deshmukh Group,Pune,2.8,403,Platform Fulfilled,2022-09-17
SELL03799,Sankaran-Krishnan,Mumbai,3.7,304,Seller Fulfilled,2023-07-06
SELL03800,Lata-Dube,Bangalore,3.6,224,Seller Fulfilled,2020-07-24
SELL03801,Bhalla Inc,Pune,2.8,366,Seller Fulfilled,2023-04-29
SELL03802,Sharma-Venkatesh,Kolkata,3.8,70,Platform Fulfilled,2019-12-03
SELL03803,Pradhan-Dora,Delhi,3.1,59,Platform Fulfilled,2019-11-11
SELL03804,"Borra, Sankaran and Amble",Ahmedabad,3.5,98,Platform Fulfilled,2023-03-28
SELL03805,Aurora PLC,Pune,4.3,13,Seller Fulfilled,2019-08-26
SELL03806,"Wable, Handa and Krishna",Chennai,4.1,83,Platform Fulfilled,2023-05-11
SELL03807,"Raj, Sunder and Buch",Pune,3.7,436,Seller Fulfilled,2019-12-02
SELL03808,Dhar-Bhandari,Bangalore,3.5,271,Platform Fulfilled,2023-04-01
SELL03809,Lalla LLC,Surat,3.4,83,Seller Fulfilled,2023-09-19
SELL03810,Som-Dara,Kolkata,4.5,239,Platform Fulfilled,2020-10-11
SELL03811,Jain-Dugal,Hyderabad,3.9,164,Platform Fulfilled,2023-05-15
SELL03812,"Chaudry, Srinivasan and Mishra",Mumbai,4.9,237,Seller Fulfilled,2019-07-29
SELL03813,"Shenoy, Vig and Pillai",Ahmedabad,3.5,331,Platform Fulfilled,2020-12-18
SELL03814,Saxena Group,Delhi,3.7,308,Platform Fulfilled,2019-05-23
SELL03815,"Loyal, Wagle and Das",Bangalore,3.3,328,Seller Fulfilled,2022-11-11
SELL03816,"Sunder, Zacharia and Choudhry",Pune,5.0,121,Platform Fulfilled,2022-03-13
SELL03817,"Mall, Venkatesh and Dhingra",Bangalore,4.9,260,Seller Fulfilled,2019-09-30
SELL03818,Shukla-Aggarwal,Chennai,2.6,415,Seller Fulfilled,2021-09-17
SELL03819,Manda-Balakrishnan,Surat,4.9,419,Seller Fulfilled,2021-01-15
SELL03820,Kaur PLC,Ahmedabad,2.9,251,Seller Fulfilled,2022-01-31
SELL03821,"Basak, Kapur and Gulati",Chennai,4.3,100,Seller Fulfilled,2021-08-30
SELL03822,Sekhon Ltd,Delhi,4.4,42,Seller Fulfilled,2022-09-12
SELL03823,Vala LLC,Delhi,1.7,218,Platform Fulfilled,2023-08-20
SELL03824,Bose-Sodhi,Delhi,3.1,256,Seller Fulfilled,2020-05-23
SELL03825,"Issac, Sridhar and Sandhu",Hyderabad,3.7,355,Platform Fulfilled,2021-06-26
SELL03826,Mangal and Sons,Ahmedabad,3.8,370,Platform Fulfilled,2019-09-17
SELL03827,"Kara, Sodhi and Raman",Delhi,4.7,188,Seller Fulfilled,2019-08-16
SELL03828,"Kadakia, Mitra and Prabhu",Hyderabad,4.1,47,Platform Fulfilled,2019-03-09
SELL03829,"Apte, Ben and Virk",Pune,3.5,15,Platform Fulfilled,2019-07-07
SELL03830,"Kadakia, Thakur and Chandran",Kolkata,4.7,83,Seller Fulfilled,2020-08-16
SELL03831,Cheema Group,Hyderabad,3.4,417,Seller Fulfilled,2023-09-14
SELL03832,Walla-Seshadri,Chennai,2.4,272,Seller Fulfilled,2023-02-05
SELL03833,Chaudhuri-Krishnan,Pune,4.1,296,Seller Fulfilled,2019-12-15
SELL03834,Lall-Datta,Delhi,3.5,76,Platform Fulfilled,2020-06-01
SELL03835,More-Lad,Chennai,2.7,409,Seller Fulfilled,2022-07-27
SELL03836,"Chaudhari, Banik and Tiwari",Surat,3.6,436,Seller Fulfilled,2021-04-03
SELL03837,"Pai, Sani and Zachariah",Pune,4.3,48,Platform Fulfilled,2020-12-23
SELL03838,Bir Ltd,Mumbai,3.3,71,Seller Fulfilled,2022-10-17
SELL03839,"Verma, Sankaran and Vasa",Kolkata,5.0,363,Seller Fulfilled,2023-06-03
SELL03840,"Mani, Kari and Nadig",Ahmedabad,4.6,215,Platform Fulfilled,2021-11-02
SELL03841,Arya-Golla,Chennai,4.2,325,Seller Fulfilled,2021-06-26
SELL03842,"Saini, Loke and Biswas",Mumbai,3.5,128,Seller Fulfilled,2022-05-16
SELL03843,Badami Ltd,Mumbai,3.8,411,Platform Fulfilled,2022-08-29
SELL03844,"Contractor, Parekh and Pant",Surat,3.6,23,Platform Fulfilled,2021-03-11
SELL03845,Sampath-Sarkar,Pune,3.5,415,Seller Fulfilled,2021-12-06
SELL03846,Sangha-Aggarwal,Kolkata,3.7,240,Platform Fulfilled,2021-11-21
SELL03847,"Pathak, Arora and Dada",Hyderabad,4.2,20,Seller Fulfilled,2022-03-16
SELL03848,Pandit-Nath,Hyderabad,3.1,264,Seller Fulfilled,2019-12-06
SELL03849,"Madan, Sidhu and Goda",Chennai,4.1,80,Platform Fulfilled,2020-12-09
SELL03850,"Mukhopadhyay, Ramaswamy and Narayan",Kolkata,2.8,417,Platform Fulfilled,2023-01-13
SELL03851,Reddy Inc,Mumbai,3.1,274,Seller Fulfilled,2019-06-14
SELL03852,Toor-Merchant,Chennai,4.4,456,Seller Fulfilled,2021-12-05
SELL03853,Bhatia-Chakrabarti,Kolkata,3.1,138,Seller Fulfilled,2021-05-27
SELL03854,Ghose Ltd,Bangalore,2.8,282,Seller Fulfilled,2021-11-25
SELL03855,Kashyap-Zachariah,Bangalore,3.4,423,Seller Fulfilled,2019-09-27
SELL03856,Talwar Inc,Hyderabad,3.2,355,Seller Fulfilled,2019-09-23
SELL03857,"Sankaran, Sahota and Sha",Ahmedabad,4.6,298,Platform Fulfilled,2019-10-28
SELL03858,Wable and Sons,Surat,4.4,165,Seller Fulfilled,2021-12-28
SELL03859,"Goyal, Sankaran and Talwar",Kolkata,3.2,407,Seller Fulfilled,2019-03-08
SELL03860,Bhakta-Khosla,Mumbai,4.5,430,Platform Fulfilled,2023-08-03
SELL03861,"Boase, Narayan and Dasgupta",Delhi,2.9,164,Platform Fulfilled,2019-05-07
SELL03862,"Choudhary, Sandhu and Dube",Mumbai,3.5,475,Platform Fulfilled,2021-12-29
SELL03863,Chand-Bath,Pune,3.9,232,Platform Fulfilled,2021-06-02
SELL03864,Kanda-Chanda,Delhi,4.1,97,Platform Fulfilled,2021-01-09
SELL03865,Dube-Krishnan,Mumbai,3.8,202,Seller Fulfilled,2023-09-28
SELL03866,Goel-Dugal,Kolkata,3.3,418,Seller Fulfilled,2021-10-05
SELL03867,"Buch, Kamdar and Dani",Delhi,4.2,299,Seller Fulfilled,2023-02-01
SELL03868,Chawla LLC,Pune,3.3,364,Seller Fulfilled,2021-04-10
SELL03869,Shetty-Oak,Hyderabad,4.9,131,Platform Fulfilled,2021-05-23
SELL03870,"More, Rana and Garde",Bangalore,2.4,258,Seller Fulfilled,2022-04-26
SELL03871,Jayaraman Ltd,Chennai,2.8,414,Platform Fulfilled,2019-10-23
SELL03872,Bal Inc,Mumbai,5.0,126,Seller Fulfilled,2022-01-01
SELL03873,Taneja-Dasgupta,Delhi,3.1,138,Seller Fulfilled,2022-09-18
SELL03874,Vig Ltd,Pune,3.6,202,Platform Fulfilled,2022-05-20
SELL03875,Chawla Ltd,Pune,3.5,297,Seller Fulfilled,2021-03-16
SELL03876,Balay-Sinha,Hyderabad,3.8,89,Platform Fulfilled,2023-01-16
SELL03877,"Sami, Sant and Gera",Mumbai,2.1,343,Seller Fulfilled,2020-05-25
SELL03878,More-Rana,Bangalore,3.7,376,Platform Fulfilled,2023-06-28
SELL03879,"Venkataraman, Nazareth and Chahal",Pune,3.1,398,Platform Fulfilled,2022-10-13
SELL03880,Sagar-Tara,Chennai,4.3,387,Seller Fulfilled,2022-10-08
SELL03881,Bhat-Chaudhry,Hyderabad,3.5,96,Seller Fulfilled,2022-06-30
SELL03882,"Menon, Pradhan and Nair",Chennai,3.8,103,Seller Fulfilled,2020-09-07
SELL03883,Vasa-Konda,Delhi,3.7,92,Seller Fulfilled,2022-05-01
SELL03884,"Mallick, Char and Iyengar",Chennai,3.6,336,Seller Fulfilled,2021-10-10
SELL03885,"Kashyap, Vasa and Morar",Bangalore,4.2,94,Seller Fulfilled,2019-03-28
SELL03886,Bedi-Gokhale,Surat,3.6,464,Platform Fulfilled,2021-05-14
SELL03887,Walia-Memon,Hyderabad,3.3,392,Platform Fulfilled,2022-05-19
SELL03888,Yohannan Group,Bangalore,4.7,292,Platform Fulfilled,2023-11-01
SELL03889,Nagy-Shetty,Chennai,3.5,415,Seller Fulfilled,2022-06-16
SELL03890,"Chaudhry, Keer and Sachdeva",Surat,4.9,243,Seller Fulfilled,2022-05-31
SELL03891,Mangal-Bhakta,Mumbai,1.8,428,Platform Fulfilled,2021-03-04
SELL03892,"Soni, Rana and Bail",Mumbai,5.0,195,Seller Fulfilled,2019-01-12
SELL03893,Pingle Ltd,Hyderabad,3.6,294,Seller Fulfilled,2021-06-08
SELL03894,Ahuja-Baria,Pune,4.0,337,Seller Fulfilled,2021-09-29
SELL03895,Kamdar-Nanda,Chennai,3.8,397,Seller Fulfilled,2019-01-17
SELL03896,Mohan-Mohanty,Hyderabad,3.0,297,Platform Fulfilled,2022-04-03
SELL03897,Morar PLC,Kolkata,3.4,393,Seller Fulfilled,2022-01-27
SELL03898,Sharma Group,Delhi,4.0,410,Platform Fulfilled,2020-02-19
SELL03899,Rana PLC,Bangalore,3.4,213,Seller Fulfilled,2020-02-20
SELL03900,Sandal Ltd,Delhi,2.6,289,Platform Fulfilled,2021-08-20
SELL03901,Gola-Toor,Bangalore,5.0,81,Platform Fulfilled,2022-11-27
SELL03902,"Hegde, Subramaniam and Kade",Kolkata,3.9,402,Seller Fulfilled,2019-03-24
SELL03903,"Dass, Agarwal and Varty",Surat,5.0,112,Seller Fulfilled,2023-07-23
SELL03904,Randhawa Inc,Chennai,4.6,239,Seller Fulfilled,2022-12-11
SELL03905,Yadav-Samra,Ahmedabad,4.1,261,Platform Fulfilled,2019-04-06
SELL03906,"Mallick, Tiwari and Pradhan",Kolkata,5.0,264,Seller Fulfilled,2019-01-30
SELL03907,Rao-Bahl,Pune,3.9,414,Seller Fulfilled,2022-09-25
SELL03908,"Tak, Vasa and Desai",Ahmedabad,3.9,107,Platform Fulfilled,2020-12-16
SELL03909,Nigam Inc,Kolkata,2.9,89,Platform Fulfilled,2020-01-16
SELL03910,Bumb Group,Mumbai,3.8,309,Platform Fulfilled,2019-05-15
SELL03911,Ghosh-Nanda,Ahmedabad,3.5,330,Seller Fulfilled,2021-01-19
SELL03912,"Goyal, Ravel and Bobal",Chennai,4.4,463,Seller Fulfilled,2019-07-28
SELL03913,"Aggarwal, Wali and Rastogi",Bangalore,4.2,433,Platform Fulfilled,2021-07-27
SELL03914,Suri-Desai,Kolkata,2.5,345,Seller Fulfilled,2020-03-06
SELL03915,Yohannan-Agrawal,Mumbai,3.4,284,Seller Fulfilled,2020-07-03
SELL03916,"Narain, Chander and Kale",Delhi,3.8,132,Platform Fulfilled,2020-12-19
SELL03917,"Narang, Karpe and Pillay",Chennai,4.7,116,Seller Fulfilled,2020-05-25
SELL03918,Nayar-Sarraf,Pune,3.7,340,Platform Fulfilled,2020-05-02
SELL03919,Sura Group,Ahmedabad,2.5,18,Platform Fulfilled,2022-12-14
SELL03920,Dash-Shan,Pune,3.2,13,Seller Fulfilled,2022-04-29
SELL03921,Bawa LLC,Ahmedabad,4.1,217,Seller Fulfilled,2019-01-05
SELL03922,Sura-Chaudhry,Chennai,3.3,124,Platform Fulfilled,2022-02-17
SELL03923,"Rajan, Hegde and Das",Pune,3.3,239,Seller Fulfilled,2022-10-23
SELL03924,Loke-Ramaswamy,Delhi,3.2,280,Seller Fulfilled,2023-08-25
SELL03925,"Hegde, Nair and Jaggi",Pune,3.6,222,Seller Fulfilled,2021-01-08
SELL03926,Peri PLC,Bangalore,4.1,92,Seller Fulfilled,2020-12-13
SELL03927,Pathak-Khatri,Delhi,4.0,293,Platform Fulfilled,2020-07-28
SELL03928,Sethi Inc,Kolkata,3.3,136,Platform Fulfilled,2023-08-03
SELL03929,Kumer-Toor,Mumbai,3.9,243,Platform Fulfilled,2020-01-16
SELL03930,Sahota-Buch,Pune,3.2,359,Platform Fulfilled,2020-09-11
SELL03931,"Cherian, Patil and Sharma",Kolkata,3.3,208,Platform Fulfilled,2021-11-02
SELL03932,Gopal Group,Kolkata,3.5,297,Platform Fulfilled,2020-03-11
SELL03933,Goda-Ramakrishnan,Chennai,4.4,361,Platform Fulfilled,2022-05-18
SELL03934,"Manda, Guha and Luthra",Ahmedabad,3.7,449,Platform Fulfilled,2022-06-17
SELL03935,Bera-Bava,Hyderabad,3.0,114,Seller Fulfilled,2022-05-16
SELL03936,"Sehgal, Majumdar and Mallick",Bangalore,2.3,337,Platform Fulfilled,2022-04-01
SELL03937,"Soman, Prashad and Lalla",Hyderabad,3.0,24,Platform Fulfilled,2022-01-19
SELL03938,Natt-Parmer,Kolkata,3.4,129,Platform Fulfilled,2021-08-20
SELL03939,"Agrawal, Dewan and Mangat",Chennai,4.6,150,Seller Fulfilled,2021-04-18
SELL03940,Bath-De,Ahmedabad,3.5,498,Platform Fulfilled,2022-10-15
SELL03941,"Sathe, Kibe and Mishra",Surat,3.4,316,Platform Fulfilled,2019-07-07
SELL03942,Yohannan-Agrawal,Ahmedabad,3.5,45,Platform Fulfilled,2023-01-12
SELL03943,Ravel Group,Kolkata,3.5,314,Seller Fulfilled,2019-10-25
SELL03944,"Gera, Madan and Salvi",Hyderabad,2.3,263,Platform Fulfilled,2022-10-04
SELL03945,Deep-Tripathi,Kolkata,3.5,473,Seller Fulfilled,2020-05-11
SELL03946,"Saran, Pradhan and Panchal",Bangalore,4.2,217,Seller Fulfilled,2019-02-20
SELL03947,Bhat Ltd,Delhi,3.5,14,Platform Fulfilled,2023-04-17
SELL03948,"Loyal, Palla and Krishnamurthy",Ahmedabad,4.1,216,Seller Fulfilled,2023-03-02
SELL03949,"Borra, Sane and Madan",Hyderabad,4.1,346,Platform Fulfilled,2022-10-22
SELL03950,Naidu-Buch,Ahmedabad,3.6,110,Seller Fulfilled,2023-07-18
SELL03951,Sane LLC,Surat,4.4,462,Platform Fulfilled,2020-10-12
SELL03952,Naik-Ratti,Hyderabad,4.7,463,Platform Fulfilled,2020-06-21
SELL03953,Kannan-Taneja,Mumbai,4.0,229,Platform Fulfilled,2022-10-18
SELL03954,Oommen-Ray,Delhi,3.7,181,Platform Fulfilled,2020-08-07
SELL03955,Lata LLC,Kolkata,3.7,225,Platform Fulfilled,2021-06-28
SELL03956,"Pal, Srivastava and Thakkar",Ahmedabad,3.6,237,Seller Fulfilled,2022-02-01
SELL03957,"Korpal, Dayal and Amble",Chennai,3.2,276,Seller Fulfilled,2021-01-08
SELL03958,Gour-Lad,Delhi,4.2,202,Seller Fulfilled,2020-02-21
SELL03959,Varma Ltd,Surat,4.7,301,Platform Fulfilled,2019-05-24
SELL03960,Sastry-Sheth,Pune,3.2,351,Platform Fulfilled,2023-07-30
SELL03961,Nadig-Sethi,Bangalore,4.6,451,Seller Fulfilled,2020-07-07
SELL03962,Bal-Sura,Mumbai,3.6,286,Seller Fulfilled,2021-03-19
SELL03963,Kulkarni Group,Chennai,4.1,388,Seller Fulfilled,2022-10-11
SELL03964,"Chandran, Pingle and Shan",Ahmedabad,3.8,104,Platform Fulfilled,2020-09-10
SELL03965,Saha-Banerjee,Kolkata,4.7,356,Seller Fulfilled,2022-01-22
SELL03966,"Dube, Kalita and Balakrishnan",Pune,4.4,90,Seller Fulfilled,2023-03-04
SELL03967,"Warrior, Thaman and Sura",Delhi,4.1,99,Platform Fulfilled,2021-06-09
SELL03968,Rana-Dugal,Delhi,4.3,444,Seller Fulfilled,2020-08-15
SELL03969,"Bose, Kant and Murty",Delhi,4.1,176,Seller Fulfilled,2020-04-17
SELL03970,Chand PLC,Kolkata,4.7,16,Seller Fulfilled,2022-11-27
SELL03971,Chakrabarti-Chopra,Hyderabad,3.7,16,Seller Fulfilled,2022-04-11
SELL03972,Sharma Group,Chennai,2.7,21,Seller Fulfilled,2020-07-06
SELL03973,Bala LLC,Kolkata,3.8,252,Seller Fulfilled,2019-01-26
SELL03974,"Purohit, Apte and Lad",Bangalore,4.2,167,Seller Fulfilled,2019-03-24
SELL03975,Sibal Ltd,Ahmedabad,4.0,349,Seller Fulfilled,2019-09-22
SELL03976,"Butala, Mutti and Mutti",Mumbai,4.3,63,Seller Fulfilled,2020-08-04
SELL03977,"Dhaliwal, Raja and Kulkarni",Surat,3.8,188,Seller Fulfilled,2019-07-10
SELL03978,"Contractor, Mand and Kohli",Surat,3.2,358,Platform Fulfilled,2022-07-24
SELL03979,Gokhale Ltd,Delhi,3.7,366,Seller Fulfilled,2023-07-24
SELL03980,Doctor-Memon,Pune,3.4,144,Platform Fulfilled,2022-03-19
SELL03981,Hegde PLC,Chennai,5.0,422,Platform Fulfilled,2020-03-05
SELL03982,Deol-Grover,Hyderabad,4.0,107,Platform Fulfilled,2020-06-06
SELL03983,Hayre-Varughese,Bangalore,5.0,363,Seller Fulfilled,2021-11-28
SELL03984,"Babu, Narain and Sinha",Kolkata,5.0,256,Platform Fulfilled,2021-02-20
SELL03985,Halder-Tiwari,Surat,4.4,251,Platform Fulfilled,2023-08-18
SELL03986,"Choudhry, Behl and Tank",Chennai,4.7,213,Seller Fulfilled,2023-05-23
SELL03987,Brahmbhatt-Malhotra,Kolkata,3.7,295,Platform Fulfilled,2023-07-14
SELL03988,Bhakta-Batra,Delhi,3.3,207,Seller Fulfilled,2019-06-23
SELL03989,Savant Inc,Pune,4.2,28,Seller Fulfilled,2019-04-28
SELL03990,Mannan-Warrior,Kolkata,4.1,93,Platform Fulfilled,2023-05-07
SELL03991,Mitter-Handa,Pune,4.4,228,Seller Fulfilled,2020-12-28
SELL03992,"Ranganathan, Sheth and Barman",Kolkata,5.0,19,Platform Fulfilled,2019-08-15
SELL03993,"Jaggi, Bhardwaj and Chahal",Kolkata,3.9,432,Platform Fulfilled,2022-02-13
SELL03994,"Ray, Sachdeva and Kunda",Kolkata,3.2,275,Platform Fulfilled,2020-07-25
SELL03995,Kannan and Sons,Bangalore,3.6,162,Seller Fulfilled,2023-04-10
SELL03996,Comar Ltd,Hyderabad,4.0,259,Seller Fulfilled,2023-02-18
SELL03997,Chad-Uppal,Hyderabad,4.6,66,Platform Fulfilled,2020-06-20
SELL03998,Kuruvilla PLC,Kolkata,3.9,28,Seller Fulfilled,2023-11-03
SELL03999,Mand PLC,Hyderabad,3.5,242,Seller Fulfilled,2021-02-14
SELL04000,"Yogi, Dave and Karpe",Kolkata,4.5,473,Platform Fulfilled,2020-08-04
SELL04001,"Verma, Morar and Sheth",Ahmedabad,3.6,68,Seller Fulfilled,2021-08-21
SELL04002,"Balakrishnan, Loke and Madan",Mumbai,5.0,183,Seller Fulfilled,2023-03-21
SELL04003,Bhasin-Soman,Bangalore,3.8,363,Platform Fulfilled,2021-06-18
SELL04004,"Mallick, Barman and Raju",Ahmedabad,3.1,65,Seller Fulfilled,2022-01-11
SELL04005,Ratta-Sampath,Mumbai,4.6,15,Seller Fulfilled,2023-03-24
SELL04006,Kadakia LLC,Delhi,3.9,20,Platform Fulfilled,2022-02-10
SELL04007,Naik Group,Kolkata,3.0,59,Platform Fulfilled,2022-10-16
SELL04008,"Peri, Barad and Ghose",Ahmedabad,4.0,204,Seller Fulfilled,2020-01-09
SELL04009,Panchal Inc,Bangalore,3.8,316,Seller Fulfilled,2019-05-10
SELL04010,Pau-Sachdev,Hyderabad,4.2,129,Seller Fulfilled,2020-01-08
SELL04011,Mane-Vohra,Chennai,4.7,266,Seller Fulfilled,2022-11-09
SELL04012,Memon Inc,Hyderabad,4.0,224,Platform Fulfilled,2021-08-18
SELL04013,Gole-Saraf,Delhi,4.3,33,Platform Fulfilled,2022-11-21
SELL04014,"Dave, Barman and Sheth",Mumbai,3.9,91,Platform Fulfilled,2019-08-19
SELL04015,"Cherian, Munshi and Hegde",Chennai,4.1,228,Seller Fulfilled,2019-03-27
SELL04016,"Issac, Virk and Brar",Bangalore,4.2,230,Platform Fulfilled,2020-01-21
SELL04017,Padmanabhan PLC,Kolkata,4.0,219,Platform Fulfilled,2021-01-18
SELL04018,Lalla Ltd,Bangalore,3.9,166,Seller Fulfilled,2023-03-24
SELL04019,Parsa Ltd,Surat,3.8,116,Seller Fulfilled,2019-09-16
SELL04020,"Nayar, Babu and Edwin",Surat,3.2,342,Seller Fulfilled,2023-04-29
SELL04021,Gara-Kadakia,Mumbai,3.1,359,Platform Fulfilled,2022-10-05
SELL04022,"Kaul, Thaker and Kale",Hyderabad,3.2,494,Platform Fulfilled,2020-10-13
SELL04023,"Sheth, Nori and Narang",Surat,3.4,76,Platform Fulfilled,2021-05-07
SELL04024,Rout-Kapadia,Chennai,3.8,341,Seller Fulfilled,2021-01-02
SELL04025,"Madan, Jani and Chadha",Chennai,3.1,244,Seller Fulfilled,2019-04-15
SELL04026,Parikh-Sankaran,Chennai,4.0,41,Seller Fulfilled,2023-05-27
SELL04027,Nagi LLC,Chennai,4.5,65,Platform Fulfilled,2019-02-01
SELL04028,"Dhaliwal, Rao and Raj",Pune,3.9,342,Platform Fulfilled,2023-09-29
SELL04029,"Andra, Dua and Bhandari",Surat,3.0,499,Platform Fulfilled,2020-06-18
SELL04030,"Vora, Murthy and Kant",Bangalore,3.1,265,Platform Fulfilled,2023-09-22
SELL04031,"Chandran, Bail and Sahni",Bangalore,2.0,368,Platform Fulfilled,2020-12-31
SELL04032,"Johal, Majumdar and Gera",Hyderabad,4.0,344,Platform Fulfilled,2023-01-01
SELL04033,"Chakrabarti, Setty and Chaudhuri",Bangalore,5.0,134,Seller Fulfilled,2022-01-30
SELL04034,"Mittal, Dave and Jaggi",Delhi,3.6,419,Seller Fulfilled,2023-06-04
SELL04035,"Edwin, Gour and Rana",Kolkata,4.2,457,Seller Fulfilled,2023-05-07
SELL04036,Borah-Saran,Chennai,2.7,379,Platform Fulfilled,2022-02-08
SELL04037,More-Sheth,Surat,4.2,164,Seller Fulfilled,2021-07-15
SELL04038,Trivedi-Savant,Delhi,4.2,276,Seller Fulfilled,2020-09-27
SELL04039,Datta-Oak,Hyderabad,4.1,36,Platform Fulfilled,2022-11-19
SELL04040,"Handa, Ahuja and Soman",Delhi,3.3,350,Seller Fulfilled,2020-07-28
SELL04041,Golla PLC,Pune,3.9,359,Seller Fulfilled,2021-07-25
SELL04042,"Mital, Thaman and Dani",Ahmedabad,2.8,361,Platform Fulfilled,2020-11-02
SELL04043,Peri PLC,Hyderabad,3.8,173,Platform Fulfilled,2021-05-25
SELL04044,Rana-Oak,Kolkata,3.4,60,Seller Fulfilled,2020-09-08
SELL04045,Apte-Deep,Surat,4.1,267,Platform Fulfilled,2023-10-13
SELL04046,Patil-Sane,Bangalore,3.6,269,Platform Fulfilled,2022-04-20
SELL04047,"Lal, Barad and Dar",Pune,4.3,121,Seller Fulfilled,2023-02-07
SELL04048,Dhawan-Saraf,Delhi,3.9,33,Seller Fulfilled,2020-09-01
SELL04049,Mani-Narasimhan,Kolkata,3.4,269,Seller Fulfilled,2022-02-17
SELL04050,Sha Inc,Ahmedabad,4.2,432,Seller Fulfilled,2023-10-27
SELL04051,Kala PLC,Ahmedabad,5.0,21,Seller Fulfilled,2021-03-18
SELL04052,"Jani, Kalita and Venkatesh",Bangalore,3.6,459,Seller Fulfilled,2019-08-19
SELL04053,Dave-Dey,Surat,3.3,107,Platform Fulfilled,2022-05-20
SELL04054,Chana and Sons,Hyderabad,5.0,480,Seller Fulfilled,2020-07-23
SELL04055,"Karan, Mall and Dey",Chennai,3.9,368,Platform Fulfilled,2021-12-25
SELL04056,"Goyal, Rajagopal and Dutt",Pune,5.0,358,Platform Fulfilled,2019-02-07
SELL04057,Patil and Sons,Bangalore,3.5,496,Platform Fulfilled,2022-07-23
SELL04058,Basu Group,Hyderabad,3.5,430,Platform Fulfilled,2023-05-27
SELL04059,"Saini, Bhagat and Sharaf",Delhi,3.4,164,Platform Fulfilled,2019-11-01
SELL04060,Singh Group,Kolkata,4.0,205,Seller Fulfilled,2022-12-04
SELL04061,"Sastry, Tripathi and Varghese",Chennai,3.4,439,Seller Fulfilled,2020-02-20
SELL04062,Halder-Contractor,Bangalore,3.5,265,Platform Fulfilled,2023-05-03
SELL04063,Wason Ltd,Bangalore,3.9,442,Platform Fulfilled,2020-01-13
SELL04064,Bora Ltd,Kolkata,3.6,47,Seller Fulfilled,2022-07-06
SELL04065,Chakrabarti LLC,Bangalore,3.4,269,Seller Fulfilled,2023-11-12
SELL04066,"Zachariah, Saraf and Gera",Hyderabad,3.3,480,Seller Fulfilled,2021-09-20
SELL04067,Grover-Dutt,Chennai,3.4,490,Seller Fulfilled,2023-10-30
SELL04068,Kara-Mannan,Ahmedabad,3.6,173,Seller Fulfilled,2023-08-28
SELL04069,"Mallick, Doshi and Choudhry",Hyderabad,2.7,402,Platform Fulfilled,2020-05-29
SELL04070,Dara-Raman,Kolkata,3.2,167,Platform Fulfilled,2021-07-08
SELL04071,"Radhakrishnan, Joshi and Shankar",Delhi,3.7,458,Seller Fulfilled,2019-09-26
SELL04072,Arya-Nayak,Bangalore,4.0,111,Platform Fulfilled,2019-07-03
SELL04073,Nadkarni-Barman,Kolkata,4.2,278,Platform Fulfilled,2020-08-08
SELL04074,"Balakrishnan, Andra and Munshi",Hyderabad,4.5,499,Seller Fulfilled,2019-06-02
SELL04075,Sanghvi-Yadav,Surat,2.9,290,Seller Fulfilled,2020-06-07
SELL04076,Prakash-Agate,Surat,3.8,149,Seller Fulfilled,2023-01-12
SELL04077,"Subramaniam, Kanda and Kannan",Bangalore,4.1,389,Platform Fulfilled,2020-07-20
SELL04078,"Tank, Chauhan and Sahota",Ahmedabad,3.1,306,Platform Fulfilled,2021-08-17
SELL04079,Khanna-Nagi,Kolkata,3.2,478,Platform Fulfilled,2019-09-24
SELL04080,Jayaraman-Dewan,Surat,4.1,379,Platform Fulfilled,2020-02-25
SELL04081,Suri-Mishra,Mumbai,3.5,307,Seller Fulfilled,2019-08-30
SELL04082,"Sidhu, Ganesan and Oak",Delhi,5.0,158,Platform Fulfilled,2023-10-03
SELL04083,Varughese-Sachdev,Delhi,4.1,15,Platform Fulfilled,2022-08-26
SELL04084,Muni Inc,Hyderabad,5.0,443,Seller Fulfilled,2023-08-10
SELL04085,Menon Inc,Hyderabad,3.7,95,Platform Fulfilled,2020-10-02
SELL04086,Chawla-Sahni,Delhi,3.6,18,Seller Fulfilled,2023-04-12
SELL04087,"Bose, Oak and Ranganathan",Chennai,3.4,453,Seller Fulfilled,2023-08-15
SELL04088,Varma-Sastry,Surat,3.6,228,Platform Fulfilled,2023-09-17
SELL04089,Chana-Kothari,Delhi,3.4,464,Seller Fulfilled,2019-05-17
SELL04090,Mukherjee-Bhakta,Chennai,4.0,299,Seller Fulfilled,2020-05-19
SELL04091,"Banik, Buch and Purohit",Kolkata,3.0,499,Seller Fulfilled,2022-08-03
SELL04092,"Acharya, Ravel and Ramaswamy",Bangalore,3.4,109,Seller Fulfilled,2020-01-07
SELL04093,Ray-Dhawan,Chennai,2.8,361,Seller Fulfilled,2022-02-13
SELL04094,Goswami-Kant,Delhi,4.8,167,Seller Fulfilled,2022-07-15
SELL04095,Dubey Inc,Kolkata,4.3,418,Seller Fulfilled,2023-11-07
SELL04096,Chaudhuri-Sarma,Mumbai,2.1,145,Seller Fulfilled,2022-07-16
SELL04097,Natarajan and Sons,Chennai,3.0,356,Seller Fulfilled,2022-08-01
SELL04098,Malhotra LLC,Mumbai,3.0,83,Seller Fulfilled,2021-08-02
SELL04099,"Viswanathan, Master and Parmar",Mumbai,4.7,362,Seller Fulfilled,2021-01-29
SELL04100,Reddy PLC,Chennai,3.2,289,Seller Fulfilled,2022-03-08
SELL04101,"Hegde, Mukhopadhyay and Varkey",Hyderabad,3.2,294,Seller Fulfilled,2019-06-07
SELL04102,Goel Inc,Kolkata,3.6,226,Platform Fulfilled,2022-11-11
SELL04103,"Sampath, Chaudhry and Prabhakar",Mumbai,4.1,112,Seller Fulfilled,2020-12-26
SELL04104,Parekh PLC,Hyderabad,3.9,391,Seller Fulfilled,2023-10-06
SELL04105,"Thakkar, Sathe and Sahota",Kolkata,4.3,314,Platform Fulfilled,2020-06-07
SELL04106,Chada-Chana,Kolkata,2.4,350,Seller Fulfilled,2023-09-24
SELL04107,"Arora, Majumdar and Kala",Ahmedabad,3.5,354,Seller Fulfilled,2023-02-21
SELL04108,"Trivedi, Mohanty and Atwal",Chennai,3.3,349,Seller Fulfilled,2021-04-13
SELL04109,"Arora, Khanna and Singhal",Bangalore,4.7,200,Platform Fulfilled,2020-12-07
SELL04110,Kothari Group,Mumbai,4.2,95,Seller Fulfilled,2019-06-29
SELL04111,Khurana LLC,Kolkata,3.3,202,Seller Fulfilled,2019-08-06
SELL04112,"Sawhney, Majumdar and Ram",Bangalore,3.4,470,Platform Fulfilled,2023-09-28
SELL04113,"Dubey, Sawhney and Yadav",Surat,3.2,160,Seller Fulfilled,2021-10-13
SELL04114,Kara and Sons,Kolkata,2.9,399,Platform Fulfilled,2022-02-21
SELL04115,Datta Ltd,Delhi,4.4,20,Platform Fulfilled,2020-06-01
SELL04116,Iyer-Nayar,Hyderabad,3.9,247,Seller Fulfilled,2019-07-30
SELL04117,"Sane, Kapadia and Bora",Hyderabad,4.7,424,Seller Fulfilled,2019-11-05
SELL04118,"Behl, Zachariah and Taneja",Mumbai,3.9,163,Seller Fulfilled,2022-01-04
SELL04119,"Nayar, Bahri and Dixit",Kolkata,3.3,347,Seller Fulfilled,2023-01-21
SELL04120,Bakshi Group,Mumbai,4.0,84,Seller Fulfilled,2021-08-27
SELL04121,Kulkarni-Sane,Chennai,2.9,175,Platform Fulfilled,2021-01-05
SELL04122,Radhakrishnan-Borah,Kolkata,3.8,181,Platform Fulfilled,2019-12-13
SELL04123,"Bandi, Gara and Devan",Hyderabad,3.9,353,Seller Fulfilled,2023-10-19
SELL04124,Soni PLC,Ahmedabad,3.0,362,Platform Fulfilled,2022-06-15
SELL04125,"Raghavan, Rana and Pradhan",Chennai,3.5,14,Seller Fulfilled,2020-12-04
SELL04126,"Suri, Kala and Yohannan",Delhi,3.4,138,Seller Fulfilled,2022-11-18
SELL04127,Mutti-Mohan,Chennai,3.8,43,Platform Fulfilled,2020-10-22
SELL04128,Sood-Goswami,Ahmedabad,4.6,218,Seller Fulfilled,2020-06-12
SELL04129,"Shenoy, Saxena and Gupta",Mumbai,3.4,58,Platform Fulfilled,2021-01-07
SELL04130,Wagle PLC,Ahmedabad,3.3,199,Platform Fulfilled,2020-12-14
SELL04131,"Baria, Chatterjee and Sangha",Pune,3.2,435,Platform Fulfilled,2020-10-09
SELL04132,Jain-Bahl,Hyderabad,3.3,102,Seller Fulfilled,2022-02-07
SELL04133,Mitra PLC,Ahmedabad,4.4,340,Platform Fulfilled,2020-10-25
SELL04134,Bassi LLC,Surat,3.6,475,Seller Fulfilled,2023-01-31
SELL04135,Hora-Dyal,Pune,3.8,236,Seller Fulfilled,2019-02-27
SELL04136,Chander Inc,Mumbai,3.7,153,Platform Fulfilled,2020-03-17
SELL04137,Deshmukh Ltd,Surat,4.4,229,Platform Fulfilled,2020-09-15
SELL04138,"Kapur, Nair and Vaidya",Mumbai,2.6,109,Seller Fulfilled,2022-05-13
SELL04139,Kakar-Deep,Hyderabad,2.9,228,Platform Fulfilled,2020-05-24
SELL04140,Ben Inc,Hyderabad,3.7,361,Seller Fulfilled,2020-06-11
SELL04141,Patil and Sons,Pune,4.2,249,Seller Fulfilled,2022-01-12
SELL04142,Gade-Dutt,Hyderabad,4.7,245,Platform Fulfilled,2021-05-24
SELL04143,"Dora, Ranganathan and Prabhu",Kolkata,3.5,274,Platform Fulfilled,2021-11-18
SELL04144,Tak-Ganesan,Delhi,3.5,419,Seller Fulfilled,2023-05-29
SELL04145,Krishna-Divan,Delhi,3.6,313,Seller Fulfilled,2022-11-25
SELL04146,Dugal Group,Delhi,3.9,38,Seller Fulfilled,2023-07-28
SELL04147,Chaudhary and Sons,Kolkata,3.2,280,Seller Fulfilled,2021-04-07
SELL04148,Bali-Sarna,Hyderabad,4.2,491,Seller Fulfilled,2019-08-02
SELL04149,"Bhatt, Sha and Contractor",Chennai,3.1,188,Platform Fulfilled,2021-02-04
SELL04150,"Soman, Yogi and Venkatesh",Mumbai,5.0,164,Platform Fulfilled,2022-06-28
SELL04151,Mutti Inc,Delhi,3.4,281,Seller Fulfilled,2023-11-05
SELL04152,Khatri-Nagy,Surat,4.7,395,Platform Fulfilled,2022-03-15
SELL04153,Soman Inc,Ahmedabad,3.8,27,Seller Fulfilled,2020-01-03
SELL04154,Sandal Group,Chennai,3.8,192,Platform Fulfilled,2022-03-12
SELL04155,Tara-Gala,Chennai,3.3,171,Seller Fulfilled,2021-01-22
SELL04156,Sahota Inc,Ahmedabad,4.4,394,Platform Fulfilled,2021-06-16
SELL04157,"Kadakia, Singhal and Nair",Bangalore,2.8,160,Platform Fulfilled,2021-04-26
SELL04158,Narayan-Sathe,Surat,3.7,97,Seller Fulfilled,2020-07-21
SELL04159,"Sibal, Palan and Upadhyay",Ahmedabad,4.1,452,Platform Fulfilled,2021-07-29
SELL04160,Salvi PLC,Kolkata,4.6,164,Seller Fulfilled,2022-11-02
SELL04161,Oak-Hora,Surat,3.8,459,Platform Fulfilled,2020-09-15
SELL04162,Chawla-Bera,Pune,3.7,362,Seller Fulfilled,2022-05-28
SELL04163,"Minhas, Sem and Behl",Hyderabad,3.7,477,Seller Fulfilled,2022-03-10
SELL04164,"Chopra, Dayal and Vora",Hyderabad,3.5,469,Seller Fulfilled,2019-12-14
SELL04165,Narasimhan Inc,Delhi,2.8,494,Platform Fulfilled,2022-07-28
SELL04166,"Gokhale, Sathe and Chad",Mumbai,4.3,470,Seller Fulfilled,2023-06-15
SELL04167,Loke and Sons,Ahmedabad,2.9,87,Seller Fulfilled,2023-01-11
SELL04168,Prasad-Sidhu,Pune,3.6,298,Seller Fulfilled,2022-02-11
SELL04169,Devi-Mohan,Kolkata,4.0,80,Seller Fulfilled,2019-09-02
SELL04170,Golla PLC,Bangalore,4.5,68,Seller Fulfilled,2022-07-18
SELL04171,Mittal Group,Chennai,3.4,249,Seller Fulfilled,2021-10-29
SELL04172,Bal-Dara,Pune,5.0,74,Seller Fulfilled,2022-10-30
SELL04173,Mand-Bhandari,Chennai,4.2,56,Platform Fulfilled,2019-12-12
SELL04174,Gokhale-More,Bangalore,2.9,368,Seller Fulfilled,2023-01-16
SELL04175,Mitter-Arya,Surat,3.7,425,Seller Fulfilled,2020-04-27
SELL04176,Lad-Bansal,Hyderabad,3.1,233,Platform Fulfilled,2021-01-19
SELL04177,Thakur-Salvi,Surat,2.8,161,Platform Fulfilled,2022-01-16
SELL04178,Sampath-Kapadia,Kolkata,3.0,122,Seller Fulfilled,2021-04-15
SELL04179,Chacko-Lal,Hyderabad,3.2,133,Seller Fulfilled,2023-03-13
SELL04180,Bhavsar-Gill,Kolkata,4.4,358,Platform Fulfilled,2019-09-04
SELL04181,Edwin-Kulkarni,Bangalore,5.0,448,Seller Fulfilled,2019-10-16
SELL04182,Deshmukh-Gill,Delhi,3.9,112,Platform Fulfilled,2023-08-11
SELL04183,Luthra Group,Surat,3.1,247,Platform Fulfilled,2020-11-18
SELL04184,"Minhas, Pandya and Ranganathan",Chennai,3.7,391,Platform Fulfilled,2023-02-24
SELL04185,Vasa-Sule,Kolkata,3.4,111,Platform Fulfilled,2022-11-09
SELL04186,Sur Ltd,Ahmedabad,4.0,194,Seller Fulfilled,2023-05-31
SELL04187,Mann-Cherian,Mumbai,3.6,493,Seller Fulfilled,2019-03-01
SELL04188,Rattan-Sathe,Ahmedabad,3.6,15,Platform Fulfilled,2020-12-18
SELL04189,Nazareth-Barad,Ahmedabad,4.3,399,Platform Fulfilled,2020-11-29
SELL04190,Khosla-Vasa,Pune,4.4,478,Seller Fulfilled,2022-11-16
SELL04191,Srinivas Group,Pune,3.8,445,Seller Fulfilled,2019-05-03
SELL04192,"Datta, Kapoor and Gara",Ahmedabad,4.4,10,Seller Fulfilled,2023-02-08
SELL04193,Dara-Suresh,Surat,4.6,373,Seller Fulfilled,2019-06-09
SELL04194,Naik Group,Mumbai,3.8,444,Platform Fulfilled,2022-03-08
SELL04195,Shukla LLC,Delhi,3.1,305,Platform Fulfilled,2020-10-02
SELL04196,"Seshadri, Narain and Kari",Surat,2.9,409,Seller Fulfilled,2022-01-14
SELL04197,Ravi-Dhar,Pune,4.2,434,Platform Fulfilled,2020-09-28
SELL04198,Mutti Inc,Hyderabad,4.6,415,Seller Fulfilled,2021-10-03
SELL04199,"D’Alia, Andra and Sarna",Bangalore,3.8,74,Platform Fulfilled,2022-05-29
SELL04200,"Subramaniam, Majumdar and Bhatia",Ahmedabad,4.4,483,Seller Fulfilled,2021-12-30
SELL04201,"Tailor, Ghosh and Bal",Delhi,4.2,270,Platform Fulfilled,2022-03-15
SELL04202,Chaudry Group,Surat,4.3,298,Seller Fulfilled,2019-10-12
SELL04203,Dubey-Batta,Kolkata,3.0,222,Platform Fulfilled,2019-09-19
SELL04204,Pingle Inc,Ahmedabad,3.3,204,Platform Fulfilled,2020-12-25
SELL04205,Dora-Borra,Mumbai,2.6,95,Seller Fulfilled,2020-08-24
SELL04206,"Sampath, Dutta and Kaur",Chennai,3.6,446,Seller Fulfilled,2019-09-17
SELL04207,"Golla, Banik and Buch",Bangalore,3.8,56,Seller Fulfilled,2020-09-19
SELL04208,"Sundaram, Thaman and Sathe",Hyderabad,2.8,127,Platform Fulfilled,2020-05-19
SELL04209,Bir-Kakar,Bangalore,3.6,370,Seller Fulfilled,2022-11-11
SELL04210,Bhardwaj Ltd,Chennai,4.0,403,Platform Fulfilled,2023-11-13
SELL04211,Sur-Iyengar,Kolkata,4.3,471,Platform Fulfilled,2019-02-21
SELL04212,"Sachdev, Dua and Pall",Chennai,3.8,28,Platform Fulfilled,2019-12-28
SELL04213,Mody-Keer,Bangalore,3.9,285,Seller Fulfilled,2020-03-23
SELL04214,"Sandal, Thakkar and Ratti",Mumbai,4.5,166,Seller Fulfilled,2019-03-08
SELL04215,"Subramaniam, Iyer and Deep",Kolkata,4.2,438,Platform Fulfilled,2020-08-16
SELL04216,Bhatia Inc,Mumbai,2.9,392,Seller Fulfilled,2022-10-11
SELL04217,Cheema-Mukhopadhyay,Hyderabad,2.7,265,Seller Fulfilled,2019-03-16
SELL04218,Biswas LLC,Mumbai,3.4,93,Platform Fulfilled,2021-11-12
SELL04219,Gara and Sons,Bangalore,3.5,290,Platform Fulfilled,2021-12-31
SELL04220,Kibe and Sons,Bangalore,4.4,245,Seller Fulfilled,2021-09-24
SELL04221,"Jayaraman, Manda and Rama",Kolkata,4.8,496,Seller Fulfilled,2020-08-21
SELL04222,"Kohli, Varkey and Issac",Bangalore,4.0,206,Seller Fulfilled,2019-03-18
SELL04223,Comar-Dhar,Surat,4.3,404,Platform Fulfilled,2022-02-19
SELL04224,"Jayaraman, Rajan and Dubey",Delhi,3.4,201,Seller Fulfilled,2023-01-09
SELL04225,Sandal LLC,Kolkata,3.0,345,Platform Fulfilled,2021-07-06
SELL04226,Mishra-Chad,Pune,3.6,197,Seller Fulfilled,2022-07-25
SELL04227,Maharaj-Konda,Delhi,3.1,17,Seller Fulfilled,2020-07-08
SELL04228,Tandon-Ravel,Hyderabad,4.0,352,Seller Fulfilled,2023-08-26
SELL04229,Uppal-Anand,Ahmedabad,4.7,128,Platform Fulfilled,2021-07-17
SELL04230,"Mangal, Rai and Oommen",Surat,2.8,104,Seller Fulfilled,2022-11-29
SELL04231,"Saxena, Virk and Kale",Delhi,2.7,142,Seller Fulfilled,2020-10-19
SELL04232,"Sen, Sengupta and Sheth",Surat,3.7,129,Seller Fulfilled,2021-12-08
SELL04233,Rattan-Om,Bangalore,4.1,130,Platform Fulfilled,2023-02-28
SELL04234,Dhingra and Sons,Bangalore,3.1,357,Platform Fulfilled,2019-11-01
SELL04235,"Gandhi, Dube and Shankar",Bangalore,3.9,467,Seller Fulfilled,2022-11-30
SELL04236,"Hegde, Kapadia and Verma",Chennai,3.4,368,Platform Fulfilled,2021-02-07
SELL04237,Biswas-Dhar,Kolkata,4.4,293,Platform Fulfilled,2021-08-21
SELL04238,Tripathi-Patla,Hyderabad,3.6,100,Seller Fulfilled,2022-12-11
SELL04239,Bhargava-Shenoy,Mumbai,4.3,194,Seller Fulfilled,2021-03-15
SELL04240,Hans-Lad,Kolkata,3.6,467,Seller Fulfilled,2022-09-12
SELL04241,Biswas-Natarajan,Chennai,5.0,334,Seller Fulfilled,2019-12-07
SELL04242,"Suresh, Kata and Menon",Surat,3.0,341,Platform Fulfilled,2019-12-19
SELL04243,Khurana-Bava,Chennai,3.7,161,Platform Fulfilled,2021-09-13
SELL04244,Natarajan Ltd,Bangalore,4.6,224,Seller Fulfilled,2022-11-09
SELL04245,Chadha-Mutti,Bangalore,3.1,359,Platform Fulfilled,2019-03-17
SELL04246,Shan Inc,Surat,4.3,253,Seller Fulfilled,2019-11-25
SELL04247,Nagar LLC,Ahmedabad,3.9,337,Seller Fulfilled,2020-11-11
SELL04248,Manda-Gandhi,Mumbai,3.7,464,Platform Fulfilled,2022-12-29
SELL04249,Jhaveri Ltd,Surat,4.0,204,Platform Fulfilled,2021-03-13
SELL04250,Mand-Cherian,Ahmedabad,4.3,335,Seller Fulfilled,2022-10-04
SELL04251,Hans Inc,Hyderabad,3.8,368,Platform Fulfilled,2022-04-03
SELL04252,Soman-Kulkarni,Ahmedabad,4.4,262,Platform Fulfilled,2020-11-24
SELL04253,"Menon, Menon and Sharma",Delhi,3.4,285,Seller Fulfilled,2019-01-14
SELL04254,"Dhar, Mann and Balan",Pune,4.0,193,Seller Fulfilled,2021-05-30
SELL04255,Master Ltd,Surat,3.9,67,Platform Fulfilled,2021-01-18
SELL04256,Anand-Sarraf,Surat,3.3,213,Platform Fulfilled,2020-03-15
SELL04257,"Sahota, Goda and Bava",Hyderabad,4.6,340,Platform Fulfilled,2019-08-05
SELL04258,Dugar-Ahuja,Pune,3.1,44,Seller Fulfilled,2023-11-13
SELL04259,Pal and Sons,Kolkata,2.5,59,Platform Fulfilled,2022-11-08
SELL04260,Bhavsar Inc,Bangalore,3.1,256,Seller Fulfilled,2020-04-13
SELL04261,Saha PLC,Surat,4.1,433,Platform Fulfilled,2021-06-21
SELL04262,Deo PLC,Bangalore,4.9,419,Platform Fulfilled,2019-06-30
SELL04263,Nagy and Sons,Delhi,2.9,232,Seller Fulfilled,2019-01-03
SELL04264,Sastry-Agate,Kolkata,4.2,177,Seller Fulfilled,2021-04-25
SELL04265,"Shan, Batta and Panchal",Delhi,2.9,410,Platform Fulfilled,2023-08-14
SELL04266,Balay PLC,Chennai,3.7,259,Seller Fulfilled,2019-06-18
SELL04267,Raval-Dhar,Surat,3.5,372,Platform Fulfilled,2020-10-10
SELL04268,Som PLC,Hyderabad,4.5,32,Platform Fulfilled,2023-11-30
SELL04269,Varty PLC,Surat,4.6,446,Platform Fulfilled,2023-07-19
SELL04270,Maharaj LLC,Hyderabad,4.5,255,Platform Fulfilled,2023-01-13
SELL04271,Muni PLC,Mumbai,3.1,113,Platform Fulfilled,2020-05-31
SELL04272,Doshi Group,Delhi,4.0,470,Seller Fulfilled,2022-01-06
SELL04273,"Venkataraman, Raj and Suresh",Mumbai,3.5,447,Seller Fulfilled,2023-07-23
SELL04274,"Rastogi, Krishna and Grover",Surat,4.5,340,Seller Fulfilled,2023-04-07
SELL04275,Vig-Ravi,Hyderabad,4.9,83,Seller Fulfilled,2023-01-21
SELL04276,Deep Inc,Ahmedabad,2.2,424,Platform Fulfilled,2020-10-12
SELL04277,Ratta-Prashad,Pune,3.8,202,Seller Fulfilled,2022-10-17
SELL04278,Gill LLC,Kolkata,4.2,238,Seller Fulfilled,2023-05-20
SELL04279,"Sengupta, Bhasin and Gopal",Delhi,4.6,297,Platform Fulfilled,2022-02-03
SELL04280,Sha-Gill,Bangalore,4.5,499,Seller Fulfilled,2023-04-11
SELL04281,"Dhawan, Raman and Oza",Pune,3.4,468,Platform Fulfilled,2023-02-01
SELL04282,"Chakraborty, Dhillon and Bawa",Pune,3.2,20,Seller Fulfilled,2023-05-26
SELL04283,Chopra Group,Delhi,3.8,156,Seller Fulfilled,2022-09-29
SELL04284,"Mandal, Thaman and Sachdeva",Kolkata,3.8,416,Seller Fulfilled,2020-04-16
SELL04285,Shankar-Samra,Hyderabad,4.0,171,Seller Fulfilled,2021-07-15
SELL04286,Chacko-Murthy,Pune,3.6,119,Platform Fulfilled,2019-12-06
SELL04287,Chandra Inc,Delhi,3.9,291,Seller Fulfilled,2022-03-12
SELL04288,Dyal Ltd,Surat,3.4,191,Platform Fulfilled,2020-07-16
SELL04289,Sankar Group,Surat,3.7,123,Seller Fulfilled,2021-07-28
SELL04290,Vyas-Shah,Pune,4.2,172,Platform Fulfilled,2022-05-29
SELL04291,Gupta-D’Alia,Bangalore,4.2,454,Seller Fulfilled,2019-06-27
SELL04292,"Mannan, Lall and Padmanabhan",Pune,3.7,381,Seller Fulfilled,2019-11-09
SELL04293,Sathe Ltd,Chennai,3.7,278,Seller Fulfilled,2023-07-17
SELL04294,Patla-Lanka,Delhi,5.0,406,Seller Fulfilled,2021-11-29
SELL04295,Balan Inc,Chennai,3.5,390,Platform Fulfilled,2021-04-09
SELL04296,Buch PLC,Delhi,2.9,295,Platform Fulfilled,2022-08-21
SELL04297,Wali-Dube,Chennai,3.0,191,Platform Fulfilled,2021-12-15
SELL04298,Rai-Dubey,Mumbai,3.7,428,Platform Fulfilled,2019-01-31
SELL04299,Kulkarni PLC,Mumbai,4.2,126,Platform Fulfilled,2019-11-08
SELL04300,Zacharia-Prabhu,Mumbai,3.3,84,Platform Fulfilled,2020-10-04
SELL04301,"Mangal, Sahota and Master",Kolkata,4.6,249,Seller Fulfilled,2021-09-02
SELL04302,"Randhawa, Sandhu and Baria",Chennai,3.7,425,Platform Fulfilled,2020-08-13
SELL04303,"Walia, Oak and Chauhan",Surat,5.0,287,Seller Fulfilled,2019-11-29
SELL04304,"Peri, Kohli and Ray",Bangalore,3.2,475,Platform Fulfilled,2021-11-06
SELL04305,Mann-Sani,Bangalore,3.6,340,Seller Fulfilled,2019-11-15
SELL04306,Pai Group,Kolkata,3.0,286,Seller Fulfilled,2019-01-27
SELL04307,"Munshi, Sachar and Tata",Ahmedabad,3.5,344,Seller Fulfilled,2019-01-05
SELL04308,Bhakta-Purohit,Ahmedabad,2.2,360,Platform Fulfilled,2019-02-08
SELL04309,Wable Ltd,Surat,4.3,209,Seller Fulfilled,2022-08-26
SELL04310,Kapur Inc,Pune,4.0,416,Platform Fulfilled,2020-11-29
SELL04311,Randhawa Group,Mumbai,4.7,411,Seller Fulfilled,2022-09-09
SELL04312,Mani Inc,Bangalore,2.7,185,Platform Fulfilled,2019-02-21
SELL04313,Reddy-Shan,Delhi,4.0,491,Seller Fulfilled,2022-11-04
SELL04314,Bhatnagar-Bhakta,Surat,2.9,481,Platform Fulfilled,2019-11-20
SELL04315,Dash-Sachar,Surat,3.8,180,Platform Fulfilled,2019-01-04
SELL04316,Dubey-Manda,Chennai,4.3,111,Seller Fulfilled,2023-02-09
SELL04317,"Solanki, Krishna and Oak",Kolkata,2.6,199,Seller Fulfilled,2023-04-23
SELL04318,"Ramachandran, Bajaj and Kapur",Pune,3.5,92,Seller Fulfilled,2019-08-11
SELL04319,Tak and Sons,Ahmedabad,3.8,341,Platform Fulfilled,2023-08-08
SELL04320,Tara-Ahluwalia,Hyderabad,3.9,198,Seller Fulfilled,2021-09-26
SELL04321,"Dada, Morar and Dora",Mumbai,4.3,237,Platform Fulfilled,2019-12-06
SELL04322,Shukla-Kibe,Hyderabad,3.4,158,Platform Fulfilled,2020-09-16
SELL04323,Bhat-Mutti,Chennai,3.6,232,Platform Fulfilled,2020-11-27
SELL04324,"Balay, Sura and Lata",Bangalore,4.3,131,Seller Fulfilled,2021-01-11
SELL04325,Pall-Koshy,Hyderabad,3.9,36,Seller Fulfilled,2020-01-27
SELL04326,Dhar Inc,Kolkata,3.3,417,Seller Fulfilled,2022-06-23
SELL04327,Sunder and Sons,Mumbai,3.7,138,Platform Fulfilled,2022-09-08
SELL04328,Arya-Bumb,Mumbai,3.4,165,Seller Fulfilled,2021-06-05
SELL04329,Rai-Batta,Bangalore,4.0,382,Seller Fulfilled,2019-04-23
SELL04330,Gara Group,Chennai,5.0,301,Seller Fulfilled,2021-08-27
SELL04331,Mistry and Sons,Kolkata,4.8,278,Platform Fulfilled,2019-04-09
SELL04332,Divan PLC,Chennai,2.7,307,Platform Fulfilled,2023-10-12
SELL04333,"Bhandari, Uppal and Agrawal",Mumbai,4.0,499,Seller Fulfilled,2019-05-30
SELL04334,Iyengar-Misra,Bangalore,3.3,350,Seller Fulfilled,2021-12-05
SELL04335,"Varughese, Kari and Bajaj",Pune,3.3,370,Platform Fulfilled,2019-07-25
SELL04336,Rajagopal LLC,Mumbai,3.8,236,Seller Fulfilled,2023-02-27
SELL04337,Padmanabhan Group,Pune,4.2,145,Seller Fulfilled,2022-09-01
SELL04338,Mital-Minhas,Hyderabad,4.1,216,Platform Fulfilled,2020-08-17
SELL04339,Halder Group,Kolkata,3.3,45,Platform Fulfilled,2019-05-02
SELL04340,Chada and Sons,Kolkata,4.3,78,Platform Fulfilled,2022-07-30
SELL04341,Dani PLC,Bangalore,4.5,334,Platform Fulfilled,2022-10-12
SELL04342,"Loyal, Ramanathan and Ravel",Hyderabad,2.7,88,Seller Fulfilled,2020-08-19
SELL04343,Tara LLC,Bangalore,4.3,402,Seller Fulfilled,2020-12-30
SELL04344,"Narasimhan, Kala and Naik",Bangalore,5.0,421,Seller Fulfilled,2023-04-05
SELL04345,"Edwin, Warrior and Nayak",Surat,4.3,499,Seller Fulfilled,2019-12-21
SELL04346,Tiwari PLC,Hyderabad,4.9,262,Seller Fulfilled,2022-08-11
SELL04347,More LLC,Mumbai,3.1,280,Seller Fulfilled,2021-11-23
SELL04348,Baria Inc,Delhi,2.3,22,Seller Fulfilled,2023-04-02
SELL04349,"Cherian, Toor and Tripathi",Pune,2.9,468,Seller Fulfilled,2020-03-11
SELL04350,Kadakia-Ratta,Ahmedabad,4.4,106,Seller Fulfilled,2021-05-24
SELL04351,Khatri and Sons,Mumbai,3.1,250,Seller Fulfilled,2020-06-07
SELL04352,Bedi-Raju,Pune,5.0,234,Seller Fulfilled,2021-08-07
SELL04353,"Narain, Pandit and Sengupta",Mumbai,3.5,344,Seller Fulfilled,2021-04-25
SELL04354,Bhasin Ltd,Chennai,3.9,120,Seller Fulfilled,2022-04-22
SELL04355,Tak-Muni,Chennai,5.0,149,Seller Fulfilled,2023-05-31
SELL04356,Basu PLC,Surat,3.3,284,Seller Fulfilled,2021-02-27
SELL04357,Merchant-Sant,Delhi,2.5,363,Seller Fulfilled,2020-06-27
SELL04358,Shah LLC,Hyderabad,4.0,116,Platform Fulfilled,2019-08-11
SELL04359,Kapadia and Sons,Ahmedabad,4.1,117,Platform Fulfilled,2019-04-20
SELL04360,"Bansal, Sidhu and Sridhar",Pune,3.3,181,Seller Fulfilled,2021-06-06
SELL04361,Seshadri Group,Hyderabad,4.5,433,Seller Fulfilled,2021-11-18
SELL04362,Mahajan Ltd,Hyderabad,2.5,361,Platform Fulfilled,2021-07-04
SELL04363,Suresh-Dada,Hyderabad,4.5,316,Seller Fulfilled,2020-03-31
SELL04364,"Sachdeva, Dara and Kala",Surat,4.0,324,Seller Fulfilled,2020-06-21
SELL04365,"Chakrabarti, Master and Sandhu",Chennai,3.7,171,Platform Fulfilled,2022-10-08
SELL04366,Brahmbhatt-Vig,Chennai,3.6,183,Platform Fulfilled,2023-03-07
SELL04367,"Sawhney, Mammen and Sani",Hyderabad,4.4,485,Seller Fulfilled,2020-02-15
SELL04368,"Mall, Sinha and Narayan",Chennai,3.8,291,Seller Fulfilled,2020-10-19
SELL04369,"Sahota, Sidhu and Bala",Ahmedabad,4.2,113,Seller Fulfilled,2019-04-30
SELL04370,Bhagat-Sami,Chennai,3.1,182,Platform Fulfilled,2021-03-24
SELL04371,Rout and Sons,Bangalore,4.2,299,Platform Fulfilled,2023-05-21
SELL04372,Sengupta Group,Surat,3.3,247,Seller Fulfilled,2020-10-25
SELL04373,Raj LLC,Kolkata,2.3,315,Seller Fulfilled,2021-04-22
SELL04374,Chana-Tella,Hyderabad,5.0,495,Platform Fulfilled,2023-05-26
SELL04375,Mohanty LLC,Chennai,3.3,168,Platform Fulfilled,2021-09-21
SELL04376,Sandal and Sons,Mumbai,3.6,114,Seller Fulfilled,2022-06-03
SELL04377,Sarma-Hans,Chennai,3.3,390,Seller Fulfilled,2019-03-26
SELL04378,"Andra, Wason and Dash",Surat,4.4,242,Platform Fulfilled,2021-01-14
SELL04379,"Bera, Parikh and Pal",Chennai,3.6,24,Seller Fulfilled,2021-09-14
SELL04380,"Kapur, Prakash and Karpe",Ahmedabad,4.5,233,Seller Fulfilled,2019-10-22
SELL04381,Radhakrishnan and Sons,Pune,3.7,67,Platform Fulfilled,2020-04-08
SELL04382,"Nagar, Bassi and Solanki",Mumbai,4.7,94,Platform Fulfilled,2019-07-27
SELL04383,Gade-Chakraborty,Surat,4.8,361,Seller Fulfilled,2020-10-13
SELL04384,Doctor PLC,Chennai,2.5,26,Seller Fulfilled,2021-12-28
SELL04385,"Dube, Tripathi and Deo",Pune,5.0,275,Seller Fulfilled,2022-09-13
SELL04386,"Krish, Oommen and Iyengar",Delhi,3.2,254,Seller Fulfilled,2023-06-15
SELL04387,"Parekh, Bhalla and Setty",Surat,4.6,158,Platform Fulfilled,2020-07-08
SELL04388,Bassi-De,Kolkata,4.5,363,Platform Fulfilled,2020-08-18
SELL04389,"Ghose, Bajaj and Naidu",Mumbai,2.7,305,Seller Fulfilled,2022-12-01
SELL04390,Iyer and Sons,Hyderabad,2.6,284,Seller Fulfilled,2020-04-04
SELL04391,"Morar, Kala and Andra",Delhi,4.5,331,Platform Fulfilled,2019-04-22
SELL04392,"Sastry, Sahota and Sachdeva",Ahmedabad,3.5,167,Platform Fulfilled,2020-04-26
SELL04393,Sood and Sons,Surat,4.8,40,Platform Fulfilled,2022-02-21
SELL04394,Soman-Chaudhuri,Delhi,3.5,263,Seller Fulfilled,2019-02-09
SELL04395,Mallick and Sons,Delhi,3.6,326,Seller Fulfilled,2019-05-11
SELL04396,"Dar, Mannan and Deshmukh",Surat,3.3,252,Seller Fulfilled,2022-03-06
SELL04397,"Iyer, Karnik and Dash",Ahmedabad,3.7,16,Platform Fulfilled,2022-03-09
SELL04398,"Mitter, Sidhu and Chadha",Chennai,3.0,55,Seller Fulfilled,2020-11-07
SELL04399,Apte-Bali,Kolkata,3.3,52,Platform Fulfilled,2023-03-12
SELL04400,Banerjee Ltd,Mumbai,3.0,225,Seller Fulfilled,2023-05-19
SELL04401,De-Walla,Mumbai,4.0,206,Seller Fulfilled,2023-07-29
SELL04402,Sathe-Oza,Delhi,3.8,271,Seller Fulfilled,2022-01-09
SELL04403,"Dash, Ahluwalia and Sankaran",Bangalore,4.6,23,Platform Fulfilled,2022-07-15
SELL04404,Kurian Ltd,Mumbai,4.4,368,Platform Fulfilled,2021-08-24
SELL04405,Wason-Mander,Kolkata,3.0,225,Seller Fulfilled,2021-08-16
SELL04406,Shroff-Devan,Kolkata,4.5,169,Platform Fulfilled,2019-07-17
SELL04407,Bhatia-Ram,Mumbai,3.3,373,Seller Fulfilled,2021-11-03
SELL04408,Magar-Ram,Chennai,2.8,305,Seller Fulfilled,2020-05-08
SELL04409,Prakash Inc,Kolkata,4.7,385,Platform Fulfilled,2022-08-21
SELL04410,Aurora PLC,Mumbai,3.8,363,Seller Fulfilled,2021-11-05
SELL04411,Sankaran-Shetty,Chennai,3.6,448,Platform Fulfilled,2022-01-25
SELL04412,Sankar-Mannan,Delhi,4.0,114,Seller Fulfilled,2020-10-31
SELL04413,Muni Group,Bangalore,3.0,39,Platform Fulfilled,2021-07-22
SELL04414,Gandhi Group,Pune,3.7,400,Seller Fulfilled,2021-11-17
SELL04415,Dave-Bail,Pune,3.0,427,Seller Fulfilled,2020-07-25
SELL04416,Rajan LLC,Kolkata,4.9,166,Seller Fulfilled,2021-08-12
SELL04417,Butala-Borah,Delhi,3.5,20,Platform Fulfilled,2020-04-20
SELL04418,Mohanty-Sarin,Chennai,3.1,93,Platform Fulfilled,2019-08-31
SELL04419,Thaker Group,Surat,4.7,302,Platform Fulfilled,2019-10-21
SELL04420,"Zacharia, Prakash and Chada",Delhi,4.7,249,Seller Fulfilled,2019-03-21
SELL04421,Misra-Deo,Hyderabad,4.1,236,Seller Fulfilled,2021-04-23
SELL04422,Shenoy LLC,Pune,2.4,20,Platform Fulfilled,2019-08-21
SELL04423,Krishna-Varty,Kolkata,3.3,362,Seller Fulfilled,2023-08-15
SELL04424,"Peri, Basu and Bahri",Kolkata,3.3,183,Seller Fulfilled,2022-01-21
SELL04425,Oak Group,Ahmedabad,3.5,67,Seller Fulfilled,2021-12-27
SELL04426,Agarwal LLC,Delhi,4.5,10,Platform Fulfilled,2023-06-07
SELL04427,Bhasin-Loke,Delhi,4.9,416,Seller Fulfilled,2019-01-22
SELL04428,Bhatt Inc,Surat,4.5,463,Seller Fulfilled,2023-09-21
SELL04429,"Sharma, Yadav and Viswanathan",Bangalore,4.7,50,Seller Fulfilled,2021-08-12
SELL04430,"Kumar, Biswas and Dani",Kolkata,3.7,70,Seller Fulfilled,2021-11-12
SELL04431,Kunda-Mody,Surat,2.7,199,Seller Fulfilled,2022-10-31
SELL04432,"Mohanty, Bajaj and Gour",Chennai,4.7,79,Seller Fulfilled,2021-10-06
SELL04433,Sule Group,Delhi,3.4,95,Platform Fulfilled,2020-08-05
SELL04434,Karpe-Tripathi,Pune,4.2,473,Seller Fulfilled,2023-07-14
SELL04435,Peri LLC,Surat,4.4,101,Seller Fulfilled,2022-08-15
SELL04436,"Lalla, Dasgupta and Barad",Delhi,3.3,274,Seller Fulfilled,2022-05-27
SELL04437,Vasa-Oza,Bangalore,4.7,470,Platform Fulfilled,2020-03-24
SELL04438,"Vyas, Thakur and Ganguly",Mumbai,3.2,235,Platform Fulfilled,2023-11-21
SELL04439,Kaul Group,Ahmedabad,3.0,365,Platform Fulfilled,2023-10-06
SELL04440,Kapoor-Oza,Pune,4.8,496,Seller Fulfilled,2020-12-24
SELL04441,Vala-Uppal,Mumbai,4.0,93,Seller Fulfilled,2021-12-03
SELL04442,"Arora, Arora and Sant",Chennai,4.0,171,Platform Fulfilled,2022-06-26
SELL04443,Bava-Mahajan,Hyderabad,3.1,177,Seller Fulfilled,2019-11-18
SELL04444,Nigam PLC,Kolkata,3.9,185,Seller Fulfilled,2019-04-12
SELL04445,Pillay LLC,Ahmedabad,4.0,189,Seller Fulfilled,2023-10-21
SELL04446,"Chad, Swamy and Ghose",Pune,3.5,190,Platform Fulfilled,2022-01-06
SELL04447,"Mangal, Deshpande and Nazareth",Hyderabad,4.0,404,Seller Fulfilled,2021-05-10
SELL04448,"De, Handa and Dhar",Pune,4.8,311,Seller Fulfilled,2019-11-12
SELL04449,Sur-Cherian,Delhi,5.0,360,Seller Fulfilled,2019-03-20
SELL04450,Edwin Ltd,Surat,3.8,249,Platform Fulfilled,2021-05-19
SELL04451,"Khalsa, Barman and Munshi",Mumbai,4.2,497,Seller Fulfilled,2019-09-13
SELL04452,Rau-Divan,Ahmedabad,3.3,305,Platform Fulfilled,2021-09-18
SELL04453,Konda Group,Mumbai,4.4,484,Platform Fulfilled,2021-01-23
SELL04454,Dara and Sons,Delhi,4.4,489,Seller Fulfilled,2022-12-10
SELL04455,Mittal-Comar,Hyderabad,3.4,59,Platform Fulfilled,2019-03-25
SELL04456,"Srinivas, Bala and Kapur",Chennai,4.4,197,Platform Fulfilled,2021-02-19
SELL04457,"Patil, Aggarwal and Kara",Delhi,2.8,111,Seller Fulfilled,2022-07-04
SELL04458,"Chahal, Master and Kala",Bangalore,4.7,72,Platform Fulfilled,2021-05-25
SELL04459,Kata PLC,Mumbai,3.6,495,Seller Fulfilled,2020-10-16
SELL04460,Saha PLC,Hyderabad,4.4,162,Platform Fulfilled,2019-03-06
SELL04461,Krishna LLC,Hyderabad,4.0,310,Seller Fulfilled,2019-05-13
SELL04462,Raman-Apte,Surat,4.7,44,Platform Fulfilled,2022-03-07
SELL04463,"Mitter, Jha and Murthy",Ahmedabad,3.3,499,Platform Fulfilled,2020-12-07
SELL04464,Chacko and Sons,Ahmedabad,3.5,268,Seller Fulfilled,2019-02-20
SELL04465,"Sant, Grover and Gokhale",Hyderabad,3.7,83,Platform Fulfilled,2023-09-08
SELL04466,Doshi-Halder,Ahmedabad,4.2,82,Seller Fulfilled,2023-09-14
SELL04467,"Nadkarni, Loke and Biswas",Hyderabad,4.9,317,Seller Fulfilled,2021-03-28
SELL04468,"Goel, Kurian and Morar",Ahmedabad,3.8,364,Seller Fulfilled,2021-09-18
SELL04469,Boase-Goel,Delhi,4.2,319,Platform Fulfilled,2021-04-30
SELL04470,Warrior-Joshi,Mumbai,3.6,140,Seller Fulfilled,2019-10-15
SELL04471,Gola Group,Delhi,4.1,277,Platform Fulfilled,2022-05-03
SELL04472,Konda Group,Surat,5.0,229,Seller Fulfilled,2020-01-24
SELL04473,Chadha PLC,Ahmedabad,3.3,334,Seller Fulfilled,2021-07-16
SELL04474,"Basak, Aurora and Vora",Ahmedabad,4.0,407,Platform Fulfilled,2022-10-14
SELL04475,"Vyas, Varghese and Vaidya",Chennai,3.9,461,Platform Fulfilled,2021-08-14
SELL04476,"Dewan, Batra and Bhakta",Delhi,4.5,227,Seller Fulfilled,2020-02-17
SELL04477,Gupta and Sons,Delhi,1.8,400,Seller Fulfilled,2022-10-03
SELL04478,Deshmukh Group,Hyderabad,3.5,482,Seller Fulfilled,2019-11-04
SELL04479,"Chand, Cheema and Lall",Delhi,3.9,321,Seller Fulfilled,2020-10-25
SELL04480,Dar-Modi,Hyderabad,3.2,49,Seller Fulfilled,2020-08-30
SELL04481,Kant and Sons,Pune,2.5,213,Seller Fulfilled,2020-12-12
SELL04482,Master Inc,Chennai,4.1,491,Seller Fulfilled,2020-02-20
SELL04483,Saran LLC,Bangalore,4.0,232,Platform Fulfilled,2019-03-16
SELL04484,Tara-Sur,Delhi,3.1,22,Seller Fulfilled,2021-10-12
SELL04485,"Mane, Bhandari and Tripathi",Mumbai,4.0,324,Seller Fulfilled,2019-01-23
SELL04486,Chakraborty-Bora,Kolkata,2.6,381,Platform Fulfilled,2019-03-19
SELL04487,Bala-Dhawan,Ahmedabad,4.1,278,Seller Fulfilled,2023-07-03
SELL04488,Baria-Keer,Surat,3.1,438,Platform Fulfilled,2019-03-23
SELL04489,Sama and Sons,Bangalore,3.5,283,Seller Fulfilled,2023-08-25
SELL04490,Chander-Nazareth,Surat,3.3,248,Platform Fulfilled,2023-05-08
SELL04491,Mukhopadhyay PLC,Mumbai,4.3,110,Seller Fulfilled,2019-12-14
SELL04492,Thaman Ltd,Ahmedabad,3.9,256,Seller Fulfilled,2022-12-22
SELL04493,Thakkar-Ray,Mumbai,3.5,255,Seller Fulfilled,2020-07-03
SELL04494,Rajagopal LLC,Pune,4.5,208,Seller Fulfilled,2023-06-13
SELL04495,Srinivasan-Zacharia,Delhi,3.4,7,Seller Fulfilled,2021-08-20
SELL04496,Deo Ltd,Pune,3.8,315,Seller Fulfilled,2021-05-22
SELL04497,Tata PLC,Surat,3.9,317,Seller Fulfilled,2022-12-15
SELL04498,"Bhargava, Kala and Handa",Bangalore,5.0,163,Seller Fulfilled,2023-08-02
SELL04499,Choudhary-Basu,Ahmedabad,4.0,236,Platform Fulfilled,2020-05-28
SELL04500,Shroff Inc,Chennai,3.1,302,Seller Fulfilled,2021-06-03
SELL04501,Master-Panchal,Surat,5.0,255,Platform Fulfilled,2023-06-08
SELL04502,"Aurora, Patil and Toor",Chennai,4.0,122,Seller Fulfilled,2019-10-13
SELL04503,Rout Ltd,Surat,3.9,225,Seller Fulfilled,2022-11-17
SELL04504,Uppal-Jain,Hyderabad,4.2,94,Platform Fulfilled,2022-06-21
SELL04505,Om-Roy,Kolkata,4.4,107,Platform Fulfilled,2019-02-13
SELL04506,"Nadig, Solanki and Palla",Bangalore,4.2,207,Platform Fulfilled,2019-09-28
SELL04507,Subramaniam LLC,Kolkata,3.7,451,Platform Fulfilled,2020-08-15
SELL04508,Ravel-Menon,Kolkata,5.0,309,Platform Fulfilled,2022-12-30
SELL04509,Mohan-Mangal,Hyderabad,3.7,124,Seller Fulfilled,2023-07-30
SELL04510,"Sharma, Dara and Balan",Hyderabad,3.5,42,Platform Fulfilled,2020-08-17
SELL04511,Iyengar LLC,Pune,3.8,78,Seller Fulfilled,2022-04-17
SELL04512,"Goel, Murty and Thakur",Kolkata,5.0,446,Seller Fulfilled,2020-08-17
SELL04513,Bhardwaj-Sankaran,Kolkata,4.7,165,Platform Fulfilled,2019-05-31
SELL04514,"Walla, Dalal and Upadhyay",Ahmedabad,3.9,405,Seller Fulfilled,2022-02-28
SELL04515,Merchant Group,Pune,4.1,165,Platform Fulfilled,2021-10-25
SELL04516,Atwal-Bir,Ahmedabad,3.4,48,Platform Fulfilled,2019-11-17
SELL04517,Shan PLC,Hyderabad,2.8,95,Seller Fulfilled,2019-06-24
SELL04518,"Bassi, Lad and Ben",Bangalore,4.4,141,Seller Fulfilled,2020-07-11
SELL04519,Din LLC,Delhi,3.6,181,Platform Fulfilled,2021-03-27
SELL04520,Bakshi-Srivastava,Mumbai,3.3,16,Seller Fulfilled,2019-02-12
SELL04521,"Mand, Contractor and Bhatnagar",Hyderabad,2.4,430,Seller Fulfilled,2022-01-14
SELL04522,Sachdev Inc,Kolkata,3.9,20,Platform Fulfilled,2023-05-31
SELL04523,Deep Inc,Ahmedabad,3.8,487,Seller Fulfilled,2023-05-12
SELL04524,Narayanan Group,Bangalore,3.0,211,Seller Fulfilled,2021-07-26
SELL04525,"Ganguly, Pingle and Madan",Kolkata,3.6,391,Platform Fulfilled,2021-08-31
SELL04526,Zachariah-Hayer,Delhi,4.3,36,Seller Fulfilled,2019-06-03
SELL04527,Dutta-Sibal,Kolkata,4.1,456,Platform Fulfilled,2023-11-21
SELL04528,Garg-Atwal,Kolkata,3.1,151,Seller Fulfilled,2023-03-08
SELL04529,Khosla LLC,Pune,4.1,322,Seller Fulfilled,2023-03-29
SELL04530,Talwar-Chaudry,Hyderabad,3.8,45,Platform Fulfilled,2020-01-07
SELL04531,"Chaudry, Nadig and Patel",Pune,3.9,9,Seller Fulfilled,2019-10-20
SELL04532,Om Group,Surat,3.7,321,Seller Fulfilled,2020-09-17
SELL04533,Yogi LLC,Surat,4.1,154,Platform Fulfilled,2019-01-23
SELL04534,Yogi-Munshi,Hyderabad,3.9,65,Seller Fulfilled,2021-07-01
SELL04535,"Sibal, Gera and Desai",Surat,4.3,350,Platform Fulfilled,2019-04-13
SELL04536,"Sanghvi, Bobal and Choudhury",Mumbai,4.7,312,Platform Fulfilled,2022-08-22
SELL04537,"Chand, Padmanabhan and Muni",Chennai,3.3,166,Platform Fulfilled,2020-07-10
SELL04538,Pant-Subramaniam,Mumbai,4.1,10,Platform Fulfilled,2019-07-05
SELL04539,"Upadhyay, Subramaniam and Sarin",Ahmedabad,4.8,466,Seller Fulfilled,2019-11-19
SELL04540,Gupta-Brahmbhatt,Chennai,3.5,96,Seller Fulfilled,2022-06-28
SELL04541,Badami-Pathak,Mumbai,2.9,474,Seller Fulfilled,2021-12-09
SELL04542,Tak and Sons,Mumbai,3.8,496,Platform Fulfilled,2019-10-26
SELL04543,Mahajan PLC,Chennai,4.6,306,Platform Fulfilled,2021-07-16
SELL04544,Bora Group,Chennai,3.9,10,Platform Fulfilled,2022-12-12
SELL04545,"Oommen, Garde and Kannan",Surat,3.7,169,Platform Fulfilled,2020-09-10
SELL04546,"Shankar, Raja and Parsa",Pune,3.0,323,Platform Fulfilled,2019-04-15
SELL04547,Bhavsar-Bora,Delhi,4.5,494,Platform Fulfilled,2019-07-27
SELL04548,Mandal-Edwin,Chennai,3.5,268,Platform Fulfilled,2022-09-22
SELL04549,"Tank, Desai and Ranganathan",Pune,4.0,172,Platform Fulfilled,2020-11-30
SELL04550,Bose Ltd,Mumbai,4.0,130,Seller Fulfilled,2022-07-22
SELL04551,Khalsa LLC,Mumbai,3.7,168,Seller Fulfilled,2019-01-30
SELL04552,Sachar-Bobal,Ahmedabad,4.7,136,Seller Fulfilled,2020-07-08
SELL04553,Iyer Group,Mumbai,3.6,341,Seller Fulfilled,2021-08-14
SELL04554,Banik Group,Mumbai,4.0,450,Seller Fulfilled,2021-12-23
SELL04555,"Wason, Ramanathan and Sharma",Chennai,3.8,476,Seller Fulfilled,2023-11-22
SELL04556,"Iyer, Gulati and Dhawan",Mumbai,3.2,398,Platform Fulfilled,2023-01-04
SELL04557,Krishnamurthy and Sons,Kolkata,4.6,335,Platform Fulfilled,2022-01-15
SELL04558,Gala Group,Mumbai,4.0,211,Seller Fulfilled,2023-08-28
SELL04559,Raju Group,Pune,4.2,194,Platform Fulfilled,2020-08-18
SELL04560,Mannan Ltd,Mumbai,4.5,100,Platform Fulfilled,2019-10-15
SELL04561,Suresh-Kumar,Bangalore,3.9,203,Seller Fulfilled,2023-05-08
SELL04562,Seshadri PLC,Pune,3.2,15,Seller Fulfilled,2021-02-20
SELL04563,Manne LLC,Bangalore,3.9,424,Platform Fulfilled,2023-11-07
SELL04564,"Kannan, Sachdeva and Comar",Chennai,3.4,468,Platform Fulfilled,2021-09-26
SELL04565,Batra-Sood,Mumbai,4.8,315,Platform Fulfilled,2021-10-05
SELL04566,Agrawal-Dugar,Pune,3.7,293,Seller Fulfilled,2023-10-26
SELL04567,Sachdeva Group,Surat,2.9,364,Platform Fulfilled,2019-09-02
SELL04568,Sridhar LLC,Delhi,4.2,295,Platform Fulfilled,2020-10-01
SELL04569,Dass Inc,Surat,3.4,308,Seller Fulfilled,2023-06-30
SELL04570,"Shere, Sodhi and Bava",Hyderabad,3.7,99,Platform Fulfilled,2019-07-18
SELL04571,Kadakia and Sons,Kolkata,4.2,43,Platform Fulfilled,2021-04-04
SELL04572,Kapadia-Hayre,Hyderabad,3.6,101,Seller Fulfilled,2019-11-27
SELL04573,Cheema-Raghavan,Mumbai,3.8,297,Platform Fulfilled,2020-10-25
SELL04574,"Khatri, Roy and Suri",Chennai,3.6,499,Seller Fulfilled,2023-01-02
SELL04575,"Bir, Sahota and Pau",Ahmedabad,3.2,302,Platform Fulfilled,2021-12-04
SELL04576,Master-Tak,Hyderabad,4.4,268,Platform Fulfilled,2019-07-13
SELL04577,Jain Inc,Hyderabad,3.5,10,Platform Fulfilled,2020-05-11
SELL04578,Toor-Bose,Hyderabad,4.5,315,Platform Fulfilled,2022-06-19
SELL04579,Din PLC,Surat,2.5,232,Platform Fulfilled,2023-05-14
SELL04580,Issac and Sons,Delhi,4.7,272,Platform Fulfilled,2021-04-16
SELL04581,"Dey, Nori and Kala",Pune,5.0,65,Seller Fulfilled,2023-04-28
SELL04582,Aurora-Dua,Bangalore,3.6,142,Platform Fulfilled,2021-03-20
SELL04583,"Kulkarni, Saran and Krishna",Pune,3.8,146,Platform Fulfilled,2021-09-07
SELL04584,Gara Inc,Hyderabad,4.6,338,Seller Fulfilled,2022-02-19
SELL04585,Varghese Inc,Bangalore,4.5,193,Platform Fulfilled,2020-01-08
SELL04586,"Oza, Deshmukh and Karnik",Bangalore,5.0,97,Seller Fulfilled,2022-10-27
SELL04587,Krish Ltd,Pune,3.2,221,Seller Fulfilled,2019-10-09
SELL04588,"Vasa, Gole and Cheema",Pune,3.9,85,Platform Fulfilled,2023-01-07
SELL04589,"Dani, Sane and Sem",Pune,2.2,334,Seller Fulfilled,2022-08-28
SELL04590,"Bhardwaj, Dada and Raval",Ahmedabad,4.7,291,Platform Fulfilled,2021-12-16
SELL04591,"Vohra, Memon and Ramaswamy",Chennai,2.4,312,Seller Fulfilled,2020-09-15
SELL04592,Loke and Sons,Kolkata,4.2,429,Seller Fulfilled,2021-11-18
SELL04593,"Tata, Narain and Saxena",Ahmedabad,5.0,67,Seller Fulfilled,2023-08-09
SELL04594,Choudhry-Issac,Ahmedabad,4.9,168,Seller Fulfilled,2022-09-30
SELL04595,"Ghosh, Tandon and Bala",Bangalore,4.2,495,Seller Fulfilled,2020-07-24
SELL04596,Karan Inc,Mumbai,4.3,87,Seller Fulfilled,2023-01-01
SELL04597,Bandi-Nadig,Pune,2.7,294,Platform Fulfilled,2023-05-25
SELL04598,Kumer-Kuruvilla,Surat,4.5,248,Platform Fulfilled,2022-11-04
SELL04599,Nagar-Sidhu,Mumbai,3.1,372,Platform Fulfilled,2022-03-19
SELL04600,Kumar-Master,Mumbai,4.2,26,Seller Fulfilled,2022-06-11
SELL04601,Deo-Mishra,Ahmedabad,3.7,216,Platform Fulfilled,2019-04-12
SELL04602,Bala PLC,Chennai,3.0,61,Seller Fulfilled,2023-09-30
SELL04603,Shere-Korpal,Pune,3.4,122,Seller Fulfilled,2020-08-27
SELL04604,"Varma, Shah and Kala",Ahmedabad,3.7,104,Seller Fulfilled,2021-02-06
SELL04605,Mangat-Kohli,Delhi,3.5,326,Seller Fulfilled,2019-07-27
SELL04606,"Ravi, Cheema and Talwar",Chennai,4.2,361,Platform Fulfilled,2022-09-18
SELL04607,"Varty, Luthra and Jhaveri",Pune,3.7,414,Platform Fulfilled,2022-12-31
SELL04608,Devi-Shukla,Hyderabad,3.6,159,Platform Fulfilled,2023-09-23
SELL04609,Chhabra-Toor,Pune,4.5,33,Platform Fulfilled,2021-04-27
SELL04610,"Palan, Malhotra and Nagarajan",Mumbai,2.8,174,Seller Fulfilled,2020-06-06
SELL04611,Prasad-Taneja,Kolkata,3.3,86,Seller Fulfilled,2019-11-24
SELL04612,"Tailor, Sule and Nori",Chennai,4.9,69,Platform Fulfilled,2021-10-13
SELL04613,Soman-Tailor,Mumbai,3.8,48,Seller Fulfilled,2021-03-29
SELL04614,"Shah, Shan and Rajagopal",Mumbai,5.0,360,Platform Fulfilled,2019-11-11
SELL04615,Bala Group,Hyderabad,3.6,309,Platform Fulfilled,2021-04-12
SELL04616,Gour Ltd,Hyderabad,3.0,127,Seller Fulfilled,2020-03-16
SELL04617,"Dutt, Das and Thakkar",Surat,3.8,440,Seller Fulfilled,2021-01-08
SELL04618,Sidhu Inc,Pune,4.2,27,Seller Fulfilled,2023-06-19
SELL04619,"Kadakia, Pathak and Bhattacharyya",Ahmedabad,4.1,372,Seller Fulfilled,2019-02-15
SELL04620,Pau Group,Chennai,5.0,42,Seller Fulfilled,2019-11-18
SELL04621,Aurora Ltd,Delhi,3.6,258,Seller Fulfilled,2023-05-21
SELL04622,Sawhney and Sons,Kolkata,4.2,427,Seller Fulfilled,2021-07-15
SELL04623,"Puri, Shanker and Natt",Surat,4.7,81,Seller Fulfilled,2022-08-02
SELL04624,Swamy-Mukhopadhyay,Surat,2.5,359,Seller Fulfilled,2023-03-16
SELL04625,"Doshi, Mann and Nori",Ahmedabad,4.2,223,Seller Fulfilled,2023-06-27
SELL04626,Ganesan-Prakash,Ahmedabad,4.3,228,Seller Fulfilled,2020-04-28
SELL04627,Parikh-Varughese,Delhi,3.9,267,Seller Fulfilled,2021-10-02
SELL04628,Agarwal Inc,Chennai,3.3,346,Seller Fulfilled,2022-05-04
SELL04629,"Gola, More and Dhaliwal",Bangalore,4.2,314,Platform Fulfilled,2023-07-05
SELL04630,Rege and Sons,Chennai,1.7,231,Platform Fulfilled,2022-03-28
SELL04631,Amble-Issac,Hyderabad,2.4,483,Seller Fulfilled,2023-04-28
SELL04632,Srivastava-Vasa,Delhi,3.5,241,Platform Fulfilled,2023-09-12
SELL04633,"Rama, Banik and Kurian",Ahmedabad,4.9,260,Seller Fulfilled,2023-04-26
SELL04634,Kari-Batta,Bangalore,3.0,275,Platform Fulfilled,2020-07-01
SELL04635,Deol Inc,Kolkata,4.2,51,Seller Fulfilled,2021-09-25
SELL04636,Raghavan Inc,Chennai,3.9,217,Seller Fulfilled,2019-06-09
SELL04637,Chakrabarti and Sons,Kolkata,3.9,214,Seller Fulfilled,2019-08-28
SELL04638,"Master, Sheth and Sule",Pune,3.4,400,Platform Fulfilled,2021-08-25
SELL04639,Nair-Gour,Delhi,5.0,472,Platform Fulfilled,2019-02-22
SELL04640,Prabhakar-Kibe,Delhi,4.5,495,Platform Fulfilled,2022-02-26
SELL04641,Barad-Kant,Chennai,3.1,192,Seller Fulfilled,2019-08-25
SELL04642,Vohra Inc,Mumbai,5.0,348,Platform Fulfilled,2022-05-05
SELL04643,"Konda, Anne and Chandran",Chennai,2.6,419,Seller Fulfilled,2019-03-01
SELL04644,"Srinivas, Sridhar and Ahluwalia",Pune,3.8,9,Seller Fulfilled,2020-01-25
SELL04645,Viswanathan and Sons,Ahmedabad,3.8,305,Seller Fulfilled,2019-11-03
SELL04646,Barad-Walia,Delhi,3.7,313,Seller Fulfilled,2023-08-08
SELL04647,Gulati-Srivastava,Kolkata,4.5,417,Platform Fulfilled,2021-07-13
SELL04648,Grewal-Sharaf,Pune,3.1,429,Platform Fulfilled,2021-11-22
SELL04649,Dugal-Kaur,Surat,4.0,334,Seller Fulfilled,2019-03-16
SELL04650,"Gupta, Chaudhuri and Ratti",Surat,3.3,352,Platform Fulfilled,2019-10-27
SELL04651,Baral Ltd,Kolkata,5.0,478,Platform Fulfilled,2019-03-20
SELL04652,Chaudhuri-Shroff,Chennai,4.6,32,Seller Fulfilled,2022-07-14
SELL04653,"Ravel, Babu and Modi",Ahmedabad,3.4,285,Platform Fulfilled,2021-10-18
SELL04654,Agrawal Group,Pune,4.4,237,Platform Fulfilled,2022-08-25
SELL04655,"Krishnan, Ratta and Bhatt",Kolkata,3.5,23,Seller Fulfilled,2021-03-02
SELL04656,"Chana, Kohli and Dube",Bangalore,4.3,173,Seller Fulfilled,2021-05-30
SELL04657,"Madan, Ratti and Boase",Kolkata,4.6,486,Seller Fulfilled,2023-08-02
SELL04658,Bhatnagar Group,Bangalore,3.1,350,Seller Fulfilled,2019-07-11
SELL04659,Venkatesh-Sem,Delhi,5.0,323,Seller Fulfilled,2021-11-24
SELL04660,Dave Ltd,Ahmedabad,4.0,382,Seller Fulfilled,2020-03-01
SELL04661,"Banik, Ganguly and Narayan",Ahmedabad,4.3,433,Platform Fulfilled,2021-07-23
SELL04662,Kohli-Atwal,Ahmedabad,3.7,239,Seller Fulfilled,2021-06-14
SELL04663,"Bajaj, Padmanabhan and Nigam",Chennai,4.1,177,Platform Fulfilled,2019-04-04
SELL04664,"Murthy, Nayak and Bains",Pune,4.1,364,Seller Fulfilled,2021-08-09
SELL04665,Shah Inc,Kolkata,4.4,386,Seller Fulfilled,2020-08-24
SELL04666,Setty-Yadav,Ahmedabad,3.8,300,Platform Fulfilled,2019-08-28
SELL04667,Badami-Sastry,Mumbai,3.6,240,Seller Fulfilled,2019-03-08
SELL04668,"Devi, Mohanty and Mukhopadhyay",Surat,3.9,248,Seller Fulfilled,2021-03-27
SELL04669,"Saraf, Biswas and Buch",Delhi,4.2,483,Seller Fulfilled,2019-01-06
SELL04670,Samra Group,Surat,4.0,19,Platform Fulfilled,2019-04-09
SELL04671,"Vasa, Madan and Sachdev",Kolkata,4.4,49,Seller Fulfilled,2021-07-18
SELL04672,"Gupta, Hora and Biswas",Hyderabad,5.0,16,Seller Fulfilled,2019-03-02
SELL04673,"Koshy, Randhawa and Pau",Hyderabad,3.4,276,Seller Fulfilled,2023-11-02
SELL04674,Ratta-Mangal,Hyderabad,4.1,185,Platform Fulfilled,2019-11-20
SELL04675,"Dara, Sahni and Sangha",Hyderabad,2.1,132,Seller Fulfilled,2022-06-05
SELL04676,"Varughese, Chada and Dora",Chennai,3.3,276,Seller Fulfilled,2023-10-15
SELL04677,Devan LLC,Ahmedabad,3.7,171,Seller Fulfilled,2020-04-20
SELL04678,"Sandal, Buch and Sunder",Ahmedabad,5.0,322,Seller Fulfilled,2021-11-29
SELL04679,Ray PLC,Surat,3.9,22,Seller Fulfilled,2022-08-01
SELL04680,Krish-Sunder,Mumbai,4.2,40,Seller Fulfilled,2019-09-30
SELL04681,"Wadhwa, Murty and Ben",Pune,5.0,368,Seller Fulfilled,2022-02-09
SELL04682,"Nadkarni, Gole and Thakkar",Delhi,4.1,148,Seller Fulfilled,2022-10-29
SELL04683,Sundaram-Sibal,Pune,3.9,70,Platform Fulfilled,2019-06-16
SELL04684,Mittal-Sundaram,Delhi,3.2,9,Platform Fulfilled,2019-04-30
SELL04685,"Konda, Thaker and Ganesan",Delhi,3.7,222,Seller Fulfilled,2019-04-21
SELL04686,"Jain, Johal and Sharaf",Chennai,4.2,366,Seller Fulfilled,2022-09-12
SELL04687,Koshy LLC,Hyderabad,3.9,93,Platform Fulfilled,2020-04-26
SELL04688,"Contractor, Pathak and Srinivasan",Kolkata,3.5,195,Platform Fulfilled,2022-12-16
SELL04689,Gade-Krishnan,Ahmedabad,2.9,67,Seller Fulfilled,2020-01-25
SELL04690,Nath Group,Ahmedabad,4.6,367,Platform Fulfilled,2022-03-14
SELL04691,Pau-Ganesan,Mumbai,5.0,155,Seller Fulfilled,2019-10-31
SELL04692,"Das, Sridhar and Upadhyay",Hyderabad,2.6,32,Seller Fulfilled,2023-07-13
SELL04693,Khatri and Sons,Hyderabad,3.8,415,Seller Fulfilled,2023-10-17
SELL04694,"Ravi, Srivastava and Pai",Delhi,3.5,417,Seller Fulfilled,2020-05-19
SELL04695,"Karan, Aurora and Sengupta",Pune,3.6,158,Platform Fulfilled,2021-07-28
SELL04696,"Kala, Dhingra and Chawla",Mumbai,3.6,246,Platform Fulfilled,2020-02-02
SELL04697,Pant Inc,Mumbai,4.4,467,Seller Fulfilled,2022-01-31
SELL04698,Palla and Sons,Delhi,3.9,190,Platform Fulfilled,2019-12-14
SELL04699,Gade-Ratta,Hyderabad,3.9,390,Platform Fulfilled,2022-08-08
SELL04700,Chawla-Dutta,Surat,3.8,410,Platform Fulfilled,2022-09-29
SELL04701,"Som, Nanda and Sharaf",Hyderabad,3.2,128,Platform Fulfilled,2019-09-11
SELL04702,Hegde-Bala,Surat,2.9,313,Seller Fulfilled,2023-11-09
SELL04703,"Dhingra, Bail and Chada",Kolkata,3.8,150,Platform Fulfilled,2019-07-16
SELL04704,"Mahajan, Tata and Kapadia",Bangalore,2.9,490,Platform Fulfilled,2019-01-21
SELL04705,"Dhar, Mukherjee and Grewal",Chennai,4.6,287,Platform Fulfilled,2019-03-30
SELL04706,Lad Group,Pune,2.5,180,Seller Fulfilled,2020-12-13
SELL04707,Gill-Narang,Chennai,3.9,471,Seller Fulfilled,2019-10-18
SELL04708,"Dhawan, Hora and Babu",Kolkata,5.0,105,Platform Fulfilled,2020-02-28
SELL04709,Talwar-Kakar,Kolkata,3.8,63,Platform Fulfilled,2023-09-16
SELL04710,Singhal Group,Delhi,4.8,177,Seller Fulfilled,2021-01-26
SELL04711,Bose-Dugar,Surat,3.3,367,Platform Fulfilled,2022-04-10
SELL04712,Pillai-Batta,Delhi,3.9,475,Platform Fulfilled,2020-07-23
SELL04713,Anne-Raju,Delhi,3.0,486,Seller Fulfilled,2021-05-10
SELL04714,Nagy and Sons,Chennai,2.8,365,Seller Fulfilled,2020-10-08
SELL04715,"Sathe, Bahri and Yohannan",Surat,3.5,330,Platform Fulfilled,2019-09-21
SELL04716,Varghese-Tripathi,Ahmedabad,3.9,210,Platform Fulfilled,2023-05-17
SELL04717,"Choudhury, Bakshi and Gaba",Chennai,4.8,325,Seller Fulfilled,2023-01-12
SELL04718,Saraf-Goel,Ahmedabad,3.1,97,Seller Fulfilled,2023-03-09
SELL04719,Bal Ltd,Ahmedabad,3.0,488,Platform Fulfilled,2022-06-10
SELL04720,Ghose Ltd,Ahmedabad,4.1,15,Platform Fulfilled,2023-02-16
SELL04721,"Dhaliwal, Nagarajan and Narula",Surat,2.6,353,Platform Fulfilled,2022-08-29
SELL04722,"Ramanathan, Srinivas and Ramakrishnan",Pune,2.6,180,Seller Fulfilled,2020-02-04
SELL04723,"Nazareth, Golla and Narula",Kolkata,3.9,364,Seller Fulfilled,2020-08-12
SELL04724,Sane Group,Hyderabad,5.0,351,Platform Fulfilled,2020-04-27
SELL04725,"Sahota, Parmar and Gera",Pune,4.0,153,Platform Fulfilled,2023-11-03
SELL04726,Contractor and Sons,Hyderabad,4.3,437,Platform Fulfilled,2019-03-02
SELL04727,"Samra, Parikh and Bhakta",Surat,4.2,77,Seller Fulfilled,2023-11-19
SELL04728,Jha-Shere,Ahmedabad,4.5,171,Platform Fulfilled,2023-02-27
SELL04729,Kade Group,Mumbai,3.5,112,Seller Fulfilled,2020-01-26
SELL04730,Uppal-Upadhyay,Mumbai,3.4,240,Platform Fulfilled,2019-07-30
SELL04731,Mann-Arora,Hyderabad,3.4,238,Seller Fulfilled,2023-05-03
SELL04732,"Oak, Natarajan and Karan",Surat,2.9,122,Seller Fulfilled,2022-08-10
SELL04733,Khurana Ltd,Mumbai,3.6,481,Seller Fulfilled,2023-11-09
SELL04734,"Pillai, Parikh and Tara",Ahmedabad,3.4,195,Seller Fulfilled,2022-12-30
SELL04735,Mahal-Dalal,Surat,4.0,422,Seller Fulfilled,2020-09-05
SELL04736,Nagarajan-Amble,Surat,4.4,251,Platform Fulfilled,2020-04-20
SELL04737,Sem-Reddy,Pune,2.7,468,Platform Fulfilled,2021-02-10
SELL04738,"Narayan, Kamdar and Hegde",Hyderabad,4.6,240,Seller Fulfilled,2022-12-15
SELL04739,Chhabra LLC,Surat,3.8,130,Seller Fulfilled,2021-08-13
SELL04740,Vig-Kapur,Ahmedabad,3.3,317,Seller Fulfilled,2021-08-10
SELL04741,"Dhaliwal, Kashyap and Yogi",Hyderabad,4.7,450,Seller Fulfilled,2019-02-09
SELL04742,Prabhu PLC,Ahmedabad,4.8,251,Seller Fulfilled,2020-09-04
SELL04743,Kara-Tandon,Mumbai,3.6,75,Seller Fulfilled,2021-06-27
SELL04744,Dar-Khatri,Mumbai,3.4,234,Seller Fulfilled,2020-09-23
SELL04745,Chakraborty-Balakrishnan,Hyderabad,3.9,334,Seller Fulfilled,2022-01-16
SELL04746,Minhas LLC,Ahmedabad,4.1,263,Seller Fulfilled,2019-11-30
SELL04747,"Oak, Borra and Singh",Mumbai,3.4,476,Seller Fulfilled,2022-02-07
SELL04748,Talwar LLC,Kolkata,4.7,212,Seller Fulfilled,2019-11-30
SELL04749,"Shanker, Parmar and Wason",Delhi,4.0,39,Seller Fulfilled,2019-05-01
SELL04750,Ray LLC,Chennai,3.7,144,Seller Fulfilled,2023-10-24
SELL04751,Gulati-Arya,Hyderabad,3.3,479,Seller Fulfilled,2019-10-03
SELL04752,"Kunda, Shere and Arora",Kolkata,4.4,231,Seller Fulfilled,2020-01-19
SELL04753,Mody-Loke,Chennai,5.0,48,Seller Fulfilled,2020-02-25
SELL04754,Thakkar-Bedi,Chennai,3.4,153,Seller Fulfilled,2019-04-15
SELL04755,Loke-Modi,Surat,3.0,187,Seller Fulfilled,2019-10-15
SELL04756,Palan-Subramaniam,Surat,3.7,139,Seller Fulfilled,2021-07-16
SELL04757,Shenoy-Venkataraman,Pune,4.1,166,Seller Fulfilled,2020-07-22
SELL04758,"Guha, Tripathi and Brar",Delhi,3.7,201,Platform Fulfilled,2023-10-21
SELL04759,Raman and Sons,Chennai,3.6,448,Seller Fulfilled,2023-05-11
SELL04760,"Bera, Ray and Verma",Bangalore,3.6,19,Seller Fulfilled,2021-12-26
SELL04761,Bansal Group,Kolkata,3.7,69,Seller Fulfilled,2023-04-25
SELL04762,Thakkar-Bahri,Hyderabad,3.0,388,Seller Fulfilled,2023-04-29
SELL04763,Halder PLC,Hyderabad,5.0,451,Seller Fulfilled,2020-02-10
SELL04764,Murty PLC,Chennai,4.2,130,Seller Fulfilled,2022-06-15
SELL04765,Dua Inc,Hyderabad,3.4,397,Seller Fulfilled,2019-06-02
SELL04766,Bera-Nagarajan,Ahmedabad,3.9,187,Seller Fulfilled,2020-05-09
SELL04767,"Nagi, Chauhan and Saxena",Chennai,4.0,98,Platform Fulfilled,2023-01-29
SELL04768,Mandal-Varkey,Ahmedabad,3.0,412,Platform Fulfilled,2021-05-07
SELL04769,Savant-Hegde,Chennai,3.8,49,Platform Fulfilled,2021-09-13
SELL04770,Goyal LLC,Pune,4.8,248,Platform Fulfilled,2023-09-16
SELL04771,Comar-Sengupta,Hyderabad,3.5,493,Platform Fulfilled,2023-01-31
SELL04772,"Pal, Garde and Nadig",Surat,3.2,221,Seller Fulfilled,2022-08-26
SELL04773,Balasubramanian Group,Ahmedabad,3.7,459,Platform Fulfilled,2023-03-19
SELL04774,"Karpe, Divan and Khare",Kolkata,4.8,402,Seller Fulfilled,2022-09-07
SELL04775,"Baria, Mandal and Brar",Surat,3.4,425,Seller Fulfilled,2020-07-02
SELL04776,Dugar-Mukhopadhyay,Surat,3.9,311,Platform Fulfilled,2019-05-08
SELL04777,"Banik, Mander and Dar",Pune,3.7,156,Seller Fulfilled,2019-07-25
SELL04778,"Mody, Bera and Ganesan",Kolkata,3.6,59,Platform Fulfilled,2021-12-18
SELL04779,Jhaveri Ltd,Pune,3.9,268,Seller Fulfilled,2023-01-09
SELL04780,Gopal Ltd,Bangalore,3.2,29,Platform Fulfilled,2022-11-12
SELL04781,"Dugar, Pall and Ahuja",Pune,4.2,250,Platform Fulfilled,2020-06-15
SELL04782,Srinivas-Palan,Surat,4.5,260,Seller Fulfilled,2021-03-31
SELL04783,"Gola, Chhabra and Shenoy",Chennai,3.9,49,Platform Fulfilled,2023-01-23
SELL04784,Parmar and Sons,Pune,2.6,373,Platform Fulfilled,2020-08-09
SELL04785,Pandit-Savant,Pune,3.6,371,Seller Fulfilled,2023-05-23
SELL04786,Sharaf Group,Surat,4.2,285,Seller Fulfilled,2023-04-11
SELL04787,Narayan-Nazareth,Pune,2.0,323,Seller Fulfilled,2021-11-12
SELL04788,"Brar, Buch and Murty",Mumbai,3.8,7,Seller Fulfilled,2022-04-28
SELL04789,Bala-Lall,Bangalore,4.0,189,Platform Fulfilled,2021-08-22
SELL04790,Tata-Krishna,Mumbai,2.9,412,Platform Fulfilled,2023-10-07
SELL04791,Shanker LLC,Chennai,4.1,127,Platform Fulfilled,2019-12-20
SELL04792,Sunder-Barman,Ahmedabad,2.2,372,Platform Fulfilled,2022-12-28
SELL04793,Keer Ltd,Bangalore,4.5,142,Seller Fulfilled,2023-09-25
SELL04794,Bahri Ltd,Chennai,4.6,268,Seller Fulfilled,2023-04-11
SELL04795,Bassi-Bala,Pune,3.4,471,Seller Fulfilled,2019-10-29
SELL04796,"Chandran, Deep and Apte",Delhi,4.1,91,Platform Fulfilled,2019-01-24
SELL04797,"Ravel, Kurian and Basu",Ahmedabad,3.0,262,Seller Fulfilled,2019-04-19
SELL04798,Bala Ltd,Pune,3.6,270,Seller Fulfilled,2020-12-25
SELL04799,Keer-Sangha,Surat,3.7,233,Seller Fulfilled,2019-06-28
SELL04800,"Nayak, Natt and Lal",Hyderabad,3.8,476,Seller Fulfilled,2022-12-05
SELL04801,Khosla PLC,Hyderabad,3.6,52,Seller Fulfilled,2022-03-03
SELL04802,"Sethi, Krishnamurthy and Rege",Chennai,3.8,79,Seller Fulfilled,2020-02-19
SELL04803,Ramaswamy-Shah,Chennai,5.0,416,Platform Fulfilled,2022-11-20
SELL04804,"Badami, Venkatesh and Pandit",Surat,4.9,205,Platform Fulfilled,2022-08-09
SELL04805,"Gaba, Subramanian and Bassi",Surat,3.4,337,Seller Fulfilled,2020-07-18
SELL04806,"Ravel, Prasad and Bhattacharyya",Pune,4.1,42,Platform Fulfilled,2020-04-25
SELL04807,Das PLC,Delhi,3.1,416,Seller Fulfilled,2019-09-16
SELL04808,Shetty-Chada,Pune,4.1,39,Seller Fulfilled,2023-01-13
SELL04809,Suri Inc,Hyderabad,4.3,425,Seller Fulfilled,2022-08-13
SELL04810,"Cherian, Wadhwa and Mohanty",Bangalore,4.6,123,Seller Fulfilled,2019-07-27
SELL04811,"Kapoor, Chakrabarti and Ahuja",Hyderabad,2.8,42,Platform Fulfilled,2023-06-26
SELL04812,Rajan-Wadhwa,Ahmedabad,4.0,153,Platform Fulfilled,2021-09-01
SELL04813,Mannan-Mani,Ahmedabad,4.0,393,Seller Fulfilled,2021-11-12
SELL04814,Swamy LLC,Ahmedabad,4.3,492,Seller Fulfilled,2020-11-15
SELL04815,Halder and Sons,Mumbai,3.4,472,Seller Fulfilled,2023-09-04
SELL04816,Prabhu PLC,Ahmedabad,3.4,45,Platform Fulfilled,2019-03-07
SELL04817,Srinivasan-Lad,Mumbai,5.0,361,Platform Fulfilled,2020-01-19
SELL04818,Mahajan-Das,Delhi,3.6,58,Seller Fulfilled,2021-07-30
SELL04819,"Sood, Borra and Hans",Kolkata,4.8,336,Seller Fulfilled,2019-10-14
SELL04820,Padmanabhan-Mahajan,Bangalore,4.7,134,Seller Fulfilled,2021-11-08
SELL04821,Mittal Inc,Chennai,3.1,327,Seller Fulfilled,2022-09-30
SELL04822,"Parikh, Toor and Pai",Mumbai,3.0,321,Seller Fulfilled,2021-07-29
SELL04823,Bawa and Sons,Pune,3.1,160,Seller Fulfilled,2020-07-07
SELL04824,"Mani, Master and Narasimhan",Kolkata,5.0,23,Seller Fulfilled,2023-10-12
SELL04825,Karan LLC,Kolkata,3.4,278,Platform Fulfilled,2021-12-12
SELL04826,Modi-Tiwari,Ahmedabad,4.4,225,Platform Fulfilled,2020-01-01
SELL04827,Pillay-Ben,Delhi,3.9,265,Seller Fulfilled,2020-10-01
SELL04828,"Hayer, Mukherjee and Bakshi",Delhi,4.0,132,Platform Fulfilled,2022-07-16
SELL04829,Guha-Ben,Chennai,4.1,285,Seller Fulfilled,2019-03-30
SELL04830,"Kapadia, Krishnan and Aurora",Pune,3.9,455,Platform Fulfilled,2023-09-23
SELL04831,Bandi Group,Kolkata,4.2,260,Platform Fulfilled,2023-04-09
SELL04832,"Saran, Kannan and Sur",Chennai,4.1,381,Platform Fulfilled,2019-06-10
SELL04833,"Ranganathan, Pradhan and Garde",Delhi,3.5,73,Platform Fulfilled,2019-07-08
SELL04834,Chakrabarti Inc,Hyderabad,4.1,315,Seller Fulfilled,2020-01-10
SELL04835,Contractor-Ramesh,Pune,3.6,332,Platform Fulfilled,2023-03-20
SELL04836,"Lata, Gade and Gulati",Bangalore,4.9,199,Platform Fulfilled,2021-08-02
SELL04837,Garg-Goyal,Delhi,4.1,218,Seller Fulfilled,2021-12-02
SELL04838,Ravel Inc,Pune,4.6,23,Seller Fulfilled,2021-07-31
SELL04839,Sachdeva Inc,Surat,5.0,239,Seller Fulfilled,2021-09-01
SELL04840,Modi-Sandal,Hyderabad,3.4,437,Seller Fulfilled,2020-11-03
SELL04841,Chand Group,Ahmedabad,3.1,495,Seller Fulfilled,2019-11-23
SELL04842,Jhaveri and Sons,Kolkata,3.9,408,Platform Fulfilled,2021-01-06
SELL04843,Zacharia LLC,Mumbai,4.2,315,Seller Fulfilled,2023-10-17
SELL04844,Menon-Mangat,Surat,4.6,472,Platform Fulfilled,2019-09-28
SELL04845,"Bhatnagar, Cherian and Chand",Delhi,2.7,281,Platform Fulfilled,2021-05-21
SELL04846,Sahni-Dhingra,Surat,3.7,432,Seller Fulfilled,2020-08-03
SELL04847,Chakrabarti LLC,Ahmedabad,5.0,160,Seller Fulfilled,2020-07-29
SELL04848,Sampath and Sons,Pune,4.3,382,Seller Fulfilled,2019-07-19
SELL04849,Bhakta and Sons,Kolkata,4.0,471,Platform Fulfilled,2019-02-06
SELL04850,Dhaliwal and Sons,Mumbai,4.7,119,Platform Fulfilled,2023-05-01
SELL04851,Srivastava and Sons,Delhi,2.3,107,Platform Fulfilled,2023-06-03
SELL04852,Raju PLC,Surat,2.7,26,Platform Fulfilled,2020-07-16
SELL04853,Dasgupta and Sons,Ahmedabad,3.5,450,Platform Fulfilled,2023-08-12
SELL04854,"Ratta, Shere and Kuruvilla",Bangalore,4.2,389,Seller Fulfilled,2020-09-01
SELL04855,"Johal, Gole and Khare",Hyderabad,3.3,383,Seller Fulfilled,2020-01-13
SELL04856,"Bhatti, Patla and Purohit",Bangalore,3.8,30,Seller Fulfilled,2020-02-07
SELL04857,Das Inc,Mumbai,3.6,464,Platform Fulfilled,2021-06-23
SELL04858,Dewan PLC,Delhi,5.0,217,Seller Fulfilled,2019-10-19
SELL04859,Mistry LLC,Delhi,4.7,458,Platform Fulfilled,2021-03-29
SELL04860,"Rastogi, Malhotra and Amble",Hyderabad,4.0,433,Platform Fulfilled,2022-08-31
SELL04861,Prabhu-Kanda,Bangalore,3.3,70,Platform Fulfilled,2019-12-01
SELL04862,"Bhatnagar, Samra and Kumar",Hyderabad,4.0,302,Platform Fulfilled,2020-01-26
SELL04863,"Bhargava, Bath and Pillay",Bangalore,4.2,162,Seller Fulfilled,2023-04-02
SELL04864,"Varughese, Swamy and Rattan",Pune,3.7,73,Seller Fulfilled,2021-08-15
SELL04865,"Ben, Ramaswamy and Dyal",Pune,3.7,171,Platform Fulfilled,2022-05-11
SELL04866,Natarajan-Bhandari,Ahmedabad,4.0,293,Platform Fulfilled,2022-09-16
SELL04867,Gade Ltd,Hyderabad,2.7,297,Seller Fulfilled,2019-04-23
SELL04868,Nadkarni LLC,Bangalore,4.4,140,Seller Fulfilled,2023-03-04
SELL04869,Dasgupta Group,Ahmedabad,4.8,492,Seller Fulfilled,2022-06-07
SELL04870,Grover PLC,Bangalore,3.3,240,Platform Fulfilled,2020-03-23
SELL04871,Virk Ltd,Delhi,3.8,39,Seller Fulfilled,2022-03-28
SELL04872,Bhat-Kalla,Bangalore,3.5,322,Platform Fulfilled,2019-10-13
SELL04873,De-Khanna,Hyderabad,3.3,360,Platform Fulfilled,2021-09-13
SELL04874,"Singh, Bail and Pillay",Pune,4.4,58,Platform Fulfilled,2020-05-30
SELL04875,Dalal-Samra,Hyderabad,3.4,473,Seller Fulfilled,2021-02-13
SELL04876,Brahmbhatt-Viswanathan,Pune,4.0,480,Seller Fulfilled,2020-05-10
SELL04877,Gupta-Dube,Mumbai,3.2,268,Seller Fulfilled,2022-06-25
SELL04878,Hayer-Varghese,Delhi,4.5,356,Platform Fulfilled,2023-06-14
SELL04879,Pandya Ltd,Kolkata,4.1,454,Seller Fulfilled,2023-01-07
SELL04880,Lata-Vyas,Hyderabad,4.5,461,Platform Fulfilled,2022-04-15
SELL04881,Gola-Yohannan,Delhi,3.6,294,Seller Fulfilled,2023-10-24
SELL04882,"Agarwal, Kade and Kari",Bangalore,3.4,397,Seller Fulfilled,2021-02-16
SELL04883,Hari-Barad,Hyderabad,5.0,269,Seller Fulfilled,2019-01-27
SELL04884,Kaur-Gandhi,Pune,4.3,351,Platform Fulfilled,2019-09-24
SELL04885,Batta and Sons,Chennai,5.0,233,Platform Fulfilled,2022-04-19
SELL04886,Mandal Ltd,Chennai,3.5,216,Platform Fulfilled,2021-12-14
SELL04887,Bhatnagar PLC,Pune,4.5,144,Seller Fulfilled,2023-11-09
SELL04888,"Venkataraman, Puri and Balasubramanian",Mumbai,3.3,177,Platform Fulfilled,2022-09-06
SELL04889,"Bumb, Mangal and Chandran",Ahmedabad,2.9,134,Seller Fulfilled,2020-10-30
SELL04890,Pingle-Vora,Kolkata,4.2,68,Seller Fulfilled,2023-01-18
SELL04891,"Kala, Thakkar and Baral",Surat,4.0,399,Platform Fulfilled,2019-07-31
SELL04892,Jhaveri-Gaba,Pune,3.9,113,Platform Fulfilled,2023-01-05
SELL04893,"Menon, Amble and Kota",Bangalore,2.7,136,Seller Fulfilled,2020-03-27
SELL04894,Pillai-Bhatia,Delhi,2.5,288,Seller Fulfilled,2020-10-25
SELL04895,"Dugar, Koshy and Ganesan",Chennai,4.0,472,Seller Fulfilled,2020-04-01
SELL04896,Dar-Sethi,Mumbai,2.8,479,Platform Fulfilled,2023-09-26
SELL04897,"Comar, Goel and Pandya",Ahmedabad,4.5,262,Platform Fulfilled,2023-05-30
SELL04898,"Naik, Bains and Saran",Mumbai,4.3,386,Seller Fulfilled,2021-09-01
SELL04899,Bali LLC,Ahmedabad,5.0,309,Seller Fulfilled,2022-07-17
SELL04900,Narasimhan PLC,Ahmedabad,4.3,285,Platform Fulfilled,2021-12-19
SELL04901,Dora-Basu,Surat,3.5,330,Platform Fulfilled,2022-12-09
SELL04902,Lanka-Rege,Delhi,4.2,315,Seller Fulfilled,2022-07-17
SELL04903,Borra LLC,Chennai,3.1,96,Platform Fulfilled,2021-11-14
SELL04904,"Issac, Soni and Bawa",Kolkata,4.4,382,Platform Fulfilled,2019-07-10
SELL04905,Sahni and Sons,Surat,4.9,235,Seller Fulfilled,2021-07-07
SELL04906,"Vohra, Sethi and Mand",Hyderabad,3.8,286,Seller Fulfilled,2021-08-28
SELL04907,"Sama, Chander and Verma",Bangalore,3.7,186,Seller Fulfilled,2023-07-12
SELL04908,Shere Inc,Kolkata,3.8,318,Platform Fulfilled,2019-03-09
SELL04909,"Lal, Ramesh and Hayer",Pune,4.2,7,Seller Fulfilled,2022-12-15
SELL04910,Varkey-Garde,Ahmedabad,4.2,316,Platform Fulfilled,2019-10-26
SELL04911,Uppal-Chahal,Bangalore,4.4,164,Seller Fulfilled,2022-02-20
SELL04912,"Pradhan, Sawhney and Andra",Mumbai,3.6,451,Seller Fulfilled,2019-05-26
SELL04913,"Manda, Sidhu and Sridhar",Delhi,5.0,111,Seller Fulfilled,2023-04-21
SELL04914,Zachariah and Sons,Pune,3.5,301,Platform Fulfilled,2019-08-06
SELL04915,Kalita PLC,Hyderabad,3.0,488,Seller Fulfilled,2023-09-30
SELL04916,Keer-Krishnan,Chennai,2.9,332,Seller Fulfilled,2019-10-27
SELL04917,Karpe PLC,Surat,3.8,317,Platform Fulfilled,2019-04-03
SELL04918,"Sood, Ram and Raj",Surat,3.7,223,Seller Fulfilled,2020-05-26
SELL04919,Lala and Sons,Ahmedabad,3.6,61,Platform Fulfilled,2019-06-26
SELL04920,Dube-Saini,Bangalore,4.5,462,Seller Fulfilled,2019-05-04
SELL04921,Mital-Palla,Hyderabad,4.7,413,Platform Fulfilled,2020-03-01
SELL04922,Ranganathan Inc,Kolkata,3.5,117,Platform Fulfilled,2020-04-03
SELL04923,"Gole, Rama and Baral",Surat,4.7,394,Seller Fulfilled,2022-03-13
SELL04924,Sethi LLC,Surat,5.0,426,Platform Fulfilled,2020-10-24
SELL04925,Memon-Yogi,Chennai,3.1,137,Platform Fulfilled,2023-05-30
SELL04926,D’Alia-Chaudhary,Kolkata,4.4,224,Seller Fulfilled,2022-12-25
SELL04927,Chander LLC,Delhi,4.0,61,Platform Fulfilled,2019-10-18
SELL04928,Keer-Johal,Ahmedabad,3.4,324,Platform Fulfilled,2021-04-07
SELL04929,"Atwal, Vig and Koshy",Ahmedabad,4.2,199,Platform Fulfilled,2019-11-01
SELL04930,"Konda, Dyal and Tak",Bangalore,3.1,422,Seller Fulfilled,2020-01-31
SELL04931,Mistry-Palla,Ahmedabad,4.0,351,Seller Fulfilled,2021-09-18
SELL04932,Kannan and Sons,Hyderabad,4.1,78,Seller Fulfilled,2023-09-24
SELL04933,"Dey, Bedi and More",Ahmedabad,4.0,294,Seller Fulfilled,2022-01-11
SELL04934,"Acharya, Apte and Nagar",Hyderabad,4.2,126,Seller Fulfilled,2020-01-05
SELL04935,"Keer, Pandit and Sanghvi",Surat,4.5,59,Seller Fulfilled,2020-11-15
SELL04936,Rajan-Chahal,Delhi,3.3,440,Platform Fulfilled,2019-07-22
SELL04937,"Sibal, Bera and Doctor",Delhi,5.0,40,Seller Fulfilled,2019-06-03
SELL04938,Batra Inc,Kolkata,4.1,59,Platform Fulfilled,2021-10-21
SELL04939,"Ahluwalia, Sule and Brar",Ahmedabad,3.6,13,Seller Fulfilled,2023-06-04
SELL04940,Dani-D’Alia,Bangalore,4.3,206,Platform Fulfilled,2019-11-04
SELL04941,Sur PLC,Delhi,3.7,136,Seller Fulfilled,2019-07-11
SELL04942,Krishnan-Varma,Mumbai,3.3,369,Seller Fulfilled,2021-02-25
SELL04943,Kurian Ltd,Pune,4.1,107,Seller Fulfilled,2023-06-05
SELL04944,Chadha-Walia,Bangalore,4.3,31,Platform Fulfilled,2022-03-11
SELL04945,"Samra, Bakshi and Gour",Chennai,3.5,38,Seller Fulfilled,2022-10-25
SELL04946,"Varkey, Sanghvi and Mohanty",Mumbai,3.4,292,Seller Fulfilled,2019-12-31
SELL04947,"Deep, Soni and Gara",Surat,3.5,231,Platform Fulfilled,2023-06-12
SELL04948,"Kara, Sehgal and Palla",Chennai,4.2,174,Seller Fulfilled,2023-09-20
SELL04949,Shan Ltd,Kolkata,3.1,185,Seller Fulfilled,2022-07-02
SELL04950,"Shan, Mohanty and Choudhry",Surat,3.5,55,Seller Fulfilled,2020-12-08
SELL04951,Dube-Ghosh,Kolkata,3.7,223,Platform Fulfilled,2021-01-17
SELL04952,"Palla, Manne and Grewal",Bangalore,3.0,36,Seller Fulfilled,2022-07-20
SELL04953,Samra-Gole,Ahmedabad,4.3,149,Seller Fulfilled,2023-05-14
SELL04954,Thaker-Sen,Delhi,3.8,419,Platform Fulfilled,2022-09-25
SELL04955,"Sen, Ramachandran and Mammen",Bangalore,5.0,335,Seller Fulfilled,2023-02-03
SELL04956,"Kalla, Kulkarni and Kar",Kolkata,5.0,320,Seller Fulfilled,2020-06-22
SELL04957,Barad-Jain,Delhi,3.4,464,Platform Fulfilled,2021-07-25
SELL04958,Thakur PLC,Kolkata,4.5,55,Platform Fulfilled,2022-08-03
SELL04959,"Shan, Dey and Dass",Chennai,3.6,293,Platform Fulfilled,2021-12-06
SELL04960,Kar and Sons,Bangalore,4.5,9,Seller Fulfilled,2023-03-17
SELL04961,Kala LLC,Mumbai,4.6,242,Platform Fulfilled,2020-10-03
SELL04962,"Pandit, Sundaram and Bir",Hyderabad,2.1,14,Platform Fulfilled,2021-06-28
SELL04963,"Sahni, Banerjee and Hayre",Ahmedabad,2.2,495,Seller Fulfilled,2020-11-05
SELL04964,"Bhat, Deshpande and Mallick",Bangalore,4.1,432,Seller Fulfilled,2021-07-04
SELL04965,Raj Inc,Kolkata,4.5,216,Seller Fulfilled,2019-12-26
SELL04966,"Walia, Chahal and Saran",Bangalore,2.2,476,Seller Fulfilled,2022-04-02
SELL04967,Dyal Ltd,Surat,3.2,10,Seller Fulfilled,2022-12-26
SELL04968,Rege-Koshy,Ahmedabad,5.0,400,Seller Fulfilled,2023-02-03
SELL04969,Narula-Din,Surat,2.9,349,Platform Fulfilled,2022-11-15
SELL04970,"Lala, Wagle and Bhalla",Kolkata,3.6,253,Seller Fulfilled,2023-01-15
SELL04971,"Korpal, Vaidya and Dada",Hyderabad,5.0,157,Seller Fulfilled,2020-11-09
SELL04972,"Suri, Jhaveri and Din",Chennai,3.9,414,Seller Fulfilled,2023-09-14
SELL04973,"Yohannan, Pai and Aggarwal",Delhi,3.4,236,Platform Fulfilled,2023-06-27
SELL04974,Nagy-Salvi,Kolkata,4.4,203,Platform Fulfilled,2022-07-30
SELL04975,Kumer PLC,Hyderabad,4.2,199,Seller Fulfilled,2023-09-23
SELL04976,Dhaliwal LLC,Hyderabad,3.7,152,Seller Fulfilled,2023-05-20
SELL04977,Batra-Atwal,Ahmedabad,4.8,202,Seller Fulfilled,2020-04-12
SELL04978,"Chakrabarti, Tiwari and Khanna",Pune,3.8,279,Platform Fulfilled,2019-01-06
SELL04979,Date and Sons,Delhi,3.7,363,Seller Fulfilled,2020-07-12
SELL04980,"Borra, Parsa and Brahmbhatt",Ahmedabad,3.5,281,Seller Fulfilled,2020-03-04
SELL04981,"Oza, Bedi and Golla",Chennai,4.1,435,Seller Fulfilled,2021-10-08
SELL04982,"Baral, Bath and Jain",Hyderabad,4.0,373,Platform Fulfilled,2022-05-21
SELL04983,"Samra, Modi and Chada",Chennai,4.2,367,Seller Fulfilled,2019-09-29
SELL04984,"Bose, Peri and Kothari",Pune,3.2,325,Seller Fulfilled,2023-07-16
SELL04985,Naidu-Dyal,Ahmedabad,3.9,337,Seller Fulfilled,2023-07-04
SELL04986,"Murty, Peri and Dara",Pune,3.1,63,Seller Fulfilled,2019-06-04
SELL04987,Saxena-Mital,Mumbai,2.6,355,Seller Fulfilled,2022-12-11
SELL04988,"Narula, Chatterjee and Vohra",Delhi,3.3,358,Seller Fulfilled,2021-09-10
SELL04989,Dugal-D’Alia,Chennai,3.5,460,Seller Fulfilled,2021-07-04
SELL04990,Parmer-Wali,Hyderabad,2.0,184,Platform Fulfilled,2020-09-24
SELL04991,"Bail, Malhotra and Chaudhry",Delhi,3.1,315,Seller Fulfilled,2021-05-31
SELL04992,"Verma, Rege and Sahni",Delhi,4.2,361,Seller Fulfilled,2020-06-10
SELL04993,Walia Ltd,Pune,3.9,366,Seller Fulfilled,2019-06-19
SELL04994,"Kamdar, Brar and Bandi",Surat,4.1,78,Seller Fulfilled,2022-08-04
SELL04995,Ganesh PLC,Chennai,5.0,237,Seller Fulfilled,2022-04-29
SELL04996,Sabharwal LLC,Pune,3.8,153,Platform Fulfilled,2020-11-27
SELL04997,Sekhon-Kumar,Ahmedabad,4.1,28,Platform Fulfilled,2022-08-26
SELL04998,"Dewan, Gaba and Dutta",Hyderabad,5.0,444,Seller Fulfilled,2022-07-31
SELL04999,Ratti PLC,Bangalore,2.8,146,Seller Fulfilled,2022-06-13
SELL05000,Oommen LLC,Bangalore,4.2,433,Seller Fulfilled,2019-06-15
