seller_id,total_items_sold,actual_return_rate,avg_seller_rating,fulfilment_type,avg_discount,total_return_cost,return_rate_pct,risk_score,risk_tier
SELL00001,57,0.38596491228070173,4.1,Platform Fulfilled,14.56140350877193,76528.66649999999,38.6,33.5,Medium Risk
SELL00002,11,0.6363636363636364,2.8,Seller Fulfilled,15.454545454545455,5916.205499999998,63.64,56.3,Medium Risk
SELL00003,63,0.4126984126984127,4.1,Seller Fulfilled,12.777777777777779,13758.024,41.27,33.8,Medium Risk
SELL00004,48,0.041666666666666664,4.8,Seller Fulfilled,14.895833333333334,136.44299999999998,4.17,11.2,Low Risk
SELL00005,57,0.49122807017543857,2.9,Seller Fulfilled,17.63157894736842,135381.5265,49.12,49.5,Medium Risk
SELL00006,24,0.625,2.0,Seller Fulfilled,16.041666666666668,57179.289,62.5,62.0,Medium Risk
SELL00007,13,0.38461538461538464,4.1,Platform Fulfilled,13.846153846153847,43753.107,38.46,33.0,Low Risk
SELL00008,16,0.6875,2.7,Platform Fulfilled,19.0625,3713.7135000000003,68.75,61.7,Medium Risk
SELL00009,49,0.40816326530612246,3.7,Seller Fulfilled,19.285714285714285,178816.27049999998,40.82,40.4,Medium Risk
SELL00010,55,0.4909090909090909,2.5,Seller Fulfilled,17.90909090909091,29394.437999999995,49.09,52.7,Medium Risk
SELL00011,40,0.15,4.1,Platform Fulfilled,15.875,3861.0389999999998,15.0,22.5,Low Risk
SELL00012,48,0.22916666666666666,4.2,Seller Fulfilled,18.645833333333332,6761.625,22.92,27.3,Low Risk
SELL00013,27,0.14814814814814814,3.5,Seller Fulfilled,15.74074074074074,2438.0355,14.81,26.8,Low Risk
SELL00014,29,0.3448275862068966,3.3,Platform Fulfilled,12.586206896551724,6552.6134999999995,34.48,36.3,Medium Risk
SELL00015,47,0.2553191489361702,3.0,Seller Fulfilled,18.085106382978722,73372.401,25.53,37.2,Medium Risk
SELL00016,71,0.22535211267605634,3.4,Platform Fulfilled,14.154929577464788,102933.09300000001,22.54,30.4,Low Risk
SELL00017,54,0.37037037037037035,2.8,Seller Fulfilled,17.87037037037037,133759.18349999998,37.04,44.4,Medium Risk
SELL00018,50,0.2,3.8,Seller Fulfilled,14.4,27844.4655,20.0,26.3,Low Risk
SELL00019,54,0.4444444444444444,2.3,Platform Fulfilled,17.685185185185187,79142.06999999999,44.44,51.7,Medium Risk
SELL00020,53,0.24528301886792453,3.8,Platform Fulfilled,16.88679245283019,59329.03200000001,24.53,30.0,Low Risk
SELL00022,63,0.09523809523809523,5.0,Seller Fulfilled,12.53968253968254,8300.2485,9.52,11.0,Low Risk
SELL00023,23,0.30434782608695654,3.3,Platform Fulfilled,20.0,5333.6175,30.43,38.6,Medium Risk
SELL00024,46,0.06521739130434782,4.5,Seller Fulfilled,11.41304347826087,18861.9435,6.52,12.6,Low Risk
SELL00025,44,0.3409090909090909,4.5,Seller Fulfilled,12.954545454545455,126498.999,34.09,27.3,Low Risk
SELL00026,49,0.30612244897959184,3.3,Platform Fulfilled,13.16326530612245,165516.9,30.61,34.7,Medium Risk
SELL00027,20,0.15,4.1,Platform Fulfilled,12.5,1213.578,15.0,20.5,Low Risk
SELL00028,20,0.6,3.3,Seller Fulfilled,22.75,151033.959,60.0,55.0,Medium Risk
SELL00029,36,0.25,4.0,Seller Fulfilled,10.555555555555555,65724.51,25.0,25.1,Low Risk
SELL00031,41,0.2682926829268293,4.1,Seller Fulfilled,18.048780487804876,89672.96549999999,26.83,29.6,Low Risk
SELL00032,26,0.3076923076923077,3.0,Platform Fulfilled,12.307692307692308,113653.13249999999,30.77,36.5,Medium Risk
SELL00033,69,0.13043478260869565,4.3,Platform Fulfilled,16.159420289855074,79164.0495,13.04,20.1,Low Risk
SELL00034,12,0.5833333333333334,3.2,Seller Fulfilled,17.083333333333332,76959.0765,58.33,51.6,Medium Risk
SELL00035,31,0.3225806451612903,3.4,Seller Fulfilled,15.32258064516129,69197.6835,32.26,36.0,Medium Risk
SELL00036,36,0.08333333333333333,4.7,Seller Fulfilled,14.027777777777779,5221.126499999999,8.33,13.5,Low Risk
SELL00037,60,0.15,4.7,Platform Fulfilled,16.583333333333332,48532.095,15.0,18.4,Low Risk
SELL00038,32,0.28125,4.4,Seller Fulfilled,19.6875,10364.182499999999,28.12,29.0,Low Risk
SELL00039,19,0.05263157894736842,5.0,Seller Fulfilled,17.36842105263158,1328.157,5.26,11.7,Low Risk
SELL00040,47,0.3617021276595745,4.2,Platform Fulfilled,17.872340425531913,132661.434,36.17,33.5,Medium Risk
SELL00041,16,0.0625,3.8,Platform Fulfilled,11.5625,8819.091,6.25,17.8,Low Risk
SELL00042,67,0.22388059701492538,4.0,Platform Fulfilled,11.567164179104477,24755.080499999996,22.39,24.4,Low Risk
SELL00043,14,0.0,4.1,Seller Fulfilled,11.785714285714286,0.0,0.0,12.6,Low Risk
SELL00044,15,0.2,3.9,Platform Fulfilled,16.333333333333332,2002.9244999999999,20.0,26.7,Low Risk
SELL00045,41,0.2682926829268293,3.6,Seller Fulfilled,14.390243902439025,9276.267,26.83,31.2,Low Risk
SELL00046,19,0.10526315789473684,4.6,Seller Fulfilled,20.0,953.1375,10.53,18.9,Low Risk
SELL00047,7,0.2857142857142857,3.9,Seller Fulfilled,15.714285714285714,1059.9285,28.57,30.7,Low Risk
SELL00048,16,0.3125,4.9,Seller Fulfilled,15.0,13142.4255,31.25,24.0,Low Risk
SELL00049,36,0.25,3.4,Seller Fulfilled,19.305555555555557,7675.825499999999,25.0,34.7,Medium Risk
SELL00050,17,0.35294117647058826,3.2,Platform Fulfilled,8.529411764705882,3652.2375,35.29,35.0,Medium Risk
SELL00052,18,0.2777777777777778,3.5,Seller Fulfilled,20.833333333333332,52573.432499999995,27.78,36.3,Medium Risk
SELL00053,50,0.34,3.1,Seller Fulfilled,10.1,107498.4105,34.0,36.1,Medium Risk
SELL00054,26,0.2692307692307692,4.4,Seller Fulfilled,20.384615384615383,4983.0225,26.92,28.8,Low Risk
SELL00055,50,0.1,5.0,Platform Fulfilled,19.5,641.457,10.0,15.3,Low Risk
SELL00056,37,0.40540540540540543,3.7,Seller Fulfilled,15.945945945945946,90719.99699999999,40.54,38.2,Medium Risk
SELL00057,45,0.26666666666666666,3.7,Platform Fulfilled,15.555555555555555,55778.089499999995,26.67,31.1,Low Risk
SELL00058,19,0.21052631578947367,3.1,Platform Fulfilled,22.63157894736842,3293.7419999999997,21.05,37.0,Medium Risk
SELL00059,37,0.16216216216216217,4.8,Platform Fulfilled,20.135135135135137,9065.469,16.22,20.3,Low Risk
SELL00060,17,0.35294117647058826,4.2,Seller Fulfilled,15.588235294117647,4379.001,35.29,31.7,Low Risk
SELL00061,30,0.3333333333333333,1.7,Seller Fulfilled,11.166666666666666,14958.094499999997,33.33,46.8,Medium Risk
SELL00062,29,0.20689655172413793,3.9,Platform Fulfilled,18.79310344827586,7688.951999999999,20.69,28.5,Low Risk
SELL00063,41,0.14634146341463414,4.0,Platform Fulfilled,17.073170731707318,33230.715,14.63,23.7,Low Risk
SELL00064,12,0.16666666666666666,3.1,Platform Fulfilled,15.833333333333334,562.56,16.67,30.8,Low Risk
SELL00065,84,0.14285714285714285,4.3,Platform Fulfilled,14.285714285714286,5378.0505,14.29,19.7,Low Risk
SELL00066,37,0.21621621621621623,3.8,Platform Fulfilled,12.432432432432432,44128.245,21.62,26.0,Low Risk
SELL00067,10,0.0,3.9,Platform Fulfilled,7.0,0.0,0.0,11.2,Low Risk
SELL00068,51,0.3333333333333333,3.3,Platform Fulfilled,17.058823529411764,77271.783,33.33,38.3,Medium Risk
SELL00070,34,0.14705882352941177,4.9,Seller Fulfilled,15.441176470588236,40143.855,14.71,16.1,Low Risk
SELL00071,60,0.31666666666666665,3.9,Platform Fulfilled,16.916666666666668,33945.7305,31.67,32.9,Low Risk
SELL00072,32,0.09375,4.6,Platform Fulfilled,17.03125,11862.1695,9.38,16.6,Low Risk
SELL00073,23,0.6521739130434783,2.7,Platform Fulfilled,17.391304347826086,48377.61,65.22,59.0,Medium Risk
SELL00074,9,0.3333333333333333,3.9,Platform Fulfilled,19.444444444444443,44891.3595,33.33,35.2,Medium Risk
SELL00075,28,0.21428571428571427,3.9,Seller Fulfilled,16.25,37356.939,21.43,27.4,Low Risk
SELL00076,51,0.17647058823529413,4.9,Seller Fulfilled,19.11764705882353,45001.6245,17.65,19.7,Low Risk
SELL00077,31,0.16129032258064516,4.1,Platform Fulfilled,11.774193548387096,45263.0805,16.13,20.6,Low Risk
SELL00079,54,0.14814814814814814,4.6,Seller Fulfilled,16.48148148148148,88175.99399999999,14.81,19.0,Low Risk
SELL00080,48,0.2708333333333333,3.7,Platform Fulfilled,18.4375,100310.859,27.08,33.0,Low Risk
SELL00081,109,0.26605504587155965,4.0,Seller Fulfilled,13.440366972477063,74252.4375,26.61,27.6,Low Risk
SELL00082,39,0.6153846153846154,3.5,Platform Fulfilled,17.564102564102566,6143.461500000001,61.54,51.2,Medium Risk
SELL00083,63,0.12698412698412698,3.7,Seller Fulfilled,16.746031746031747,5008.788,12.7,24.8,Low Risk
SELL00084,62,0.04838709677419355,4.3,Seller Fulfilled,16.451612903225808,2895.1364999999996,4.84,16.2,Low Risk
SELL00085,35,0.2,4.2,Seller Fulfilled,21.285714285714285,7801.639499999999,20.0,27.4,Low Risk
SELL00086,50,0.2,4.0,Platform Fulfilled,18.8,16198.914,20.0,27.4,Low Risk
SELL00087,42,0.3333333333333333,3.0,Platform Fulfilled,18.095238095238095,117779.766,33.33,41.2,Medium Risk
SELL00088,23,0.21739130434782608,3.6,Platform Fulfilled,18.695652173913043,52496.873999999996,21.74,31.2,Low Risk
SELL00089,37,0.2972972972972973,4.4,Seller Fulfilled,22.7027027027027,97955.823,29.73,31.6,Low Risk
SELL00090,45,0.17777777777777778,3.8,Platform Fulfilled,15.222222222222221,5877.3150000000005,17.78,25.7,Low Risk
SELL00091,23,0.5217391304347826,2.7,Seller Fulfilled,21.304347826086957,6348.882,52.17,54.7,Medium Risk
SELL00092,49,0.2857142857142857,4.2,Seller Fulfilled,22.244897959183675,8179.822499999999,28.57,32.2,Low Risk
SELL00093,17,0.11764705882352941,4.5,Seller Fulfilled,23.235294117647058,688.4549999999999,11.76,22.2,Low Risk
SELL00094,26,0.07692307692307693,3.9,Platform Fulfilled,19.807692307692307,11776.786499999998,7.69,22.6,Low Risk
SELL00095,22,0.18181818181818182,3.4,Platform Fulfilled,19.318181818181817,12512.032500000001,18.18,31.3,Low Risk
SELL00096,64,0.09375,4.6,Platform Fulfilled,16.953125,26612.6625,9.38,16.5,Low Risk
SELL00097,42,0.40476190476190477,3.2,Seller Fulfilled,17.38095238095238,77616.3435,40.48,42.8,Medium Risk
SELL00098,38,0.7631578947368421,2.6,Seller Fulfilled,16.05263157894737,223693.48949999997,76.32,64.4,Medium Risk
SELL00100,22,0.5454545454545454,3.1,Platform Fulfilled,8.863636363636363,17131.563,54.55,45.6,Medium Risk
SELL00101,24,0.125,5.0,Seller Fulfilled,15.416666666666666,5130.398999999999,12.5,14.2,Low Risk
SELL00102,33,0.24242424242424243,3.8,Seller Fulfilled,10.0,51594.2655,24.24,25.9,Low Risk
SELL00103,44,0.6136363636363636,2.8,Seller Fulfilled,16.363636363636363,58112.111999999994,61.36,55.7,Medium Risk
SELL00104,31,0.22580645161290322,3.3,Seller Fulfilled,10.96774193548387,6833.985,22.58,29.4,Low Risk
SELL00105,35,0.14285714285714285,3.7,Seller Fulfilled,22.285714285714285,8874.528,14.29,28.9,Low Risk
SELL00106,22,0.18181818181818182,3.0,Platform Fulfilled,15.454545454545455,21196.447499999995,18.18,32.1,Low Risk
SELL00107,18,0.16666666666666666,3.4,Platform Fulfilled,21.38888888888889,360.6885,16.67,31.8,Low Risk
SELL00108,9,0.2222222222222222,3.8,Platform Fulfilled,16.666666666666668,1121.589,22.22,28.8,Low Risk
SELL00109,51,0.17647058823529413,4.3,Seller Fulfilled,13.529411764705882,94296.555,17.65,20.9,Low Risk
SELL00110,74,0.1891891891891892,4.0,Platform Fulfilled,15.54054054054054,210575.2365,18.92,25.0,Low Risk
SELL00111,63,0.1746031746031746,3.5,Platform Fulfilled,15.158730158730158,36196.842,17.46,27.8,Low Risk
SELL00112,33,0.2727272727272727,4.0,Platform Fulfilled,15.0,21253.712999999996,27.27,28.8,Low Risk
SELL00113,45,0.2,3.5,Platform Fulfilled,11.666666666666666,65431.66500000001,20.0,27.0,Low Risk
SELL00114,32,0.28125,3.5,Seller Fulfilled,17.96875,80660.196,28.12,34.7,Medium Risk
SELL00115,29,0.4482758620689655,4.0,Seller Fulfilled,12.586206896551724,29200.120499999997,44.83,36.2,Medium Risk
SELL00116,85,0.17647058823529413,4.2,Seller Fulfilled,14.588235294117647,73316.5995,17.65,22.3,Low Risk
SELL00117,32,0.1875,3.8,Seller Fulfilled,22.65625,79853.04,18.75,30.6,Low Risk
SELL00118,17,0.11764705882352941,4.0,Seller Fulfilled,12.058823529411764,2953.0679999999998,11.76,19.4,Low Risk
SELL00119,60,0.2833333333333333,3.0,Seller Fulfilled,13.083333333333334,106428.4215,28.33,35.7,Medium Risk
SELL00120,31,0.3225806451612903,3.0,Seller Fulfilled,13.387096774193548,83828.079,32.26,37.9,Medium Risk
SELL00121,33,0.15151515151515152,3.2,Platform Fulfilled,15.303030303030303,4751.979,15.15,29.0,Low Risk
SELL00122,34,0.11764705882352941,4.1,Platform Fulfilled,16.470588235294116,811.6005,11.76,21.2,Low Risk
SELL00123,52,0.19230769230769232,4.6,Platform Fulfilled,17.78846153846154,49731.183,19.23,21.9,Low Risk
SELL00124,33,0.6363636363636364,2.8,Seller Fulfilled,21.060606060606062,68329.1565,63.64,59.5,Medium Risk
SELL00125,60,0.3333333333333333,3.9,Seller Fulfilled,13.916666666666666,116594.05500000001,33.33,32.0,Low Risk
SELL00126,68,0.17647058823529413,4.0,Platform Fulfilled,18.014705882352942,19981.0545,17.65,25.8,Low Risk
SELL00127,7,0.0,2.8,Seller Fulfilled,15.0,0.0,0.0,24.2,Low Risk
SELL00128,20,0.05,3.6,Platform Fulfilled,11.25,1072.6275,5.0,18.5,Low Risk
SELL00129,6,0.0,2.4,Seller Fulfilled,13.333333333333334,0.0,0.0,26.2,Low Risk
SELL00131,38,0.13157894736842105,4.1,Platform Fulfilled,16.973684210526315,38435.601,13.16,22.2,Low Risk
SELL00132,59,0.13559322033898305,3.1,Seller Fulfilled,13.898305084745763,21382.1565,13.56,28.1,Low Risk
SELL00133,12,0.0,3.8,Platform Fulfilled,12.5,0.0,0.0,15.2,Low Risk
SELL00134,25,0.08,3.9,Seller Fulfilled,15.0,25847.983499999995,8.0,20.0,Low Risk
SELL00135,40,0.1,4.8,Seller Fulfilled,18.625,53782.9275,10.0,16.3,Low Risk
SELL00136,16,0.125,3.7,Seller Fulfilled,17.8125,306.957,12.5,25.3,Low Risk
SELL00137,44,0.1590909090909091,4.0,Seller Fulfilled,17.15909090909091,4234.86,15.91,24.4,Low Risk
SELL00138,32,0.28125,3.5,Platform Fulfilled,15.46875,2608.3154999999997,28.12,33.3,Medium Risk
SELL00139,106,0.1509433962264151,4.4,Platform Fulfilled,13.726415094339623,42093.80399999999,15.09,19.0,Low Risk
SELL00140,42,0.35714285714285715,4.5,Seller Fulfilled,13.095238095238095,169511.26049999997,35.71,28.2,Low Risk
SELL00141,22,0.18181818181818182,3.7,Seller Fulfilled,13.181818181818182,1815.3779999999997,18.18,25.5,Low Risk
SELL00142,22,0.13636363636363635,4.7,Platform Fulfilled,19.545454545454547,13534.4085,13.64,19.4,Low Risk
SELL00143,25,0.24,3.9,Seller Fulfilled,14.2,50238.2745,24.0,27.5,Low Risk
SELL00144,42,0.2857142857142857,2.7,Platform Fulfilled,17.142857142857142,11333.043,28.57,40.5,Medium Risk
SELL00145,44,0.20454545454545456,3.8,Platform Fulfilled,19.09090909090909,53860.7715,20.45,29.3,Low Risk
SELL00146,6,0.8333333333333334,2.7,Seller Fulfilled,17.5,2057.202,83.33,68.1,High Risk
SELL00147,28,0.35714285714285715,3.1,Seller Fulfilled,13.75,13192.746,35.71,39.1,Medium Risk
SELL00148,42,0.16666666666666666,3.6,Seller Fulfilled,14.404761904761905,56522.049,16.67,26.2,Low Risk
SELL00149,15,0.13333333333333333,3.7,Seller Fulfilled,22.666666666666668,3410.7690000000002,13.33,28.6,Low Risk
SELL00150,38,0.15789473684210525,3.3,Seller Fulfilled,12.763157894736842,4654.524,15.79,27.0,Low Risk
SELL00151,37,0.32432432432432434,3.6,Seller Fulfilled,18.783783783783782,10345.8555,32.43,36.6,Medium Risk
SELL00152,62,0.3709677419354839,2.3,Seller Fulfilled,12.741935483870968,91510.99799999999,37.1,45.2,Medium Risk
SELL00153,40,0.15,4.6,Seller Fulfilled,14.875,40908.876,15.0,18.1,Low Risk
SELL00154,54,0.5185185185185185,2.9,Seller Fulfilled,12.87037037037037,32977.701,51.85,48.1,Medium Risk
SELL00155,29,0.10344827586206896,4.1,Platform Fulfilled,17.75862068965517,188.811,10.34,21.2,Low Risk
SELL00156,32,0.03125,4.4,Seller Fulfilled,11.875,418.197,3.12,11.9,Low Risk
SELL00157,31,0.3548387096774194,3.9,Seller Fulfilled,16.29032258064516,43471.264500000005,35.48,34.4,Medium Risk
SELL00158,72,0.20833333333333334,4.2,Platform Fulfilled,19.166666666666668,20390.329499999996,20.83,26.5,Low Risk
SELL00160,54,0.2222222222222222,3.6,Platform Fulfilled,15.925925925925926,41735.634,22.22,29.8,Low Risk
SELL00161,19,0.47368421052631576,3.6,Seller Fulfilled,16.31578947368421,44337.378,47.37,42.7,Medium Risk
SELL00162,42,0.14285714285714285,4.6,Platform Fulfilled,14.285714285714286,72665.30249999999,14.29,17.4,Low Risk
SELL00163,46,0.41304347826086957,3.2,Seller Fulfilled,17.282608695652176,14685.139500000001,41.3,43.2,Medium Risk
SELL00164,8,0.0,3.4,Seller Fulfilled,5.625,0.0,0.0,14.2,Low Risk
SELL00165,18,0.3333333333333333,4.5,Seller Fulfilled,20.555555555555557,23885.274000000005,33.33,31.3,Low Risk
SELL00166,27,0.07407407407407407,3.8,Seller Fulfilled,19.444444444444443,594.525,7.41,23.0,Low Risk
SELL00167,33,0.2727272727272727,5.0,Seller Fulfilled,22.727272727272727,81923.5845,27.27,25.9,Low Risk
SELL00168,56,0.16071428571428573,4.1,Platform Fulfilled,17.857142857142858,62952.2535,16.07,24.2,Low Risk
SELL00169,29,0.20689655172413793,4.5,Seller Fulfilled,17.93103448275862,47187.477,20.69,23.5,Low Risk
SELL00170,53,0.22641509433962265,3.9,Platform Fulfilled,17.547169811320753,12376.021499999997,22.64,28.7,Low Risk
SELL00171,43,0.18604651162790697,4.1,Seller Fulfilled,20.697674418604652,23582.671499999997,18.6,27.1,Low Risk
SELL00172,28,0.10714285714285714,3.9,Seller Fulfilled,16.785714285714285,1988.2604999999999,10.71,22.3,Low Risk
SELL00173,32,0.15625,4.5,Platform Fulfilled,20.3125,3458.7974999999997,15.62,22.4,Low Risk
SELL00174,22,0.18181818181818182,4.1,Seller Fulfilled,13.863636363636363,2325.7995,18.18,22.9,Low Risk
SELL00175,56,0.125,3.5,Platform Fulfilled,14.553571428571429,19309.695,12.5,24.9,Low Risk
SELL00176,45,0.15555555555555556,4.7,Seller Fulfilled,13.333333333333334,125181.91350000001,15.56,16.8,Low Risk
SELL00177,14,0.21428571428571427,4.0,Seller Fulfilled,12.857142857142858,17789.256,21.43,24.6,Low Risk
SELL00178,23,0.17391304347826086,5.0,Platform Fulfilled,15.869565217391305,15523.4835,17.39,16.9,Low Risk
SELL00179,47,0.2978723404255319,3.2,Platform Fulfilled,15.425531914893616,45285.34199999999,29.79,36.3,Medium Risk
SELL00180,34,0.20588235294117646,4.0,Platform Fulfilled,17.941176470588236,26971.02,20.59,27.2,Low Risk
SELL00181,23,0.34782608695652173,3.8,Seller Fulfilled,11.73913043478261,44671.093499999995,34.78,32.2,Low Risk
SELL00182,26,0.15384615384615385,3.9,Seller Fulfilled,17.307692307692307,35365.0785,15.38,25.0,Low Risk
SELL00183,22,0.22727272727272727,5.0,Seller Fulfilled,19.318181818181817,10750.430999999999,22.73,21.6,Low Risk
SELL00184,27,0.3333333333333333,2.5,Platform Fulfilled,12.777777777777779,11866.135500000002,33.33,41.8,Medium Risk
SELL00185,76,0.27631578947368424,3.3,Platform Fulfilled,16.644736842105264,82623.4005,27.63,35.2,Medium Risk
SELL00186,24,0.16666666666666666,3.6,Platform Fulfilled,16.458333333333332,1155.2129999999997,16.67,27.4,Low Risk
SELL00187,49,0.40816326530612246,2.9,Platform Fulfilled,12.551020408163266,14712.0975,40.82,42.4,Medium Risk
SELL00188,65,0.3076923076923077,3.3,Platform Fulfilled,17.0,196210.6725,30.77,37.0,Medium Risk
SELL00189,21,0.14285714285714285,4.3,Seller Fulfilled,13.80952380952381,1275.1139999999998,14.29,19.4,Low Risk
SELL00190,35,0.17142857142857143,4.4,Seller Fulfilled,12.571428571428571,5507.931,17.14,19.3,Low Risk
SELL00191,17,0.5882352941176471,2.9,Seller Fulfilled,14.411764705882353,11204.9565,58.82,52.5,Medium Risk
SELL00192,56,0.07142857142857142,4.9,Platform Fulfilled,16.160714285714285,30813.819,7.14,12.7,Low Risk
SELL00193,53,0.22641509433962265,4.9,Platform Fulfilled,19.433962264150942,100455.639,22.64,22.4,Low Risk
SELL00194,86,0.23255813953488372,4.2,Platform Fulfilled,19.476744186046513,60282.424499999994,23.26,28.0,Low Risk
SELL00195,37,0.10810810810810811,3.8,Platform Fulfilled,16.486486486486488,1701.0720000000001,10.81,23.0,Low Risk
SELL00196,17,0.11764705882352941,4.6,Seller Fulfilled,16.764705882352942,16020.534,11.76,17.6,Low Risk
SELL00197,44,0.045454545454545456,4.9,Seller Fulfilled,11.818181818181818,1508.235,4.55,8.8,Low Risk
SELL00198,67,0.3582089552238806,3.9,Platform Fulfilled,17.46268656716418,267682.07999999996,35.82,35.3,Medium Risk
SELL00199,52,0.40384615384615385,3.7,Seller Fulfilled,16.057692307692307,31972.271999999997,40.38,38.3,Medium Risk
SELL00200,31,0.22580645161290322,3.9,Seller Fulfilled,12.580645161290322,61875.64949999999,22.58,25.8,Low Risk
SELL00201,41,0.36585365853658536,4.6,Seller Fulfilled,21.70731707317073,135097.443,36.59,32.9,Low Risk
SELL00202,32,0.125,5.0,Seller Fulfilled,15.46875,9801.591,12.5,14.2,Low Risk
SELL00203,7,0.2857142857142857,3.9,Platform Fulfilled,19.285714285714285,3978.066,28.57,32.8,Low Risk
SELL00204,32,0.25,3.5,Seller Fulfilled,15.0,2823.8445,25.0,31.4,Low Risk
SELL00205,12,0.4166666666666667,4.3,Seller Fulfilled,20.833333333333332,4440.4605,41.67,37.2,Medium Risk
SELL00206,46,0.17391304347826086,3.9,Seller Fulfilled,18.152173913043477,8893.416,17.39,26.5,Low Risk
SELL00207,17,0.35294117647058826,4.2,Platform Fulfilled,23.235294117647058,30181.4655,35.29,36.2,Medium Risk
SELL00208,39,0.358974358974359,4.7,Seller Fulfilled,12.435897435897436,103211.787,35.9,26.4,Low Risk
SELL00209,51,0.17647058823529413,4.8,Seller Fulfilled,14.509803921568627,3673.107,17.65,17.7,Low Risk
SELL00210,23,0.21739130434782608,3.9,Seller Fulfilled,14.347826086956522,70954.965,21.74,26.4,Low Risk
SELL00211,8,0.0,4.6,Platform Fulfilled,13.75,0.0,0.0,10.0,Low Risk
SELL00212,58,0.3620689655172414,2.9,Seller Fulfilled,15.60344827586207,137636.27399999998,36.21,41.9,Medium Risk
SELL00213,17,0.29411764705882354,3.6,Seller Fulfilled,12.352941176470589,32881.056,29.41,31.3,Low Risk
SELL00214,58,0.22413793103448276,4.4,Platform Fulfilled,15.172413793103448,77141.66100000001,22.41,23.5,Low Risk
SELL00215,26,0.38461538461538464,3.0,Seller Fulfilled,22.884615384615383,3135.6315,38.46,46.6,Medium Risk
SELL00216,34,0.20588235294117646,3.7,Seller Fulfilled,14.558823529411764,3219.7439999999992,20.59,27.5,Low Risk
SELL00217,35,0.37142857142857144,3.2,Seller Fulfilled,12.571428571428571,4010.1915,37.14,38.3,Medium Risk
SELL00218,50,0.2,4.6,Seller Fulfilled,14.7,11919.63,20.0,20.5,Low Risk
SELL00219,28,0.32142857142857145,4.7,Platform Fulfilled,12.5,28582.746000000003,32.14,24.5,Low Risk
SELL00220,28,0.35714285714285715,3.5,Platform Fulfilled,14.821428571428571,9365.52,35.71,36.7,Medium Risk
SELL00221,40,0.225,4.1,Seller Fulfilled,15.75,112749.3555,22.5,26.1,Low Risk
SELL00222,71,0.3380281690140845,3.6,Seller Fulfilled,15.704225352112676,156466.1955,33.8,35.5,Medium Risk
SELL00223,78,0.10256410256410256,4.6,Seller Fulfilled,13.58974358974359,10210.403999999999,10.26,15.0,Low Risk
SELL00224,44,0.38636363636363635,4.0,Seller Fulfilled,13.522727272727273,27603.7155,38.64,33.6,Medium Risk
SELL00225,15,0.3333333333333333,3.2,Seller Fulfilled,18.0,2169.7874999999995,33.33,39.6,Medium Risk
SELL00226,49,0.5102040816326531,2.8,Seller Fulfilled,12.653061224489797,42661.7715,51.02,48.3,Medium Risk
SELL00227,16,0.375,2.9,Seller Fulfilled,20.625,2491.2285,37.5,45.5,Medium Risk
SELL00228,41,0.0975609756097561,5.0,Seller Fulfilled,15.609756097560975,4994.549999999999,9.76,12.9,Low Risk
SELL00229,43,0.5813953488372093,5.0,Seller Fulfilled,18.25581395348837,202673.12099999998,58.14,38.7,Medium Risk
SELL00230,43,0.06976744186046512,3.8,Seller Fulfilled,16.27906976744186,5593.1415,6.98,20.9,Low Risk
SELL00231,34,0.38235294117647056,3.6,Seller Fulfilled,17.205882352941178,19677.148499999996,38.24,38.6,Medium Risk
SELL00232,10,0.2,4.9,Seller Fulfilled,10.0,913.6305,20.0,15.5,Low Risk
SELL00233,26,0.19230769230769232,4.5,Seller Fulfilled,12.115384615384615,44628.3405,19.23,19.4,Low Risk
SELL00234,64,0.171875,3.8,Seller Fulfilled,17.03125,32865.625499999995,17.19,26.5,Low Risk
SELL00235,18,0.1111111111111111,3.6,Seller Fulfilled,11.666666666666666,21136.0455,11.11,21.8,Low Risk
SELL00236,32,0.0625,4.6,Platform Fulfilled,17.8125,2084.1569999999997,6.25,15.4,Low Risk
SELL00237,18,0.05555555555555555,3.8,Seller Fulfilled,10.833333333333334,861.246,5.56,17.1,Low Risk
SELL00238,18,0.2222222222222222,3.7,Platform Fulfilled,21.38888888888889,2891.3385,22.22,32.3,Low Risk
SELL00239,39,0.28205128205128205,3.7,Seller Fulfilled,13.333333333333334,12121.307999999997,28.21,30.6,Low Risk
SELL00240,60,0.15,4.6,Seller Fulfilled,15.583333333333334,75388.98,15.0,18.5,Low Risk
SELL00241,32,0.125,3.8,Platform Fulfilled,12.65625,72351.51900000001,12.5,21.6,Low Risk
SELL00242,69,0.3188405797101449,4.0,Seller Fulfilled,14.347826086956522,219264.879,31.88,30.8,Low Risk
SELL00243,32,0.59375,2.8,Seller Fulfilled,17.65625,8557.5765,59.38,55.4,Medium Risk
SELL00244,98,0.17346938775510204,4.6,Seller Fulfilled,18.6734693877551,134631.85350000003,17.35,21.5,Low Risk
SELL00245,43,0.20930232558139536,4.2,Platform Fulfilled,16.27906976744186,42637.850999999995,20.93,24.9,Low Risk
SELL00246,20,0.25,4.6,Seller Fulfilled,11.5,3076.0469999999996,25.0,21.1,Low Risk
SELL00247,54,0.24074074074074073,4.2,Seller Fulfilled,19.814814814814813,26698.834500000004,24.07,28.6,Low Risk
SELL00248,57,0.3333333333333333,3.8,Seller Fulfilled,13.771929824561404,118512.12749999999,33.33,32.6,Low Risk
SELL00249,46,0.2391304347826087,4.9,Seller Fulfilled,18.804347826086957,9775.9275,23.91,22.6,Low Risk
SELL00250,38,0.18421052631578946,3.5,Seller Fulfilled,14.210526315789474,2256.792,18.42,27.7,Low Risk
SELL00251,51,0.17647058823529413,3.7,Seller Fulfilled,13.235294117647058,92122.14899999999,17.65,25.2,Low Risk
SELL00252,38,0.3157894736842105,4.7,Seller Fulfilled,12.894736842105264,99866.964,31.58,24.5,Low Risk
SELL00253,58,0.15517241379310345,4.9,Platform Fulfilled,18.275862068965516,11797.270500000002,15.52,18.1,Low Risk
SELL00254,57,0.12280701754385964,3.9,Seller Fulfilled,16.842105263157894,81516.87449999999,12.28,23.2,Low Risk
SELL00255,54,0.12962962962962962,4.0,Seller Fulfilled,18.61111111111111,2238.192,12.96,23.8,Low Risk
SELL00256,51,0.17647058823529413,4.7,Platform Fulfilled,19.50980392156863,4344.018,17.65,21.4,Low Risk
SELL00257,42,0.2619047619047619,2.9,Platform Fulfilled,11.904761904761905,31320.203999999998,26.19,34.7,Medium Risk
SELL00258,34,0.5,3.1,Seller Fulfilled,14.117647058823529,226954.11000000002,50.0,46.4,Medium Risk
SELL00259,56,0.32142857142857145,3.2,Platform Fulfilled,17.5,89694.64050000001,32.14,38.7,Medium Risk
SELL00260,39,0.28205128205128205,3.9,Platform Fulfilled,18.205128205128204,97766.26349999999,28.21,31.9,Low Risk
SELL00261,7,0.2857142857142857,4.2,Seller Fulfilled,23.571428571428573,434.3595,28.57,33.0,Low Risk
SELL00262,42,0.21428571428571427,3.6,Seller Fulfilled,15.357142857142858,34901.058000000005,21.43,29.1,Low Risk
SELL00263,12,0.5,3.7,Seller Fulfilled,16.666666666666668,88059.38849999999,50.0,43.4,Medium Risk
SELL00264,66,0.19696969696969696,4.5,Seller Fulfilled,17.12121212121212,10710.1515,19.7,22.5,Low Risk
SELL00265,25,0.28,3.3,Platform Fulfilled,15.8,76819.2705,28.0,34.9,Medium Risk
SELL00266,19,0.10526315789473684,4.0,Platform Fulfilled,11.31578947368421,1194.75,10.53,18.3,Low Risk
SELL00267,45,0.13333333333333333,4.8,Seller Fulfilled,12.666666666666666,9831.669,13.33,14.5,Low Risk
SELL00268,28,0.32142857142857145,3.3,Seller Fulfilled,18.571428571428573,11502.9795,32.14,38.6,Medium Risk
SELL00269,31,0.2903225806451613,3.8,Platform Fulfilled,17.741935483870968,80345.5965,29.03,32.8,Low Risk
SELL00270,44,0.3181818181818182,3.4,Seller Fulfilled,10.568181818181818,49008.6195,31.82,33.0,Low Risk
SELL00271,19,0.2631578947368421,2.4,Seller Fulfilled,10.526315789473685,82200.429,26.32,37.7,Medium Risk
SELL00272,74,0.08108108108108109,4.6,Platform Fulfilled,14.256756756756756,49944.61350000001,8.11,14.3,Low Risk
SELL00273,36,0.1388888888888889,3.6,Platform Fulfilled,9.444444444444445,2805.243,13.89,21.9,Low Risk
SELL00274,42,0.30952380952380953,3.1,Seller Fulfilled,14.047619047619047,108579.7545,30.95,36.9,Medium Risk
SELL00275,36,0.3611111111111111,3.5,Seller Fulfilled,14.305555555555555,39209.9865,36.11,36.6,Medium Risk
SELL00277,47,0.1702127659574468,4.0,Platform Fulfilled,15.425531914893616,7425.336,17.02,23.9,Low Risk
SELL00278,15,0.3333333333333333,3.7,Platform Fulfilled,19.0,2775.627,33.33,36.4,Medium Risk
SELL00279,67,0.208955223880597,4.4,Platform Fulfilled,19.029850746268657,83317.488,20.9,25.0,Low Risk
SELL00280,45,0.1111111111111111,4.5,Seller Fulfilled,15.222222222222221,5021.281499999999,11.11,17.1,Low Risk
SELL00281,76,0.23684210526315788,4.3,Seller Fulfilled,13.223684210526315,82917.063,23.68,23.8,Low Risk
SELL00282,38,0.21052631578947367,4.8,Platform Fulfilled,18.157894736842106,3820.7055,21.05,21.6,Low Risk
SELL00283,90,0.3333333333333333,3.0,Seller Fulfilled,18.555555555555557,122675.14949999998,33.33,41.4,Medium Risk
SELL00284,76,0.25,3.1,Platform Fulfilled,12.763157894736842,14524.9665,25.0,33.1,Medium Risk
SELL00285,24,0.125,3.7,Platform Fulfilled,22.5,2606.0699999999997,12.5,28.1,Low Risk
SELL00286,57,0.07017543859649122,4.9,Seller Fulfilled,14.736842105263158,41177.4,7.02,11.8,Low Risk
SELL00287,60,0.35,3.3,Seller Fulfilled,17.25,82168.4565,35.0,39.3,Medium Risk
SELL00288,28,0.14285714285714285,4.1,Seller Fulfilled,20.0,5657.433000000001,14.29,24.5,Low Risk
SELL00289,49,0.24489795918367346,4.6,Platform Fulfilled,15.306122448979592,9353.0595,24.49,23.1,Low Risk
SELL00290,24,0.3333333333333333,3.9,Seller Fulfilled,13.958333333333334,2291.6084999999994,33.33,32.0,Low Risk
SELL00291,36,0.19444444444444445,3.6,Platform Fulfilled,20.97222222222222,34864.411499999995,19.44,31.4,Low Risk
SELL00292,29,0.13793103448275862,4.4,Platform Fulfilled,21.896551724137932,42319.986,13.79,23.1,Low Risk
SELL00293,42,0.2619047619047619,3.4,Platform Fulfilled,19.285714285714285,2182.971,26.19,35.3,Medium Risk
SELL00294,24,0.16666666666666666,4.9,Seller Fulfilled,11.875,6301.889999999999,16.67,15.0,Low Risk
SELL00295,24,0.16666666666666666,4.2,Seller Fulfilled,22.5,3870.3899999999994,16.67,26.4,Low Risk
SELL00296,56,0.14285714285714285,3.6,Seller Fulfilled,16.160714285714285,4038.4829999999997,14.29,26.0,Low Risk
SELL00297,35,0.14285714285714285,3.3,Seller Fulfilled,20.428571428571427,9448.9725,14.29,30.8,Low Risk
SELL00298,71,0.11267605633802817,4.6,Platform Fulfilled,19.718309859154928,10605.8085,11.27,19.1,Low Risk
SELL00299,78,0.23076923076923078,3.6,Platform Fulfilled,16.025641025641026,97073.5425,23.08,30.4,Low Risk
SELL00300,32,0.125,3.5,Seller Fulfilled,17.96875,19655.706000000002,12.5,26.9,Low Risk
SELL00301,33,0.24242424242424243,3.9,Seller Fulfilled,20.0,12663.4125,24.24,31.0,Low Risk
SELL00302,58,0.3448275862068966,2.7,Seller Fulfilled,15.086206896551724,112496.727,34.48,42.2,Medium Risk
SELL00304,24,0.25,3.4,Seller Fulfilled,19.375,11576.583,25.0,34.8,Medium Risk
SELL00305,37,0.5945945945945946,2.0,Seller Fulfilled,14.054054054054054,39121.6995,59.46,59.4,Medium Risk
SELL00306,24,0.16666666666666666,4.3,Platform Fulfilled,11.458333333333334,1718.46,16.67,19.2,Low Risk
SELL00307,27,0.18518518518518517,4.9,Seller Fulfilled,12.222222222222221,12261.105,18.52,16.1,Low Risk
SELL00308,38,0.13157894736842105,4.2,Platform Fulfilled,13.289473684210526,6241.5914999999995,13.16,19.3,Low Risk
SELL00309,57,0.21052631578947367,3.6,Seller Fulfilled,18.859649122807017,24233.334,21.05,31.0,Low Risk
SELL00310,53,0.20754716981132076,4.1,Seller Fulfilled,15.849056603773585,6212.2215,20.75,25.3,Low Risk
SELL00311,38,0.18421052631578946,3.7,Platform Fulfilled,16.842105263157894,4602.4619999999995,18.42,27.7,Low Risk
SELL00312,87,0.10344827586206896,4.6,Seller Fulfilled,15.689655172413794,101440.542,10.34,16.2,Low Risk
SELL00314,30,0.13333333333333333,4.3,Platform Fulfilled,18.833333333333332,1559.6565,13.33,21.8,Low Risk
SELL00315,11,0.0,4.0,Platform Fulfilled,8.181818181818182,0.0,0.0,11.2,Low Risk
SELL00316,36,0.4444444444444444,2.8,Platform Fulfilled,13.055555555555555,203208.7215,44.44,45.3,Medium Risk
SELL00317,33,0.36363636363636365,3.4,Seller Fulfilled,18.78787878787879,91434.5385,36.36,40.1,Medium Risk
SELL00318,18,0.2222222222222222,4.0,Seller Fulfilled,16.38888888888889,26714.6625,22.22,27.1,Low Risk
SELL00319,39,0.2564102564102564,4.5,Platform Fulfilled,18.71794871794872,5632.766999999999,25.64,26.4,Low Risk
SELL00320,27,0.18518518518518517,5.0,Seller Fulfilled,13.703703703703704,5419.959,18.52,16.2,Low Risk
SELL00321,25,0.2,4.4,Platform Fulfilled,16.6,2192.5905,20.0,23.1,Low Risk
SELL00322,40,0.15,4.8,Platform Fulfilled,19.25,21023.222999999998,15.0,19.2,Low Risk
SELL00323,87,0.16091954022988506,4.6,Platform Fulfilled,17.126436781609197,47332.497,16.09,20.0,Low Risk
SELL00324,45,0.3111111111111111,3.2,Seller Fulfilled,10.444444444444445,16519.271999999997,31.11,34.1,Medium Risk
SELL00325,39,0.1282051282051282,4.4,Seller Fulfilled,11.282051282051283,3976.017,12.82,16.4,Low Risk
SELL00326,69,0.2028985507246377,5.0,Seller Fulfilled,19.492753623188406,48560.3295,20.29,20.5,Low Risk
SELL00327,43,0.3488372093023256,3.5,Seller Fulfilled,15.232558139534884,145410.7365,34.88,36.5,Medium Risk
SELL00328,22,0.13636363636363635,3.5,Platform Fulfilled,17.954545454545453,2465.571,13.64,27.5,Low Risk
SELL00329,25,0.44,2.6,Seller Fulfilled,14.4,105395.412,44.0,47.3,Medium Risk
SELL00330,12,0.25,3.8,Platform Fulfilled,14.583333333333334,46179.193499999994,25.0,28.9,Low Risk
SELL00331,74,0.3918918918918919,2.4,Platform Fulfilled,16.68918918918919,60340.206,39.19,47.8,Medium Risk
SELL00332,27,0.5185185185185185,4.5,Seller Fulfilled,13.148148148148149,74777.41799999999,51.85,36.3,Medium Risk
SELL00333,25,0.0,3.4,Seller Fulfilled,14.8,0.0,0.0,19.6,Low Risk
SELL00334,46,0.13043478260869565,3.5,Seller Fulfilled,12.282608695652174,25404.826499999996,13.04,23.8,Low Risk
SELL00335,43,0.20930232558139536,3.8,Platform Fulfilled,13.023255813953488,36912.969,20.93,26.0,Low Risk
SELL00336,22,0.18181818181818182,3.5,Seller Fulfilled,20.227272727272727,1495.932,18.18,31.1,Low Risk
SELL00337,48,0.25,4.0,Seller Fulfilled,16.875,61671.4185,25.0,28.8,Low Risk
SELL00338,99,0.24242424242424243,3.7,Platform Fulfilled,17.828282828282827,90618.774,24.24,31.2,Low Risk
SELL00339,54,0.24074074074074073,4.0,Seller Fulfilled,12.685185185185185,124149.1755,24.07,25.9,Low Risk
SELL00340,24,0.08333333333333333,4.5,Platform Fulfilled,17.083333333333332,1178.1795,8.33,16.8,Low Risk
SELL00341,51,0.19607843137254902,5.0,Seller Fulfilled,12.254901960784315,76834.545,19.61,15.9,Low Risk
SELL00342,34,0.11764705882352941,3.1,Seller Fulfilled,22.352941176470587,723.2085,11.76,32.2,Low Risk
SELL00343,77,0.23376623376623376,4.5,Platform Fulfilled,14.285714285714286,51319.1775,23.38,22.7,Low Risk
SELL00344,41,0.17073170731707318,3.5,Seller Fulfilled,14.146341463414634,43633.174499999994,17.07,27.0,Low Risk
SELL00345,36,0.16666666666666666,3.6,Seller Fulfilled,21.11111111111111,58855.547999999995,16.67,30.1,Low Risk
SELL00346,17,0.35294117647058826,4.5,Seller Fulfilled,10.294117647058824,29258.172000000002,35.29,26.3,Low Risk
SELL00347,60,0.18333333333333332,3.5,Seller Fulfilled,14.333333333333334,9047.726999999999,18.33,27.7,Low Risk
SELL00348,51,0.23529411764705882,3.5,Seller Fulfilled,15.588235294117647,9438.597,23.53,31.0,Low Risk
SELL00349,25,0.16,5.0,Seller Fulfilled,12.6,5919.4365,16.0,14.3,Low Risk
SELL00350,8,0.125,4.1,Seller Fulfilled,17.5,1199.25,12.5,22.2,Low Risk
SELL00351,44,0.36363636363636365,4.2,Seller Fulfilled,17.15909090909091,107145.4875,36.36,33.2,Medium Risk
SELL00352,37,0.24324324324324326,3.6,Seller Fulfilled,11.08108108108108,55115.43749999999,24.32,28.0,Low Risk
SELL00353,14,0.14285714285714285,4.0,Seller Fulfilled,11.785714285714286,784.809,14.29,20.5,Low Risk
SELL00354,22,0.18181818181818182,4.1,Platform Fulfilled,16.818181818181817,4735.7205,18.18,24.6,Low Risk
SELL00355,35,0.05714285714285714,3.7,Seller Fulfilled,14.142857142857142,1561.9184999999998,5.71,19.8,Low Risk
SELL00356,58,0.15517241379310345,4.1,Platform Fulfilled,15.862068965517242,44009.7495,15.52,22.7,Low Risk
SELL00357,33,0.12121212121212122,3.3,Platform Fulfilled,16.363636363636363,15942.823499999999,12.12,27.3,Low Risk
SELL00358,16,0.125,3.5,Platform Fulfilled,25.0,211.872,12.5,31.1,Low Risk
SELL00359,54,0.25925925925925924,4.8,Platform Fulfilled,15.0,77082.02249999999,25.93,22.2,Low Risk
SELL00360,25,0.2,4.5,Seller Fulfilled,12.0,4827.633,20.0,19.7,Low Risk
SELL00361,85,0.3411764705882353,3.1,Seller Fulfilled,15.294117647058824,191078.9535,34.12,39.2,Medium Risk
SELL00362,86,0.3023255813953488,3.8,Seller Fulfilled,15.872093023255815,80727.88500000001,30.23,32.3,Low Risk
SELL00363,32,0.15625,3.9,Platform Fulfilled,16.25,11759.127,15.62,24.5,Low Risk
SELL00364,43,0.20930232558139536,4.7,Platform Fulfilled,12.790697674418604,31079.341500000002,20.93,19.1,Low Risk
SELL00365,39,0.358974358974359,3.2,Seller Fulfilled,13.846153846153847,118000.317,35.9,38.5,Medium Risk
SELL00366,66,0.13636363636363635,5.0,Seller Fulfilled,12.424242424242424,19314.21,13.64,13.0,Low Risk
SELL00367,49,0.12244897959183673,4.6,Platform Fulfilled,16.224489795918366,5792.175,12.24,17.5,Low Risk
SELL00368,34,0.6470588235294118,2.7,Seller Fulfilled,16.764705882352942,12001.9695,64.71,58.3,Medium Risk
SELL00369,92,0.5543478260869565,2.8,Platform Fulfilled,19.07608695652174,268131.73199999996,55.43,54.3,Medium Risk
SELL00370,80,0.275,3.6,Platform Fulfilled,14.1875,169478.1195,27.5,31.5,Low Risk
SELL00371,90,0.5111111111111111,3.3,Seller Fulfilled,16.22222222222222,302656.566,51.11,46.7,Medium Risk
SELL00372,74,0.21621621621621623,3.6,Seller Fulfilled,17.364864864864863,79837.923,21.62,30.4,Low Risk
SELL00373,132,0.3106060606060606,3.1,Seller Fulfilled,15.909090909090908,60512.4345,31.06,38.0,Medium Risk
SELL00374,49,0.08163265306122448,4.0,Seller Fulfilled,18.163265306122447,3960.45,8.16,21.1,Low Risk
SELL00375,53,0.22641509433962265,3.9,Platform Fulfilled,16.22641509433962,4797.9839999999995,22.64,28.0,Low Risk
SELL00376,66,0.21212121212121213,3.5,Seller Fulfilled,14.924242424242424,100410.93,21.21,29.5,Low Risk
SELL00377,31,0.0967741935483871,3.5,Platform Fulfilled,15.32258064516129,1721.4719999999998,9.68,24.0,Low Risk
SELL00378,35,0.14285714285714285,4.6,Seller Fulfilled,16.571428571428573,48551.94900000001,14.29,18.8,Low Risk
SELL00379,41,0.1951219512195122,3.1,Seller Fulfilled,18.170731707317074,8443.111499999999,19.51,33.6,Medium Risk
SELL00380,16,0.375,4.0,Platform Fulfilled,13.125,3127.7625,37.5,32.8,Low Risk
SELL00381,17,0.4117647058823529,3.0,Seller Fulfilled,14.705882352941176,31986.289499999995,41.18,43.1,Medium Risk
SELL00382,43,0.6046511627906976,2.4,Seller Fulfilled,17.093023255813954,364577.8485,60.47,58.7,Medium Risk
SELL00383,26,0.34615384615384615,4.0,Seller Fulfilled,17.115384615384617,42118.778999999995,34.62,33.7,Medium Risk
SELL00384,13,0.07692307692307693,4.6,Seller Fulfilled,9.23076923076923,118.65749999999998,7.69,11.2,Low Risk
SELL00385,66,0.3181818181818182,3.9,Seller Fulfilled,16.439393939393938,116175.25050000001,31.82,32.7,Low Risk
SELL00386,41,0.14634146341463414,3.5,Platform Fulfilled,16.341463414634145,32223.189,14.63,27.0,Low Risk
SELL00387,57,0.3333333333333333,4.5,Seller Fulfilled,17.19298245614035,44247.400499999996,33.33,29.4,Low Risk
SELL00388,15,0.0,3.7,Seller Fulfilled,16.333333333333332,0.0,0.0,18.2,Low Risk
SELL00389,60,0.18333333333333332,4.2,Platform Fulfilled,15.25,97725.1035,18.33,23.0,Low Risk
SELL00390,43,0.2558139534883721,4.2,Seller Fulfilled,18.372093023255815,3050.3684999999996,25.58,28.5,Low Risk
SELL00391,29,0.2413793103448276,4.3,Platform Fulfilled,17.24137931034483,49010.90699999999,24.14,26.3,Low Risk
SELL00392,38,0.2894736842105263,5.0,Seller Fulfilled,20.657894736842106,38235.5505,28.95,25.4,Low Risk
SELL00393,52,0.36538461538461536,3.3,Seller Fulfilled,18.653846153846153,215951.805,36.54,40.8,Medium Risk
SELL00394,37,0.16216216216216217,3.5,Platform Fulfilled,9.72972972972973,1758.798,16.22,24.0,Low Risk
SELL00395,49,0.673469387755102,2.7,Seller Fulfilled,15.306122448979592,233707.7655,67.35,58.8,Medium Risk
SELL00396,34,0.5,3.0,Platform Fulfilled,22.647058823529413,188991.381,50.0,52.2,Medium Risk
SELL00397,28,0.10714285714285714,3.9,Seller Fulfilled,14.107142857142858,594.8295,10.71,20.8,Low Risk
SELL00398,55,0.16363636363636364,3.7,Platform Fulfilled,16.636363636363637,3132.0329999999994,16.36,26.6,Low Risk
SELL00399,30,0.2,4.6,Platform Fulfilled,18.833333333333332,30281.6625,20.0,22.9,Low Risk
SELL00400,22,0.5909090909090909,3.3,Seller Fulfilled,17.727272727272727,68945.259,59.09,51.6,Medium Risk
SELL00401,10,0.0,3.4,Seller Fulfilled,20.0,0.0,0.0,22.6,Low Risk
SELL00402,48,0.625,2.8,Seller Fulfilled,19.791666666666668,159305.517,62.5,58.2,Medium Risk
SELL00403,85,0.21176470588235294,3.9,Seller Fulfilled,18.11764705882353,66032.00099999999,21.18,28.4,Low Risk
SELL00404,49,0.20408163265306123,3.6,Seller Fulfilled,11.122448979591837,9726.9975,20.41,26.1,Low Risk
SELL00405,44,0.22727272727272727,4.3,Platform Fulfilled,14.090909090909092,68273.23799999998,22.73,23.8,Low Risk
SELL00406,8,0.125,3.0,Seller Fulfilled,21.25,176.613,12.5,32.6,Low Risk
SELL00407,13,0.38461538461538464,3.2,Seller Fulfilled,7.6923076923076925,45718.76699999999,38.46,36.2,Medium Risk
SELL00408,30,0.6,1.9,Seller Fulfilled,17.333333333333332,38996.081999999995,60.0,62.3,Medium Risk
SELL00409,36,0.16666666666666666,3.6,Seller Fulfilled,16.52777777777778,34317.645,16.67,27.4,Low Risk
SELL00410,58,0.20689655172413793,4.3,Seller Fulfilled,20.0,58076.04000000001,20.69,26.2,Low Risk
SELL00411,37,0.21621621621621623,3.8,Seller Fulfilled,11.621621621621621,5168.080499999999,21.62,25.5,Low Risk
SELL00412,45,0.17777777777777778,3.3,Seller Fulfilled,18.77777777777778,54445.9335,17.78,31.6,Low Risk
SELL00413,63,0.19047619047619047,4.2,Seller Fulfilled,17.142857142857142,72772.78199999999,19.05,24.4,Low Risk
SELL00414,75,0.12,4.7,Seller Fulfilled,15.133333333333333,35932.36499999999,12.0,16.0,Low Risk
SELL00415,12,0.5,4.3,Seller Fulfilled,10.0,6857.475,50.0,35.0,Medium Risk
SELL00416,14,0.14285714285714285,3.8,Seller Fulfilled,11.428571428571429,506.66099999999994,14.29,21.8,Low Risk
SELL00417,11,0.18181818181818182,3.0,Seller Fulfilled,26.818181818181817,48.75299999999999,18.18,38.7,Medium Risk
SELL00418,39,0.05128205128205128,4.7,Seller Fulfilled,12.179487179487179,4067.505,5.13,10.8,Low Risk
SELL00419,27,0.18518518518518517,3.5,Seller Fulfilled,15.555555555555555,13013.226,18.52,28.5,Low Risk
SELL00420,31,0.06451612903225806,4.6,Seller Fulfilled,16.774193548387096,14457.729,6.45,15.0,Low Risk
SELL00421,51,0.45098039215686275,3.4,Platform Fulfilled,15.196078431372548,113676.95849999998,45.1,42.3,Medium Risk
SELL00422,36,0.2777777777777778,4.2,Seller Fulfilled,16.805555555555557,5815.9304999999995,27.78,28.7,Low Risk
SELL00423,60,0.4,3.4,Seller Fulfilled,14.166666666666666,171199.0425,40.0,39.2,Medium Risk
SELL00424,34,0.20588235294117646,3.7,Seller Fulfilled,14.117647058823529,43811.3295,20.59,27.2,Low Risk
SELL00425,41,0.1951219512195122,4.4,Platform Fulfilled,15.24390243902439,74338.0995,19.51,22.1,Low Risk
SELL00426,26,0.38461538461538464,2.9,Seller Fulfilled,22.884615384615383,11527.363500000001,38.46,47.3,Medium Risk
SELL00427,46,0.34782608695652173,2.7,Seller Fulfilled,17.717391304347824,134135.48250000004,34.78,43.9,Medium Risk
SELL00428,9,0.2222222222222222,3.2,Seller Fulfilled,10.555555555555555,74.0745,22.22,29.7,Low Risk
SELL00429,52,0.4230769230769231,3.4,Seller Fulfilled,16.634615384615383,14247.725999999997,42.31,41.8,Medium Risk
SELL00430,44,0.2727272727272727,3.9,Seller Fulfilled,13.636363636363637,8316.147,27.27,28.8,Low Risk
SELL00431,11,0.0,5.0,Platform Fulfilled,14.545454545454545,0.0,0.0,7.4,Low Risk
SELL00432,77,0.16883116883116883,4.0,Platform Fulfilled,17.662337662337663,66650.064,16.88,25.2,Low Risk
SELL00433,74,0.17567567567567569,4.6,Seller Fulfilled,16.62162162162162,29483.370000000003,17.57,20.4,Low Risk
SELL00434,36,0.3055555555555556,3.8,Seller Fulfilled,17.63888888888889,22153.865999999998,30.56,33.5,Medium Risk
SELL00435,39,0.1282051282051282,4.0,Seller Fulfilled,13.333333333333334,2853.1275,12.82,20.6,Low Risk
SELL00436,23,0.21739130434782608,4.7,Seller Fulfilled,17.17391304347826,6382.872,21.74,22.1,Low Risk
SELL00437,77,0.24675324675324675,4.2,Seller Fulfilled,17.142857142857142,124787.72849999998,24.68,27.3,Low Risk
SELL00438,21,0.14285714285714285,3.9,Platform Fulfilled,19.761904761904763,28528.6485,14.29,25.9,Low Risk
SELL00439,79,0.21518987341772153,4.2,Platform Fulfilled,17.151898734177216,102886.0815,21.52,25.7,Low Risk
SELL00440,42,0.4523809523809524,3.3,Seller Fulfilled,17.38095238095238,11269.676999999998,45.24,44.4,Medium Risk
SELL00441,57,0.17543859649122806,4.1,Platform Fulfilled,13.24561403508772,15899.290500000001,17.54,22.2,Low Risk
SELL00442,46,0.10869565217391304,3.5,Platform Fulfilled,13.043478260869565,3742.1865,10.87,23.2,Low Risk
SELL00443,44,0.2727272727272727,4.0,Seller Fulfilled,13.863636363636363,151526.48699999996,27.27,28.2,Low Risk
SELL00444,19,0.3157894736842105,3.1,Seller Fulfilled,11.31578947368421,2544.1455,31.58,35.6,Medium Risk
SELL00445,18,0.5555555555555556,3.4,Seller Fulfilled,16.666666666666668,137171.31749999998,55.56,48.5,Medium Risk
SELL00446,71,0.2112676056338028,4.3,Seller Fulfilled,18.87323943661972,119698.70700000001,21.13,25.8,Low Risk
SELL00447,37,0.13513513513513514,4.0,Seller Fulfilled,7.972972972972973,3143.6805,13.51,17.8,Low Risk
SELL00448,31,0.25806451612903225,3.9,Seller Fulfilled,13.225806451612904,71511.012,25.81,27.8,Low Risk
SELL00449,45,0.35555555555555557,3.5,Seller Fulfilled,15.88888888888889,24833.204999999998,35.56,37.3,Medium Risk
SELL00450,17,0.23529411764705882,4.7,Seller Fulfilled,12.058823529411764,18354.3,23.53,20.0,Low Risk
SELL00451,39,0.20512820512820512,4.2,Seller Fulfilled,18.205128205128204,111161.14799999999,20.51,25.8,Low Risk
SELL00452,25,0.16,4.6,Seller Fulfilled,22.8,802.0799999999999,16.0,23.3,Low Risk
SELL00453,94,0.23404255319148937,3.8,Seller Fulfilled,17.23404255319149,146973.7425,23.4,29.7,Low Risk
SELL00454,19,0.21052631578947367,3.6,Platform Fulfilled,14.473684210526315,32254.135499999997,21.05,28.4,Low Risk
SELL00455,61,0.13114754098360656,3.5,Seller Fulfilled,15.819672131147541,44369.9265,13.11,26.0,Low Risk
SELL00456,24,0.5,3.4,Seller Fulfilled,12.916666666666666,51950.346,50.0,43.5,Medium Risk
SELL00457,6,0.6666666666666666,3.2,Seller Fulfilled,11.666666666666666,40227.321,66.67,52.6,Medium Risk
SELL00458,35,0.2,4.8,Seller Fulfilled,10.285714285714286,49549.182,20.0,16.4,Low Risk
SELL00459,42,0.11904761904761904,4.7,Seller Fulfilled,22.5,30009.0465,11.9,20.3,Low Risk
SELL00460,41,0.4146341463414634,2.9,Seller Fulfilled,15.731707317073171,85954.647,41.46,44.6,Medium Risk
SELL00461,39,0.717948717948718,2.2,Seller Fulfilled,16.666666666666668,129274.3095,71.79,65.6,Medium Risk
SELL00462,14,0.07142857142857142,5.0,Platform Fulfilled,17.5,291.414,7.14,12.7,Low Risk
SELL00463,54,0.4074074074074074,3.2,Seller Fulfilled,18.98148148148148,91683.699,40.74,43.9,Medium Risk
SELL00464,18,0.3888888888888889,3.2,Seller Fulfilled,15.0,18726.729000000003,38.89,40.7,Medium Risk
SELL00465,39,0.4358974358974359,4.1,Seller Fulfilled,13.717948717948717,213008.41799999998,43.59,35.5,Medium Risk
SELL00466,88,0.4318181818181818,2.8,Platform Fulfilled,15.056818181818182,260364.70200000002,43.18,45.8,Medium Risk
SELL00467,44,0.1590909090909091,3.8,Platform Fulfilled,18.295454545454547,46622.0115,15.91,26.6,Low Risk
SELL00468,80,0.2125,3.9,Seller Fulfilled,18.125,77382.5985,21.25,28.4,Low Risk
SELL00469,31,0.1935483870967742,4.6,Seller Fulfilled,15.96774193548387,23142.477,19.35,21.0,Low Risk
SELL00470,19,0.15789473684210525,4.0,Seller Fulfilled,20.789473684210527,17354.0985,15.79,26.5,Low Risk
SELL00471,22,0.09090909090909091,4.2,Platform Fulfilled,16.136363636363637,25509.267,9.09,18.9,Low Risk
SELL00472,36,0.16666666666666666,4.0,Seller Fulfilled,14.027777777777779,11250.168000000001,16.67,23.0,Low Risk
SELL00473,32,0.25,3.6,Seller Fulfilled,20.3125,3170.6220000000003,25.0,33.8,Medium Risk
SELL00474,42,0.19047619047619047,4.4,Platform Fulfilled,14.047619047619047,17613.547499999997,19.05,21.1,Low Risk
SELL00475,8,0.5,3.3,Seller Fulfilled,16.875,3129.903,50.0,46.6,Medium Risk
SELL00476,74,0.17567567567567569,4.0,Platform Fulfilled,16.756756756756758,33081.168,17.57,25.0,Low Risk
SELL00477,58,0.08620689655172414,5.0,Seller Fulfilled,14.655172413793103,5681.601,8.62,11.8,Low Risk
SELL00478,45,0.17777777777777778,3.8,Platform Fulfilled,19.666666666666668,4023.471,17.78,28.3,Low Risk
SELL00479,38,0.2894736842105263,3.7,Platform Fulfilled,17.63157894736842,29426.619,28.95,33.4,Medium Risk
SELL00480,52,0.21153846153846154,4.5,Seller Fulfilled,19.134615384615383,53227.7865,21.15,24.5,Low Risk
SELL00481,33,0.24242424242424243,4.1,Seller Fulfilled,17.12121212121212,18600.156000000003,24.24,27.8,Low Risk
SELL00482,44,0.29545454545454547,4.2,Seller Fulfilled,18.75,94958.226,29.55,30.6,Low Risk
SELL00483,66,0.2727272727272727,4.5,Platform Fulfilled,14.621212121212121,53545.0995,27.27,24.9,Low Risk
SELL00484,29,0.3103448275862069,3.0,Platform Fulfilled,14.827586206896552,18551.081999999995,31.03,38.1,Medium Risk
SELL00485,14,0.5,3.5,Platform Fulfilled,19.285714285714285,117745.764,50.0,46.4,Medium Risk
SELL00486,7,0.42857142857142855,4.4,Seller Fulfilled,19.285714285714285,573.15,42.86,36.2,Medium Risk
SELL00487,54,0.24074074074074073,3.6,Seller Fulfilled,15.833333333333334,108010.3665,24.07,30.7,Low Risk
SELL00488,73,0.2465753424657534,3.3,Seller Fulfilled,20.684931506849313,10476.231,24.66,36.1,Medium Risk
SELL00489,37,0.08108108108108109,5.0,Platform Fulfilled,16.35135135135135,44767.272,8.11,12.5,Low Risk
SELL00490,26,0.11538461538461539,3.5,Seller Fulfilled,10.76923076923077,4067.1704999999997,11.54,22.2,Low Risk
SELL00491,64,0.125,3.5,Seller Fulfilled,16.015625,21629.421,12.5,25.8,Low Risk
SELL00492,16,0.0625,2.8,Platform Fulfilled,19.375,15.907499999999999,6.25,29.9,Low Risk
SELL00493,28,0.07142857142857142,4.2,Platform Fulfilled,20.0,8913.070500000002,7.14,20.2,Low Risk
SELL00494,45,0.13333333333333333,4.6,Seller Fulfilled,22.555555555555557,19616.886,13.33,21.8,Low Risk
SELL00495,68,0.3382352941176471,3.3,Seller Fulfilled,15.220588235294118,24470.346,33.82,37.5,Medium Risk
SELL00496,17,0.29411764705882354,2.9,Platform Fulfilled,15.294117647058824,20069.3055,29.41,38.3,Medium Risk
SELL00497,70,0.3,3.6,Seller Fulfilled,15.785714285714286,341568.582,30.0,33.7,Medium Risk
SELL00498,7,0.14285714285714285,3.7,Seller Fulfilled,10.0,688.503,14.29,21.7,Low Risk
SELL00499,40,0.325,3.5,Platform Fulfilled,16.5,175562.30849999998,32.5,36.1,Medium Risk
SELL00500,57,0.2807017543859649,3.9,Platform Fulfilled,18.24561403508772,54074.587499999994,28.07,31.9,Low Risk
SELL00501,46,0.043478260869565216,4.4,Seller Fulfilled,20.0,3932.6220000000003,4.35,17.3,Low Risk
SELL00502,45,0.24444444444444444,3.1,Seller Fulfilled,14.666666666666666,2440.05,24.44,34.0,Medium Risk
SELL00503,22,0.09090909090909091,3.2,Platform Fulfilled,8.181818181818182,5602.1415,9.09,21.8,Low Risk
SELL00504,21,0.42857142857142855,3.2,Platform Fulfilled,15.476190476190476,118060.254,42.86,42.9,Medium Risk
SELL00505,9,0.2222222222222222,4.5,Seller Fulfilled,22.77777777777778,293.076,22.22,27.1,Low Risk
SELL00506,19,0.47368421052631576,3.2,Platform Fulfilled,16.57894736842105,50087.579999999994,47.37,45.8,Medium Risk
SELL00507,28,0.2857142857142857,3.4,Seller Fulfilled,15.535714285714286,68159.292,28.57,34.3,Medium Risk
SELL00508,31,0.3548387096774194,3.1,Platform Fulfilled,21.29032258064516,137987.1735,35.48,43.4,Medium Risk
SELL00509,43,0.3488372093023256,3.4,Seller Fulfilled,15.116279069767442,23967.921,34.88,37.2,Medium Risk
SELL00510,38,0.23684210526315788,3.6,Platform Fulfilled,13.289473684210526,18251.448,23.68,29.0,Low Risk
SELL00511,23,0.17391304347826086,4.1,Seller Fulfilled,13.043478260869565,56188.4595,17.39,22.0,Low Risk
SELL00512,66,0.3333333333333333,2.4,Seller Fulfilled,12.651515151515152,129305.85149999999,33.33,42.5,Medium Risk
SELL00513,19,0.3684210526315789,3.0,Seller Fulfilled,17.105263157894736,1690.3125,36.84,42.3,Medium Risk
SELL00514,32,0.15625,5.0,Platform Fulfilled,14.53125,50428.684499999996,15.62,15.2,Low Risk
SELL00515,54,0.25925925925925924,3.9,Seller Fulfilled,17.12962962962963,103558.75349999999,25.93,30.1,Low Risk
SELL00516,70,0.18571428571428572,4.5,Seller Fulfilled,16.285714285714285,51229.460999999996,18.57,21.5,Low Risk
SELL00517,42,0.16666666666666666,3.4,Seller Fulfilled,17.023809523809526,4352.3009999999995,16.67,29.2,Low Risk
SELL00518,31,0.3225806451612903,3.3,Seller Fulfilled,15.96774193548387,17669.5005,32.26,37.2,Medium Risk
SELL00519,34,0.4117647058823529,3.2,Seller Fulfilled,21.91176470588235,160023.37649999998,41.18,45.8,Medium Risk
SELL00521,7,0.2857142857142857,3.7,Seller Fulfilled,12.857142857142858,233.97899999999998,28.57,30.5,Low Risk
SELL00523,31,0.2903225806451613,4.2,Platform Fulfilled,14.838709677419354,72231.909,29.03,28.1,Low Risk
SELL00524,71,0.16901408450704225,4.0,Platform Fulfilled,14.225352112676056,70182.027,16.9,23.2,Low Risk
SELL00525,62,0.25806451612903225,3.9,Platform Fulfilled,15.64516129032258,13705.6395,25.81,29.2,Low Risk
SELL00526,21,0.09523809523809523,2.9,Seller Fulfilled,15.952380952380953,1935.5894999999996,9.52,28.8,Low Risk
SELL00527,26,0.5769230769230769,2.9,Seller Fulfilled,17.692307692307693,155860.98299999998,57.69,53.9,Medium Risk
SELL00528,37,0.2972972972972973,3.9,Seller Fulfilled,7.297297297297297,7725.549,29.73,26.3,Low Risk
SELL00529,22,0.5,2.8,Seller Fulfilled,17.954545454545453,6252.002999999999,50.0,50.9,Medium Risk
SELL00530,63,0.2698412698412698,3.1,Platform Fulfilled,15.873015873015873,24555.799499999997,26.98,36.0,Medium Risk
SELL00531,57,0.17543859649122806,3.5,Seller Fulfilled,14.12280701754386,14153.233500000002,17.54,27.2,Low Risk
SELL00532,32,0.0625,4.2,Seller Fulfilled,18.59375,340.29299999999995,6.25,18.9,Low Risk
SELL00533,86,0.1744186046511628,4.8,Platform Fulfilled,17.848837209302324,14955.467999999997,17.44,19.6,Low Risk
SELL00534,18,0.2777777777777778,4.9,Seller Fulfilled,19.72222222222222,9229.1685,27.78,25.1,Low Risk
SELL00535,63,0.23809523809523808,3.7,Platform Fulfilled,21.19047619047619,123188.793,23.81,33.0,Low Risk
SELL00536,65,0.4,2.9,Seller Fulfilled,14.461538461538462,53968.78199999999,40.0,43.1,Medium Risk
SELL00537,21,0.14285714285714285,4.3,Seller Fulfilled,11.904761904761905,20500.1505,14.29,18.3,Low Risk
SELL00538,67,0.47761194029850745,2.8,Seller Fulfilled,16.492537313432837,115026.867,47.76,49.0,Medium Risk
SELL00539,80,0.2375,3.6,Platform Fulfilled,15.0625,65616.8535,23.75,30.1,Low Risk
SELL00540,59,0.1694915254237288,3.8,Platform Fulfilled,18.050847457627118,2275.653,16.95,26.9,Low Risk
SELL00541,59,0.288135593220339,3.3,Platform Fulfilled,14.40677966101695,85243.13399999999,28.81,34.5,Medium Risk
SELL00542,53,0.32075471698113206,2.7,Platform Fulfilled,15.943396226415095,132785.77049999998,32.08,41.5,Medium Risk
SELL00543,27,0.14814814814814814,4.0,Seller Fulfilled,17.40740740740741,2695.3215,14.81,24.0,Low Risk
SELL00544,63,0.25396825396825395,4.0,Seller Fulfilled,13.73015873015873,86782.272,25.4,27.1,Low Risk
SELL00545,35,0.2,3.9,Seller Fulfilled,19.428571428571427,41442.018,20.0,28.5,Low Risk
SELL00546,40,0.175,4.4,Seller Fulfilled,14.875,8412.9555,17.5,20.9,Low Risk
SELL00547,36,0.4166666666666667,3.1,Platform Fulfilled,12.222222222222221,47952.33,41.67,41.2,Medium Risk
SELL00548,51,0.49019607843137253,2.7,Seller Fulfilled,17.84313725490196,81237.303,49.02,51.1,Medium Risk
SELL00549,33,0.48484848484848486,3.2,Seller Fulfilled,15.303030303030303,39630.006,48.48,45.6,Medium Risk
SELL00550,73,0.2602739726027397,3.2,Seller Fulfilled,17.465753424657535,46115.246999999996,26.03,35.6,Medium Risk
SELL00551,43,0.13953488372093023,4.5,Platform Fulfilled,17.441860465116278,6940.899,13.95,19.9,Low Risk
SELL00552,39,0.1282051282051282,4.4,Seller Fulfilled,14.615384615384615,7803.1875,12.82,18.4,Low Risk
SELL00553,40,0.275,2.8,Seller Fulfilled,18.25,105616.39499999999,27.5,39.8,Medium Risk
SELL00554,19,0.7368421052631579,2.6,Seller Fulfilled,21.842105263157894,18928.334999999995,73.68,66.6,High Risk
SELL00555,31,0.0967741935483871,4.5,Seller Fulfilled,22.580645161290324,2808.6629999999996,9.68,20.7,Low Risk
SELL00556,41,0.1951219512195122,5.0,Platform Fulfilled,14.512195121951219,5094.673499999999,19.51,17.2,Low Risk
SELL00557,42,0.38095238095238093,3.0,Seller Fulfilled,17.857142857142858,17308.533000000003,38.1,43.4,Medium Risk
SELL00558,14,0.21428571428571427,3.7,Seller Fulfilled,20.0,1088.2875,21.43,31.1,Low Risk
SELL00559,52,0.25,3.7,Seller Fulfilled,16.346153846153847,73948.4865,25.0,30.7,Low Risk
SELL00560,46,0.2826086956521739,3.3,Platform Fulfilled,17.391304347826086,69307.077,28.26,36.0,Medium Risk
SELL00561,29,0.3448275862068966,3.2,Platform Fulfilled,16.379310344827587,36546.632999999994,34.48,39.2,Medium Risk
SELL00562,42,0.3333333333333333,3.5,Seller Fulfilled,13.452380952380953,9049.9485,33.33,34.7,Medium Risk
SELL00563,26,0.3076923076923077,3.7,Seller Fulfilled,16.53846153846154,45692.8275,30.77,33.8,Medium Risk
SELL00564,55,0.3090909090909091,4.2,Seller Fulfilled,14.181818181818182,19029.535499999998,30.91,28.7,Low Risk
SELL00565,25,0.4,3.1,Seller Fulfilled,14.4,70127.4615,40.0,41.6,Medium Risk
SELL00566,15,0.06666666666666667,4.5,Seller Fulfilled,19.0,208.821,6.67,17.1,Low Risk
SELL00567,54,0.2777777777777778,3.2,Platform Fulfilled,17.59259259259259,130110.738,27.78,36.6,Medium Risk
SELL00568,18,0.2777777777777778,4.4,Seller Fulfilled,16.944444444444443,7284.4095,27.78,27.2,Low Risk
SELL00569,33,0.5151515151515151,3.1,Seller Fulfilled,12.272727272727273,171092.7795,51.52,46.1,Medium Risk
SELL00570,50,0.18,4.7,Platform Fulfilled,18.2,26249.3955,18.0,20.8,Low Risk
SELL00571,59,0.3559322033898305,3.3,Seller Fulfilled,17.54237288135593,23582.953499999996,35.59,39.7,Medium Risk
SELL00572,77,0.2857142857142857,3.5,Seller Fulfilled,18.376623376623378,14764.374,28.57,35.2,Medium Risk
SELL00573,47,0.2765957446808511,3.7,Seller Fulfilled,12.872340425531915,51696.979499999994,27.66,30.0,Low Risk
SELL00574,38,0.23684210526315788,4.4,Seller Fulfilled,16.05263157894737,2728.7865,23.68,24.7,Low Risk
SELL00576,13,0.5384615384615384,3.3,Seller Fulfilled,20.76923076923077,15847.356,53.85,50.7,Medium Risk
SELL00577,45,0.24444444444444444,4.3,Seller Fulfilled,13.555555555555555,14503.298999999999,24.44,24.3,Low Risk
SELL00578,35,0.5714285714285714,2.6,Seller Fulfilled,16.857142857142858,247960.49399999998,57.14,55.3,Medium Risk
SELL00579,19,0.05263157894736842,4.7,Seller Fulfilled,10.789473684210526,759.4229999999999,5.26,10.1,Low Risk
SELL00580,38,0.10526315789473684,4.4,Seller Fulfilled,14.473684210526315,6463.711499999999,10.53,17.1,Low Risk
SELL00581,24,0.2916666666666667,3.6,Seller Fulfilled,19.375,113164.77149999999,29.17,35.4,Medium Risk
SELL00582,36,0.25,3.0,Platform Fulfilled,14.444444444444445,40877.1855,25.0,34.9,Medium Risk
SELL00583,54,0.2222222222222222,3.7,Seller Fulfilled,15.555555555555555,13714.256999999998,22.22,28.9,Low Risk
SELL00584,38,0.34210526315789475,3.0,Platform Fulfilled,17.236842105263158,43615.161,34.21,41.1,Medium Risk
SELL00585,56,0.16071428571428573,4.9,Platform Fulfilled,18.482142857142858,29123.502,16.07,18.5,Low Risk
SELL00586,13,0.6923076923076923,2.9,Seller Fulfilled,18.076923076923077,6898.179,69.23,59.8,Medium Risk
SELL00587,45,0.3333333333333333,3.4,Platform Fulfilled,12.666666666666666,40886.435999999994,33.33,35.0,Medium Risk
SELL00588,77,0.36363636363636365,3.3,Seller Fulfilled,14.545454545454545,234084.483,36.36,38.4,Medium Risk
SELL00589,46,0.15217391304347827,5.0,Platform Fulfilled,18.47826086956522,24433.59,15.22,17.3,Low Risk
SELL00590,17,0.23529411764705882,3.0,Platform Fulfilled,16.764705882352942,894.6795,23.53,35.5,Medium Risk
SELL00591,23,0.21739130434782608,3.9,Seller Fulfilled,19.130434782608695,16554.735,21.74,29.2,Low Risk
SELL00592,63,0.2222222222222222,4.2,Platform Fulfilled,16.428571428571427,8438.391,22.22,25.6,Low Risk
SELL00593,41,0.43902439024390244,3.0,Platform Fulfilled,16.829268292682926,129306.83099999999,43.9,45.7,Medium Risk
SELL00594,53,0.3018867924528302,3.2,Seller Fulfilled,15.566037735849056,5974.641,30.19,36.6,Medium Risk
SELL00595,64,0.078125,4.5,Platform Fulfilled,13.203125,2818.5705,7.81,14.3,Low Risk
SELL00596,64,0.140625,4.4,Platform Fulfilled,13.28125,5727.471,14.06,18.2,Low Risk
SELL00597,32,0.03125,5.0,Platform Fulfilled,16.40625,480.5265,3.12,10.1,Low Risk
SELL00598,22,0.36363636363636365,2.4,Seller Fulfilled,19.318181818181817,128668.8075,36.36,47.9,Medium Risk
SELL00599,59,0.3728813559322034,3.0,Seller Fulfilled,17.28813559322034,14648.3835,37.29,42.7,Medium Risk
SELL00600,78,0.10256410256410256,4.3,Platform Fulfilled,17.5,3989.3534999999997,10.26,19.6,Low Risk
SELL00601,47,0.14893617021276595,4.5,Platform Fulfilled,13.404255319148936,35626.7355,14.89,18.0,Low Risk
SELL00602,53,0.24528301886792453,4.4,Seller Fulfilled,19.339622641509433,100006.6065,24.53,27.0,Low Risk
SELL00603,36,0.2222222222222222,4.0,Seller Fulfilled,10.277777777777779,10976.184000000001,22.22,23.5,Low Risk
SELL00604,50,0.3,3.2,Platform Fulfilled,15.5,76410.68400000001,30.0,36.5,Medium Risk
SELL00605,39,0.10256410256410256,4.3,Seller Fulfilled,17.05128205128205,2083.7145,10.26,19.3,Low Risk
SELL00606,24,0.20833333333333334,4.1,Platform Fulfilled,13.75,290.6385,20.83,24.1,Low Risk
SELL00607,38,0.10526315789473684,3.6,Seller Fulfilled,19.210526315789473,3269.1555000000003,10.53,25.9,Low Risk
SELL00608,17,0.11764705882352941,3.7,Seller Fulfilled,11.470588235294118,17865.742499999997,11.76,21.3,Low Risk
SELL00609,48,0.16666666666666666,3.6,Platform Fulfilled,15.9375,36421.7325,16.67,27.1,Low Risk
SELL00610,10,0.1,4.2,Seller Fulfilled,14.0,3708.12,10.0,18.1,Low Risk
SELL00611,21,0.19047619047619047,3.8,Seller Fulfilled,16.666666666666668,38621.24249999999,19.05,27.2,Low Risk
SELL00612,32,0.25,3.7,Seller Fulfilled,15.9375,4941.469499999999,25.0,30.5,Low Risk
SELL00613,24,0.25,4.2,Platform Fulfilled,17.5,2989.431,25.0,27.7,Low Risk
SELL00614,13,0.23076923076923078,4.8,Platform Fulfilled,19.615384615384617,3884.9745,23.08,23.5,Low Risk
SELL00615,19,0.15789473684210525,4.0,Platform Fulfilled,10.789473684210526,3169.7924999999996,15.79,20.6,Low Risk
SELL00616,19,0.0,3.9,Seller Fulfilled,14.210526315789474,0.0,0.0,15.5,Low Risk
SELL00617,35,0.14285714285714285,3.5,Platform Fulfilled,16.285714285714285,6146.088,14.29,26.8,Low Risk
SELL00618,45,0.4666666666666667,3.3,Platform Fulfilled,19.22222222222222,201739.65300000002,46.67,46.3,Medium Risk
SELL00619,10,0.3,3.6,Seller Fulfilled,21.0,55193.106,30.0,36.7,Medium Risk
SELL00620,38,0.15789473684210525,3.6,Platform Fulfilled,17.894736842105264,4228.7744999999995,15.79,27.8,Low Risk
SELL00621,119,0.17647058823529413,5.0,Seller Fulfilled,15.714285714285714,96527.715,17.65,16.9,Low Risk
SELL00622,4,0.5,4.0,Platform Fulfilled,30.0,4880.210999999999,50.0,49.0,Medium Risk
SELL00623,29,0.10344827586206896,4.6,Platform Fulfilled,16.03448275862069,28147.793999999998,10.34,16.5,Low Risk
SELL00624,38,0.3157894736842105,3.6,Seller Fulfilled,9.078947368421053,74672.8755,31.58,30.5,Low Risk
SELL00625,91,0.5494505494505495,2.0,Platform Fulfilled,18.9010989010989,203299.7175,54.95,59.9,Medium Risk
SELL00626,35,0.08571428571428572,4.3,Seller Fulfilled,18.285714285714285,1366.206,8.57,19.2,Low Risk
SELL00627,11,0.0,4.6,Platform Fulfilled,15.909090909090908,0.0,0.0,11.2,Low Risk
SELL00628,18,0.05555555555555555,4.2,Seller Fulfilled,15.0,1574.5245,5.56,16.5,Low Risk
SELL00629,44,0.3181818181818182,3.5,Platform Fulfilled,22.5,74779.95599999999,31.82,39.2,Medium Risk
SELL00630,7,0.7142857142857143,4.1,Seller Fulfilled,15.0,1532.3265,71.43,50.2,Medium Risk
SELL00631,54,0.2037037037037037,3.9,Seller Fulfilled,15.092592592592593,32213.995500000005,20.37,26.2,Low Risk
SELL00632,48,0.25,3.4,Seller Fulfilled,13.020833333333334,38615.4465,25.0,31.0,Low Risk
SELL00633,32,0.1875,4.8,Seller Fulfilled,15.78125,54065.95649999999,18.75,19.1,Low Risk
SELL00634,40,0.425,3.2,Seller Fulfilled,17.5,120320.27549999999,42.5,43.9,Medium Risk
SELL00635,71,0.15492957746478872,5.0,Seller Fulfilled,17.323943661971832,97528.62299999999,15.49,16.8,Low Risk
SELL00636,43,0.09302325581395349,3.6,Platform Fulfilled,18.25581395348837,5278.1984999999995,9.3,24.8,Low Risk
SELL00637,37,0.21621621621621623,3.8,Seller Fulfilled,14.324324324324325,37611.18599999999,21.62,27.1,Low Risk
SELL00638,19,0.15789473684210525,2.7,Platform Fulfilled,17.105263157894736,2436.9629999999997,15.79,34.1,Medium Risk
SELL00639,28,0.14285714285714285,3.2,Seller Fulfilled,13.928571428571429,5414.287499999999,14.29,27.7,Low Risk
SELL00640,35,0.2857142857142857,3.8,Seller Fulfilled,11.142857142857142,10058.669999999998,28.57,28.7,Low Risk
SELL00641,75,0.24,4.3,Platform Fulfilled,16.466666666666665,81332.41499999998,24.0,25.8,Low Risk
SELL00642,38,0.18421052631578946,4.1,Seller Fulfilled,14.605263157894736,23692.9305,18.42,23.4,Low Risk
SELL00643,49,0.12244897959183673,3.8,Seller Fulfilled,14.693877551020408,96849.7605,12.24,22.6,Low Risk
SELL00644,60,0.26666666666666666,3.7,Platform Fulfilled,13.583333333333334,99978.0945,26.67,30.0,Low Risk
SELL00645,30,0.16666666666666666,4.6,Seller Fulfilled,21.166666666666668,38484.4395,16.67,22.6,Low Risk
SELL00646,26,0.38461538461538464,4.2,Seller Fulfilled,15.76923076923077,29242.912499999995,38.46,33.4,Medium Risk
SELL00647,73,0.2328767123287671,4.0,Seller Fulfilled,15.95890410958904,24588.423000000003,23.29,27.4,Low Risk
SELL00648,60,0.6333333333333333,1.8,Seller Fulfilled,14.166666666666666,110959.9005,63.33,62.8,Medium Risk
SELL00649,107,0.14018691588785046,4.8,Platform Fulfilled,16.44859813084112,57207.867,14.02,17.0,Low Risk
SELL00650,26,0.2692307692307692,3.5,Platform Fulfilled,10.384615384615385,55722.621,26.92,29.7,Low Risk
SELL00651,30,0.43333333333333335,3.1,Platform Fulfilled,18.833333333333332,14002.711499999998,43.33,45.8,Medium Risk
SELL00652,41,0.2682926829268293,3.4,Seller Fulfilled,12.560975609756097,18652.675499999998,26.83,31.7,Low Risk
SELL00653,17,0.11764705882352941,4.7,Seller Fulfilled,16.764705882352942,163.04399999999998,11.76,16.9,Low Risk
SELL00654,28,0.5357142857142857,3.0,Platform Fulfilled,14.821428571428571,65202.96,53.57,49.4,Medium Risk
SELL00655,61,0.21311475409836064,4.9,Seller Fulfilled,16.147540983606557,39217.6125,21.31,19.8,Low Risk
SELL00656,40,0.25,3.7,Seller Fulfilled,16.125,29182.920000000002,25.0,30.6,Low Risk
SELL00657,31,0.5483870967741935,2.9,Seller Fulfilled,19.193548387096776,19580.360999999997,54.84,53.3,Medium Risk
SELL00658,38,0.13157894736842105,4.4,Seller Fulfilled,18.026315789473685,22608.819,13.16,20.6,Low Risk
SELL00659,47,0.5531914893617021,3.4,Seller Fulfilled,10.425531914893616,107276.87400000001,55.32,44.7,Medium Risk
SELL00660,73,0.4657534246575342,2.3,Platform Fulfilled,13.835616438356164,318888.663,46.58,50.6,Medium Risk
SELL00661,58,0.08620689655172414,4.1,Seller Fulfilled,14.39655172413793,1323.249,8.62,18.4,Low Risk
SELL00662,72,0.4722222222222222,2.3,Seller Fulfilled,15.625,43203.4905,47.22,51.9,Medium Risk
SELL00663,50,0.3,3.8,Seller Fulfilled,16.8,34907.061,30.0,32.7,Low Risk
SELL00664,62,0.20967741935483872,3.6,Platform Fulfilled,17.741935483870968,50928.114,20.97,30.3,Low Risk
SELL00665,107,0.308411214953271,4.4,Platform Fulfilled,16.02803738317757,205124.2785,30.84,28.2,Low Risk
SELL00666,62,0.2903225806451613,4.0,Seller Fulfilled,16.451612903225808,61207.0185,29.03,30.5,Low Risk
SELL00667,44,0.25,4.8,Seller Fulfilled,16.477272727272727,70257.006,25.0,22.6,Low Risk
SELL00668,28,0.21428571428571427,4.1,Platform Fulfilled,16.607142857142858,52033.42949999999,21.43,26.1,Low Risk
SELL00669,6,0.0,5.0,Seller Fulfilled,5.833333333333333,0.0,0.0,2.3,Low Risk
SELL00670,50,0.12,4.1,Seller Fulfilled,18.2,13172.915999999997,12.0,22.3,Low Risk
SELL00671,18,0.16666666666666666,3.2,Seller Fulfilled,11.944444444444445,956.238,16.67,27.8,Low Risk
SELL00672,26,0.3076923076923077,4.3,Platform Fulfilled,15.76923076923077,26002.448999999997,30.77,28.8,Low Risk
SELL00673,50,0.38,4.3,Seller Fulfilled,12.4,7058.88,38.0,30.4,Low Risk
SELL00674,56,0.17857142857142858,3.5,Platform Fulfilled,20.714285714285715,45616.08,17.86,31.2,Low Risk
SELL00675,45,0.3111111111111111,3.9,Seller Fulfilled,17.444444444444443,66839.0745,31.11,32.9,Low Risk
SELL00676,8,0.0,4.4,Seller Fulfilled,13.75,0.0,0.0,11.5,Low Risk
SELL00677,68,0.19117647058823528,4.4,Platform Fulfilled,15.735294117647058,99145.08899999999,19.12,22.2,Low Risk
SELL00678,21,0.09523809523809523,3.5,Seller Fulfilled,14.761904761904763,319.3395,9.52,23.6,Low Risk
SELL00679,26,0.3076923076923077,3.4,Seller Fulfilled,17.115384615384617,6270.4529999999995,30.77,36.3,Medium Risk
SELL00680,71,0.14084507042253522,4.5,Platform Fulfilled,18.87323943661972,10460.068500000001,14.08,20.8,Low Risk
SELL00681,21,0.047619047619047616,3.8,Seller Fulfilled,20.714285714285715,1018.1429999999999,4.76,22.4,Low Risk
SELL00682,34,0.14705882352941177,3.5,Seller Fulfilled,12.205882352941176,41246.331,14.71,24.7,Low Risk
SELL00683,62,0.20967741935483872,4.5,Platform Fulfilled,17.580645161290324,21858.574499999995,20.97,23.5,Low Risk
SELL00684,33,0.21212121212121213,3.4,Platform Fulfilled,13.030303030303031,4959.816,21.21,29.1,Low Risk
SELL00685,47,0.23404255319148937,4.3,Platform Fulfilled,17.23404255319149,112772.30250000002,23.4,26.0,Low Risk
SELL00686,45,0.17777777777777778,4.5,Platform Fulfilled,14.11111111111111,80723.2815,17.78,19.8,Low Risk
SELL00687,36,0.25,3.1,Platform Fulfilled,18.88888888888889,106381.1625,25.0,36.7,Medium Risk
SELL00688,29,0.1724137931034483,3.6,Platform Fulfilled,19.137931034482758,7372.8945,17.24,29.2,Low Risk
SELL00689,33,0.21212121212121213,4.3,Platform Fulfilled,16.21212121212121,28213.505999999998,21.21,24.2,Low Risk
SELL00690,4,0.5,3.6,Platform Fulfilled,27.5,5457.69,50.0,50.5,Medium Risk
SELL00691,52,0.21153846153846154,3.6,Platform Fulfilled,17.115384615384617,29788.803,21.15,30.0,Low Risk
SELL00692,80,0.225,4.0,Seller Fulfilled,17.75,80356.206,22.5,28.0,Low Risk
SELL00693,63,0.19047619047619047,4.2,Seller Fulfilled,16.904761904761905,40229.002499999995,19.05,24.3,Low Risk
SELL00694,56,0.2857142857142857,3.2,Platform Fulfilled,17.767857142857142,28202.7975,28.57,37.1,Medium Risk
SELL00695,95,0.16842105263157894,4.2,Platform Fulfilled,13.526315789473685,21620.907,16.84,21.2,Low Risk
SELL00696,38,0.39473684210526316,3.3,Seller Fulfilled,17.105263157894736,9501.574499999999,39.47,41.4,Medium Risk
SELL00697,26,0.2692307692307692,4.3,Seller Fulfilled,17.115384615384617,44052.23850000001,26.92,27.6,Low Risk
SELL00698,75,0.24,4.0,Platform Fulfilled,17.933333333333334,88447.3995,24.0,28.9,Low Risk
SELL00699,63,0.4126984126984127,3.0,Seller Fulfilled,15.873015873015873,115743.82049999999,41.27,43.8,Medium Risk
SELL00700,34,0.29411764705882354,4.5,Platform Fulfilled,18.38235294117647,9879.3315,29.41,28.1,Low Risk
SELL00701,30,0.3333333333333333,3.6,Seller Fulfilled,14.0,167379.63,33.33,34.2,Medium Risk
SELL00702,28,0.0,3.5,Platform Fulfilled,15.178571428571429,0.0,0.0,19.0,Low Risk
SELL00703,39,0.20512820512820512,3.9,Seller Fulfilled,18.333333333333332,36051.435,20.51,28.1,Low Risk
SELL00704,8,0.375,3.3,Platform Fulfilled,20.0,1423.7115,37.5,42.1,Medium Risk
SELL00705,40,0.325,4.3,Seller Fulfilled,20.125,57435.8025,32.5,32.2,Low Risk
SELL00706,49,0.10204081632653061,4.1,Platform Fulfilled,13.061224489795919,953.4269999999999,10.2,18.4,Low Risk
SELL00707,34,0.20588235294117646,4.1,Platform Fulfilled,18.823529411764707,6567.18,20.59,27.0,Low Risk
SELL00708,69,0.2898550724637681,3.5,Seller Fulfilled,17.82608695652174,88840.287,28.99,35.1,Medium Risk
SELL00709,22,0.5,2.6,Platform Fulfilled,15.454545454545455,53816.8995,50.0,51.0,Medium Risk
SELL00710,33,0.12121212121212122,3.7,Platform Fulfilled,23.636363636363637,37754.008499999996,12.12,28.6,Low Risk
SELL00711,23,0.21739130434782608,3.1,Platform Fulfilled,15.652173913043478,2461.017,21.74,33.2,Medium Risk
SELL00712,48,0.10416666666666667,4.4,Platform Fulfilled,14.895833333333334,2672.7974999999997,10.42,17.3,Low Risk
SELL00713,29,0.10344827586206896,5.0,Seller Fulfilled,14.482758620689655,541.4159999999999,10.34,12.5,Low Risk
SELL00715,55,0.18181818181818182,4.5,Platform Fulfilled,19.636363636363637,7337.271,18.18,23.2,Low Risk
SELL00716,39,0.41025641025641024,4.4,Seller Fulfilled,13.846153846153847,8899.796999999999,41.03,32.0,Low Risk
SELL00717,52,0.1346153846153846,4.1,Platform Fulfilled,15.192307692307692,14593.746,13.46,21.3,Low Risk
SELL00718,62,0.11290322580645161,3.6,Seller Fulfilled,16.612903225806452,44205.294,11.29,24.8,Low Risk
SELL00719,18,0.3888888888888889,4.3,Seller Fulfilled,25.555555555555557,6392.870999999999,38.89,38.6,Medium Risk
SELL00720,49,0.20408163265306123,4.9,Seller Fulfilled,14.387755102040817,50695.293000000005,20.41,18.3,Low Risk
SELL00721,34,0.47058823529411764,2.8,Seller Fulfilled,15.147058823529411,34019.037000000004,47.06,47.8,Medium Risk
SELL00722,21,0.23809523809523808,2.7,Seller Fulfilled,17.142857142857142,62337.710999999996,23.81,38.1,Medium Risk
SELL00723,48,0.22916666666666666,4.7,Seller Fulfilled,19.0625,96942.42,22.92,23.8,Low Risk
SELL00724,26,0.19230769230769232,4.2,Seller Fulfilled,22.5,3501.7934999999998,19.23,27.7,Low Risk
SELL00725,51,0.21568627450980393,4.2,Seller Fulfilled,16.372549019607842,39555.719999999994,21.57,25.3,Low Risk
SELL00726,45,0.35555555555555557,2.6,Seller Fulfilled,13.444444444444445,147842.748,35.56,42.6,Medium Risk
SELL00727,9,0.4444444444444444,5.0,Seller Fulfilled,13.88888888888889,76182.201,44.44,29.2,Low Risk
SELL00728,75,0.38666666666666666,2.9,Seller Fulfilled,16.733333333333334,164121.789,38.67,43.8,Medium Risk
SELL00729,93,0.23655913978494625,4.4,Seller Fulfilled,16.827956989247312,39070.0395,23.66,25.1,Low Risk
SELL00730,62,0.3064516129032258,3.9,Seller Fulfilled,15.887096774193548,39425.9055,30.65,31.8,Low Risk
SELL00731,21,0.19047619047619047,3.9,Platform Fulfilled,12.619047619047619,29406.1455,19.05,24.0,Low Risk
SELL00732,56,0.39285714285714285,3.3,Platform Fulfilled,12.410714285714286,74611.2195,39.29,38.6,Medium Risk
SELL00733,43,0.27906976744186046,4.0,Seller Fulfilled,16.162790697674417,87121.182,27.91,29.8,Low Risk
SELL00734,56,0.125,4.7,Seller Fulfilled,12.410714285714286,48854.433,12.5,14.7,Low Risk
SELL00735,33,0.2727272727272727,2.6,Seller Fulfilled,17.87878787878788,2150.2575,27.27,41.0,Medium Risk
SELL00736,63,0.4603174603174603,3.4,Platform Fulfilled,22.46031746031746,304908.75749999995,46.03,47.1,Medium Risk
SELL00737,44,0.29545454545454547,3.1,Platform Fulfilled,15.795454545454545,20595.8235,29.55,37.2,Medium Risk
SELL00738,72,0.5,2.7,Platform Fulfilled,16.666666666666668,376656.63899999997,50.0,50.9,Medium Risk
SELL00739,53,0.24528301886792453,5.0,Seller Fulfilled,20.09433962264151,55185.945,24.53,22.9,Low Risk
SELL00740,35,0.7142857142857143,2.5,Seller Fulfilled,21.714285714285715,45377.84249999999,71.43,66.1,High Risk
SELL00741,38,0.21052631578947367,4.2,Seller Fulfilled,19.605263157894736,23819.7555,21.05,27.0,Low Risk
SELL00742,77,0.23376623376623376,4.3,Seller Fulfilled,14.480519480519481,72102.1575,23.38,24.3,Low Risk
SELL00743,36,0.25,4.0,Seller Fulfilled,17.916666666666668,69779.565,25.0,29.4,Low Risk
SELL00744,28,0.5,3.2,Platform Fulfilled,8.571428571428571,138909.4125,50.0,42.4,Medium Risk
SELL00745,41,0.2682926829268293,3.5,Seller Fulfilled,14.512195121951219,4087.1505,26.83,32.0,Low Risk
SELL00746,99,0.15151515151515152,5.0,Seller Fulfilled,15.858585858585858,73771.734,15.15,15.8,Low Risk
SELL00747,74,0.36486486486486486,4.0,Seller Fulfilled,11.283783783783784,188194.6365,36.49,31.3,Low Risk
SELL00748,70,0.18571428571428572,3.8,Seller Fulfilled,16.785714285714285,7000.071,18.57,27.0,Low Risk
SELL00749,31,0.12903225806451613,3.8,Platform Fulfilled,17.419354838709676,3421.7129999999997,12.9,24.6,Low Risk
SELL00750,23,0.2608695652173913,4.5,Seller Fulfilled,15.869565217391305,12164.883,26.09,25.0,Low Risk
SELL00751,58,0.08620689655172414,4.4,Platform Fulfilled,12.5,3020.1344999999997,8.62,15.0,Low Risk
SELL00752,57,0.631578947368421,2.6,Seller Fulfilled,15.263157894736842,75937.65,63.16,57.4,Medium Risk
SELL00753,47,0.14893617021276595,3.7,Seller Fulfilled,17.340425531914892,11087.194499999998,14.89,26.3,Low Risk
SELL00754,24,0.4583333333333333,2.2,Seller Fulfilled,12.083333333333334,22908.733500000002,45.83,49.9,Medium Risk
SELL00756,60,0.3333333333333333,4.1,Seller Fulfilled,18.75,57490.2135,33.33,33.3,Medium Risk
SELL00757,39,0.1282051282051282,4.2,Seller Fulfilled,13.461538461538462,25615.959,12.82,19.2,Low Risk
SELL00758,8,0.25,3.4,Platform Fulfilled,8.75,283.551,25.0,28.5,Low Risk
SELL00759,20,0.1,3.6,Seller Fulfilled,11.5,35178.3765,10.0,21.1,Low Risk
SELL00760,3,0.3333333333333333,4.0,Seller Fulfilled,20.0,426.5265,33.33,34.8,Medium Risk
SELL00761,23,0.391304347826087,2.4,Seller Fulfilled,16.52173913043478,13034.015999999998,39.13,47.6,Medium Risk
SELL00762,25,0.24,3.7,Seller Fulfilled,22.8,73265.06999999999,24.0,34.0,Medium Risk
SELL00763,20,0.2,3.3,Platform Fulfilled,20.0,4769.906999999999,20.0,33.4,Medium Risk
SELL00765,4,0.25,3.7,Seller Fulfilled,12.5,505.94849999999997,25.0,28.5,Low Risk
SELL00766,39,0.20512820512820512,3.2,Seller Fulfilled,15.0,32416.2465,20.51,31.4,Low Risk
SELL00767,54,0.3148148148148148,3.9,Seller Fulfilled,19.25925925925926,33681.24,31.48,34.2,Medium Risk
SELL00768,54,0.18518518518518517,3.8,Seller Fulfilled,14.814814814814815,43450.8885,18.52,25.8,Low Risk
SELL00769,37,0.24324324324324326,4.1,Seller Fulfilled,16.756756756756758,43478.35800000001,24.32,27.6,Low Risk
SELL00770,36,0.2222222222222222,3.7,Platform Fulfilled,16.666666666666668,34252.26,22.22,29.5,Low Risk
SELL00771,50,0.38,3.3,Seller Fulfilled,16.3,70364.34599999999,38.0,40.2,Medium Risk
SELL00772,19,0.05263157894736842,3.4,Platform Fulfilled,14.473684210526315,198.486,5.26,22.0,Low Risk
SELL00773,137,0.1678832116788321,4.4,Seller Fulfilled,13.321167883211679,61144.419,16.79,19.6,Low Risk
SELL00774,20,0.25,3.6,Platform Fulfilled,24.0,2210.469,25.0,36.0,Medium Risk
SELL00775,69,0.17391304347826086,4.1,Seller Fulfilled,13.478260869565217,13020.734999999999,17.39,22.2,Low Risk
SELL00776,60,0.43333333333333335,3.3,Seller Fulfilled,19.583333333333332,56806.699499999995,43.33,44.8,Medium Risk
SELL00777,31,0.0967741935483871,5.0,Seller Fulfilled,12.258064516129032,2079.9855,9.68,10.9,Low Risk
SELL00778,44,0.36363636363636365,3.0,Platform Fulfilled,18.75,158393.1495,36.36,43.1,Medium Risk
SELL00779,45,0.3111111111111111,3.2,Seller Fulfilled,14.666666666666666,13870.98,31.11,36.6,Medium Risk
SELL00780,44,0.11363636363636363,3.7,Seller Fulfilled,16.59090909090909,27300.319499999998,11.36,24.1,Low Risk
SELL00781,34,0.11764705882352941,3.7,Seller Fulfilled,13.529411764705882,3598.017,11.76,22.5,Low Risk
SELL00782,13,0.15384615384615385,3.5,Platform Fulfilled,18.46153846153846,1645.1205,15.38,28.7,Low Risk
SELL00783,31,0.1935483870967742,3.9,Platform Fulfilled,8.548387096774194,67785.8205,19.35,21.9,Low Risk
SELL00784,8,0.375,3.3,Platform Fulfilled,12.5,1029.9029999999998,37.5,37.7,Medium Risk
SELL00785,35,0.14285714285714285,3.7,Seller Fulfilled,13.142857142857142,9970.437,14.29,23.5,Low Risk
SELL00786,43,0.18604651162790697,3.6,Seller Fulfilled,16.511627906976745,20036.224499999997,18.6,28.4,Low Risk
SELL00787,24,0.125,3.0,Seller Fulfilled,13.541666666666666,13046.961,12.5,28.1,Low Risk
SELL00788,71,0.11267605633802817,5.0,Platform Fulfilled,19.718309859154928,33469.7865,11.27,16.1,Low Risk
SELL00789,47,0.1276595744680851,3.5,Platform Fulfilled,16.170212765957448,3640.7715,12.77,26.0,Low Risk
SELL00790,33,0.3333333333333333,2.4,Seller Fulfilled,14.848484848484848,4272.096,33.33,43.8,Medium Risk
SELL00791,22,0.13636363636363635,4.5,Platform Fulfilled,15.454545454545455,3202.701,13.64,18.5,Low Risk
SELL00792,25,0.36,3.4,Platform Fulfilled,15.8,3092.0834999999997,36.0,38.2,Medium Risk
SELL00793,9,0.3333333333333333,3.8,Seller Fulfilled,11.666666666666666,50812.2495,33.33,31.4,Low Risk
SELL00794,24,0.375,3.3,Seller Fulfilled,19.375,105631.416,37.5,41.8,Medium Risk
SELL00795,94,0.3723404255319149,2.4,Platform Fulfilled,15.904255319148936,223260.8985,37.23,46.3,Medium Risk
SELL00796,25,0.12,3.6,Platform Fulfilled,17.4,1955.877,12.0,25.6,Low Risk
SELL00797,59,0.2033898305084746,4.4,Seller Fulfilled,15.508474576271187,27641.1075,20.34,22.6,Low Risk
SELL00798,45,0.08888888888888889,3.9,Platform Fulfilled,12.555555555555555,1835.9654999999998,8.89,19.0,Low Risk
SELL00799,39,0.07692307692307693,4.7,Seller Fulfilled,13.205128205128204,46228.05299999999,7.69,12.7,Low Risk
SELL00800,48,0.2708333333333333,3.3,Platform Fulfilled,16.979166666666668,7556.171999999999,27.08,35.2,Medium Risk
SELL00801,59,0.2033898305084746,4.5,Platform Fulfilled,15.338983050847459,85440.16799999999,20.34,21.8,Low Risk
SELL00802,15,0.4,2.7,Seller Fulfilled,13.666666666666666,23168.638499999997,40.0,44.2,Medium Risk
SELL00803,76,0.4605263157894737,2.5,Seller Fulfilled,14.144736842105264,139873.779,46.05,49.0,Medium Risk
SELL00804,12,0.5,5.0,Seller Fulfilled,14.166666666666666,6697.2855,50.0,32.2,Low Risk
SELL00805,21,0.23809523809523808,4.2,Platform Fulfilled,13.095238095238095,4821.579,23.81,24.5,Low Risk
SELL00806,47,0.425531914893617,2.5,Seller Fulfilled,13.191489361702128,8481.821999999998,42.55,46.7,Medium Risk
SELL00807,58,0.15517241379310345,4.1,Platform Fulfilled,15.689655172413794,41492.3655,15.52,22.6,Low Risk
SELL00808,78,0.2564102564102564,3.9,Platform Fulfilled,11.153846153846153,279429.009,25.64,26.5,Low Risk
SELL00809,41,0.4146341463414634,3.7,Seller Fulfilled,11.341463414634147,143868.471,41.46,36.0,Medium Risk
SELL00810,47,0.23404255319148937,3.4,Seller Fulfilled,17.97872340425532,17082.456,23.4,33.1,Medium Risk
SELL00811,13,0.23076923076923078,5.0,Seller Fulfilled,18.846153846153847,2324.772,23.08,21.5,Low Risk
SELL00812,36,0.3055555555555556,3.0,Seller Fulfilled,15.277777777777779,49192.845,30.56,38.2,Medium Risk
SELL00813,9,0.4444444444444444,3.4,Seller Fulfilled,15.0,2187.471,44.44,41.9,Medium Risk
SELL00814,16,0.125,3.9,Seller Fulfilled,20.625,248.517,12.5,25.5,Low Risk
SELL00815,25,0.12,4.7,Platform Fulfilled,15.6,5503.239,12.0,16.3,Low Risk
SELL00816,32,0.03125,4.8,Seller Fulfilled,17.34375,740.376,3.12,12.1,Low Risk
SELL00817,15,0.13333333333333333,4.6,Seller Fulfilled,14.666666666666666,779.25,13.33,17.2,Low Risk
SELL00818,23,0.13043478260869565,3.5,Platform Fulfilled,13.043478260869565,2376.627,13.04,24.3,Low Risk
SELL00819,11,0.09090909090909091,4.0,Seller Fulfilled,13.636363636363637,463.38599999999997,9.09,19.0,Low Risk
SELL00820,38,0.6052631578947368,3.4,Seller Fulfilled,17.63157894736842,299486.35500000004,60.53,51.5,Medium Risk
SELL00821,37,0.1891891891891892,4.6,Platform Fulfilled,16.08108108108108,1204.0424999999998,18.92,20.8,Low Risk
SELL00822,53,0.3018867924528302,3.1,Seller Fulfilled,21.79245283018868,186587.739,30.19,41.0,Medium Risk
SELL00823,15,0.4,4.2,Seller Fulfilled,10.333333333333334,14759.966999999999,40.0,31.0,Low Risk
SELL00824,50,0.2,3.1,Seller Fulfilled,15.1,70663.1325,20.0,32.0,Low Risk
SELL00825,39,0.28205128205128205,3.4,Seller Fulfilled,15.128205128205128,40293.46950000001,28.21,33.9,Medium Risk
SELL00826,39,0.10256410256410256,3.9,Seller Fulfilled,14.35897435897436,671.319,10.26,20.7,Low Risk
SELL00827,46,0.391304347826087,4.5,Seller Fulfilled,18.26086956521739,149607.28499999997,39.13,32.9,Low Risk
SELL00828,38,0.6578947368421053,2.8,Platform Fulfilled,17.63157894736842,112265.93250000001,65.79,58.6,Medium Risk
SELL00829,61,0.21311475409836064,4.4,Platform Fulfilled,14.918032786885245,98516.4825,21.31,22.8,Low Risk
SELL00830,26,0.34615384615384615,3.7,Platform Fulfilled,16.346153846153847,6142.656,34.62,35.5,Medium Risk
SELL00831,71,0.16901408450704225,3.6,Platform Fulfilled,13.52112676056338,60656.754,16.9,25.8,Low Risk
SELL00832,58,0.3448275862068966,3.5,Seller Fulfilled,14.827586206896552,125460.723,34.48,36.1,Medium Risk
SELL00833,49,0.42857142857142855,3.2,Platform Fulfilled,21.122448979591837,178255.59,42.86,46.2,Medium Risk
SELL00834,29,0.20689655172413793,4.9,Seller Fulfilled,13.275862068965518,73632.5505,20.69,17.8,Low Risk
SELL00835,16,0.1875,3.8,Seller Fulfilled,11.25,49612.34099999999,18.75,23.9,Low Risk
SELL00836,23,0.08695652173913043,3.3,Seller Fulfilled,17.17391304347826,3766.1955,8.7,26.1,Low Risk
SELL00837,90,0.16666666666666666,4.2,Platform Fulfilled,14.444444444444445,41996.404500000004,16.67,21.7,Low Risk
SELL00838,43,0.16279069767441862,5.0,Seller Fulfilled,11.627906976744185,32695.172999999995,16.28,13.9,Low Risk
SELL00839,54,0.09259259259259259,4.2,Platform Fulfilled,12.5,42353.774999999994,9.26,16.9,Low Risk
SELL00840,61,0.14754098360655737,4.4,Seller Fulfilled,17.78688524590164,33743.2635,14.75,21.2,Low Risk
SELL00841,75,0.16,4.1,Platform Fulfilled,12.333333333333334,114141.2505,16.0,20.9,Low Risk
SELL00842,56,0.5,2.8,Platform Fulfilled,14.375,17746.648499999996,50.0,48.8,Medium Risk
SELL00843,36,0.5277777777777778,2.5,Platform Fulfilled,19.72222222222222,75869.0865,52.78,55.6,Medium Risk
SELL00844,48,0.25,3.8,Seller Fulfilled,16.25,9312.700499999999,25.0,29.9,Low Risk
SELL00845,31,0.25806451612903225,3.9,Platform Fulfilled,13.387096774193548,32847.342,25.81,27.9,Low Risk
SELL00846,46,0.30434782608695654,4.5,Platform Fulfilled,17.608695652173914,13466.654999999999,30.43,28.2,Low Risk
SELL00847,28,0.14285714285714285,4.2,Platform Fulfilled,15.535714285714286,33926.304,14.29,21.2,Low Risk
SELL00848,72,0.19444444444444445,4.8,Seller Fulfilled,17.15277777777778,170909.30849999998,19.44,20.2,Low Risk
SELL00849,34,0.5882352941176471,3.2,Seller Fulfilled,18.529411764705884,67303.101,58.82,52.7,Medium Risk
SELL00850,49,0.16326530612244897,3.9,Seller Fulfilled,17.857142857142858,4568.562,16.33,25.8,Low Risk
SELL00851,23,0.391304347826087,5.0,Seller Fulfilled,16.73913043478261,36524.024999999994,39.13,28.3,Low Risk
SELL00852,19,0.10526315789473684,4.1,Platform Fulfilled,13.421052631578947,914.3009999999999,10.53,18.8,Low Risk
SELL00853,12,0.0,5.0,Platform Fulfilled,21.25,0.0,0.0,11.4,Low Risk
SELL00854,31,0.1935483870967742,4.6,Seller Fulfilled,15.161290322580646,40077.934499999996,19.35,20.5,Low Risk
SELL00855,50,0.4,3.4,Seller Fulfilled,13.1,60372.4725,40.0,38.6,Medium Risk
SELL00856,40,0.1,3.8,Seller Fulfilled,21.75,985.983,10.0,25.6,Low Risk
SELL00857,37,0.16216216216216217,4.2,Seller Fulfilled,16.35135135135135,8622.868499999999,16.22,22.6,Low Risk
SELL00858,59,0.6101694915254238,2.5,Seller Fulfilled,12.711864406779661,313020.72599999997,61.02,55.6,Medium Risk
SELL00859,68,0.5882352941176471,2.8,Seller Fulfilled,14.926470588235293,124518.507,58.82,53.5,Medium Risk
SELL00860,36,0.1388888888888889,4.0,Platform Fulfilled,23.194444444444443,2290.7535,13.89,27.0,Low Risk
SELL00861,19,0.15789473684210525,4.7,Platform Fulfilled,11.31578947368421,12161.9205,15.79,15.7,Low Risk
SELL00862,60,0.1,4.3,Platform Fulfilled,12.75,16926.7905,10.0,16.6,Low Risk
SELL00863,46,0.5,2.9,Seller Fulfilled,16.630434782608695,70640.4255,50.0,49.4,Medium Risk
SELL00864,24,0.375,3.1,Seller Fulfilled,16.25,6247.275,37.5,41.4,Medium Risk
SELL00865,31,0.03225806451612903,4.7,Platform Fulfilled,11.290322580645162,606.2475,3.23,9.4,Low Risk
SELL00866,14,0.07142857142857142,4.6,Platform Fulfilled,23.571428571428573,1031.9054999999998,7.14,19.3,Low Risk
SELL00867,41,0.36585365853658536,3.4,Platform Fulfilled,12.682926829268293,89274.48,36.59,36.6,Medium Risk
SELL00868,52,0.17307692307692307,3.4,Platform Fulfilled,19.134615384615383,59731.41299999999,17.31,30.8,Low Risk
SELL00869,39,0.20512820512820512,4.3,Seller Fulfilled,12.820512820512821,19270.985999999997,20.51,21.9,Low Risk
SELL00870,62,0.16129032258064516,3.0,Platform Fulfilled,14.03225806451613,4401.919499999999,16.13,30.2,Low Risk
SELL00871,75,0.22666666666666666,4.2,Platform Fulfilled,15.733333333333333,168880.158,22.67,25.5,Low Risk
SELL00872,40,0.35,3.4,Seller Fulfilled,14.25,33404.7795,35.0,36.8,Medium Risk
SELL00873,55,0.34545454545454546,2.7,Seller Fulfilled,14.090909090909092,132835.59149999998,34.55,41.7,Medium Risk
SELL00874,31,0.12903225806451613,4.5,Platform Fulfilled,14.35483870967742,28504.245,12.9,17.5,Low Risk
SELL00875,45,0.2222222222222222,4.2,Seller Fulfilled,14.0,9619.893,22.22,24.2,Low Risk
SELL00876,38,0.2631578947368421,3.7,Seller Fulfilled,12.236842105263158,36671.27849999999,26.32,29.0,Low Risk
SELL00877,31,0.1935483870967742,4.9,Seller Fulfilled,16.774193548387096,57527.584500000004,19.35,19.2,Low Risk
SELL00878,51,0.1568627450980392,5.0,Seller Fulfilled,15.196078431372548,53097.057,15.69,15.6,Low Risk
SELL00879,14,0.42857142857142855,3.3,Platform Fulfilled,19.285714285714285,4699.6065,42.86,44.4,Medium Risk
SELL00880,5,0.6,2.8,Seller Fulfilled,17.0,48558.566999999995,60.0,55.4,Medium Risk
SELL00881,62,0.16129032258064516,3.9,Seller Fulfilled,13.064516129032258,23124.9735,16.13,22.9,Low Risk
SELL00882,84,0.23809523809523808,4.6,Platform Fulfilled,18.63095238095238,127234.3665,23.81,24.7,Low Risk
SELL00883,49,0.30612244897959184,3.2,Seller Fulfilled,16.122448979591837,49309.359,30.61,37.2,Medium Risk
SELL00884,52,0.09615384615384616,4.9,Seller Fulfilled,18.942307692307693,2746.8614999999995,9.62,15.6,Low Risk
SELL00885,32,0.1875,3.6,Seller Fulfilled,15.9375,61315.06349999999,18.75,28.1,Low Risk
SELL00886,22,0.13636363636363635,4.4,Platform Fulfilled,18.636363636363637,19668.849000000002,13.64,21.1,Low Risk
SELL00887,70,0.3,4.4,Seller Fulfilled,16.714285714285715,64961.47349999999,30.0,28.2,Low Risk
SELL00888,49,0.42857142857142855,3.0,Seller Fulfilled,12.040816326530612,139120.04249999998,42.86,42.4,Medium Risk
SELL00889,57,0.5789473684210527,3.4,Seller Fulfilled,16.842105263157894,160717.02000000002,57.89,49.7,Medium Risk
SELL00890,35,0.34285714285714286,4.3,Seller Fulfilled,18.0,100121.71050000002,34.29,31.9,Low Risk
SELL00891,16,0.3125,2.8,Seller Fulfilled,18.4375,2741.961,31.25,41.8,Medium Risk
SELL00892,48,0.14583333333333334,3.7,Platform Fulfilled,13.125,76487.3625,14.58,23.7,Low Risk
SELL00893,65,0.16923076923076924,4.6,Seller Fulfilled,17.76923076923077,73823.3865,16.92,20.8,Low Risk
SELL00894,55,0.6363636363636364,2.4,Seller Fulfilled,15.454545454545455,223066.329,63.64,59.3,Medium Risk
SELL00895,46,0.21739130434782608,3.6,Seller Fulfilled,11.73913043478261,2178.222,21.74,27.1,Low Risk
SELL00896,11,0.2727272727272727,4.5,Seller Fulfilled,30.0,36592.1115,27.27,33.9,Medium Risk
SELL00897,42,0.40476190476190477,3.2,Platform Fulfilled,15.119047619047619,106945.58100000002,40.48,41.5,Medium Risk
SELL00898,70,0.3142857142857143,3.7,Seller Fulfilled,13.928571428571429,99935.65950000001,31.43,32.5,Low Risk
SELL00899,57,0.24561403508771928,5.0,Seller Fulfilled,20.350877192982455,90451.6605,24.56,23.1,Low Risk
SELL00900,50,0.08,3.5,Platform Fulfilled,17.4,1045.197,8.0,24.4,Low Risk
SELL00901,30,0.06666666666666667,4.5,Platform Fulfilled,17.333333333333332,2023.6424999999997,6.67,16.2,Low Risk
SELL00902,33,0.30303030303030304,3.9,Platform Fulfilled,19.848484848484848,119666.712,30.3,33.9,Medium Risk
SELL00903,75,0.13333333333333333,4.8,Seller Fulfilled,18.8,51526.7475,13.33,18.1,Low Risk
SELL00904,74,0.24324324324324326,5.0,Seller Fulfilled,19.93243243243243,53859.71100000001,24.32,22.7,Low Risk
SELL00905,40,0.2,4.6,Seller Fulfilled,16.375,5512.65,20.0,21.5,Low Risk
SELL00906,66,0.18181818181818182,4.2,Platform Fulfilled,17.727272727272727,17881.0065,18.18,24.4,Low Risk
SELL00907,61,0.22950819672131148,4.7,Seller Fulfilled,16.475409836065573,140191.9455,22.95,22.3,Low Risk
SELL00908,63,0.06349206349206349,4.3,Seller Fulfilled,15.079365079365079,14951.993999999999,6.35,16.1,Low Risk
SELL00909,44,0.29545454545454547,3.9,Platform Fulfilled,20.568181818181817,22296.978,29.55,34.0,Medium Risk
SELL00910,20,0.35,5.0,Seller Fulfilled,15.25,51996.672000000006,35.0,25.3,Low Risk
SELL00911,50,0.48,3.2,Seller Fulfilled,18.0,138193.94849999997,48.0,47.0,Medium Risk
SELL00912,8,0.125,3.4,Platform Fulfilled,6.875,1987.1819999999998,12.5,21.2,Low Risk
SELL00913,28,0.07142857142857142,4.9,Seller Fulfilled,17.857142857142858,146.13,7.14,13.7,Low Risk
SELL00914,26,0.19230769230769232,4.0,Platform Fulfilled,13.461538461538462,78301.3065,19.23,23.9,Low Risk
SELL00915,28,0.35714285714285715,2.9,Seller Fulfilled,15.178571428571429,7992.678,35.71,41.4,Medium Risk
SELL00916,17,0.5882352941176471,3.3,Platform Fulfilled,21.470588235294116,146369.45549999998,58.82,53.6,Medium Risk
SELL00917,40,0.325,3.3,Seller Fulfilled,13.375,23801.194499999998,32.5,35.7,Medium Risk
SELL00918,52,0.1346153846153846,3.8,Platform Fulfilled,19.615384615384617,5594.575499999999,13.46,26.2,Low Risk
SELL00919,68,0.22058823529411764,4.0,Seller Fulfilled,17.205882352941178,63138.81449999999,22.06,27.5,Low Risk
SELL00920,57,0.2807017543859649,4.3,Seller Fulfilled,15.526315789473685,28060.68,28.07,27.3,Low Risk
SELL00921,20,0.15,4.8,Platform Fulfilled,15.75,29667.228000000003,15.0,17.1,Low Risk
SELL00922,24,0.20833333333333334,1.5,Seller Fulfilled,23.333333333333332,3216.8219999999997,20.83,49.2,Medium Risk
SELL00923,38,0.15789473684210525,4.1,Platform Fulfilled,19.07894736842105,58483.4325,15.79,24.7,Low Risk
SELL00924,58,0.29310344827586204,3.8,Seller Fulfilled,19.137931034482758,30702.477,29.31,33.8,Medium Risk
SELL00925,33,0.21212121212121213,3.5,Seller Fulfilled,15.909090909090908,8525.905499999999,21.21,30.1,Low Risk
SELL00926,71,0.29577464788732394,3.6,Seller Fulfilled,14.859154929577464,34716.8175,29.58,32.9,Low Risk
SELL00927,39,0.15384615384615385,4.9,Platform Fulfilled,13.333333333333334,18200.001,15.38,15.2,Low Risk
SELL00928,54,0.12962962962962962,4.7,Seller Fulfilled,21.38888888888889,33168.384,12.96,20.2,Low Risk
SELL00929,33,0.15151515151515152,4.7,Platform Fulfilled,21.060606060606062,40981.24049999999,15.15,21.1,Low Risk
SELL00930,46,0.21739130434782608,4.2,Platform Fulfilled,14.891304347826088,4052.6984999999995,21.74,24.5,Low Risk
SELL00931,48,0.16666666666666666,4.7,Seller Fulfilled,12.708333333333334,16520.376,16.67,16.9,Low Risk
SELL00932,31,0.41935483870967744,3.7,Seller Fulfilled,22.419354838709676,40894.3125,41.94,42.7,Medium Risk
SELL00933,27,0.25925925925925924,4.0,Seller Fulfilled,18.333333333333332,28316.219999999998,25.93,30.1,Low Risk
SELL00934,51,0.3137254901960784,3.2,Seller Fulfilled,22.15686274509804,51999.026999999995,31.37,41.1,Medium Risk
SELL00935,83,0.21686746987951808,4.0,Platform Fulfilled,14.216867469879517,66313.78649999999,21.69,25.6,Low Risk
SELL00936,93,0.17204301075268819,5.0,Seller Fulfilled,16.29032258064516,142427.21099999998,17.2,17.0,Low Risk
SELL00937,41,0.21951219512195122,4.5,Seller Fulfilled,13.048780487804878,27808.8285,21.95,21.3,Low Risk
SELL00938,26,0.11538461538461539,5.0,Seller Fulfilled,14.423076923076923,2034.3555000000001,11.54,13.1,Low Risk
SELL00939,61,0.09836065573770492,4.8,Platform Fulfilled,13.032786885245901,25363.722,9.84,12.9,Low Risk
SELL00940,27,0.25925925925925924,3.5,Seller Fulfilled,16.85185185185185,15323.3655,25.93,33.0,Low Risk
SELL00941,45,0.26666666666666666,4.3,Platform Fulfilled,15.666666666666666,10106.994,26.67,26.7,Low Risk
SELL00942,28,0.35714285714285715,3.1,Platform Fulfilled,12.5,5331.173999999999,35.71,38.3,Medium Risk
SELL00943,24,0.125,3.5,Platform Fulfilled,14.583333333333334,1283.0925,12.5,24.9,Low Risk
SELL00944,22,0.3181818181818182,3.9,Seller Fulfilled,9.772727272727273,57401.523,31.82,28.8,Low Risk
SELL00945,34,0.20588235294117646,4.1,Seller Fulfilled,18.823529411764707,24229.326,20.59,27.0,Low Risk
SELL00946,68,0.20588235294117646,4.7,Platform Fulfilled,19.33823529411765,35138.593499999995,20.59,22.8,Low Risk
SELL00947,41,0.2682926829268293,4.0,Seller Fulfilled,16.463414634146343,29557.4205,26.83,29.4,Low Risk
SELL00948,80,0.1875,4.2,Seller Fulfilled,16.875,20068.561499999996,18.75,24.2,Low Risk
SELL00949,49,0.20408163265306123,3.9,Seller Fulfilled,14.89795918367347,40310.988,20.41,26.1,Low Risk
SELL00950,55,0.3090909090909091,3.7,Seller Fulfilled,16.181818181818183,41553.52949999999,30.91,33.6,Medium Risk
SELL00951,12,0.5,2.8,Seller Fulfilled,6.25,92997.762,50.0,44.1,Medium Risk
SELL00952,44,0.3181818181818182,3.8,Seller Fulfilled,12.840909090909092,141362.33699999997,31.82,31.3,Low Risk
SELL00953,36,0.2222222222222222,3.1,Seller Fulfilled,20.416666666666668,10638.877499999999,22.22,36.2,Medium Risk
SELL00954,41,0.3170731707317073,3.4,Seller Fulfilled,17.926829268292682,43481.31,31.71,37.2,Medium Risk
SELL00955,19,0.15789473684210525,4.8,Platform Fulfilled,18.68421052631579,62915.6025,15.79,19.3,Low Risk
SELL00956,36,0.16666666666666666,4.6,Seller Fulfilled,17.22222222222222,33261.768000000004,16.67,20.4,Low Risk
SELL00957,28,0.2857142857142857,3.3,Seller Fulfilled,13.035714285714286,10572.273000000001,28.57,33.6,Medium Risk
SELL00958,28,0.21428571428571427,4.5,Platform Fulfilled,16.785714285714285,7502.3895,21.43,23.2,Low Risk
SELL00959,46,0.2391304347826087,3.7,Seller Fulfilled,12.934782608695652,79596.4605,23.91,28.2,Low Risk
SELL00960,7,0.42857142857142855,2.5,Seller Fulfilled,9.285714285714286,7517.802,42.86,44.5,Medium Risk
SELL00961,25,0.48,3.2,Platform Fulfilled,13.2,15950.6505,48.0,44.1,Medium Risk
SELL00962,10,0.1,4.7,Seller Fulfilled,9.5,13003.5615,10.0,11.7,Low Risk
SELL00963,30,0.26666666666666666,3.2,Seller Fulfilled,15.666666666666666,6715.1715,26.67,34.9,Medium Risk
SELL00964,83,0.18072289156626506,5.0,Platform Fulfilled,17.40963855421687,48528.91499999999,18.07,18.2,Low Risk
SELL00965,78,0.20512820512820512,3.6,Seller Fulfilled,13.717948717948717,53546.36249999999,20.51,27.7,Low Risk
SELL00966,52,0.1346153846153846,4.8,Platform Fulfilled,20.096153846153847,38335.9755,13.46,18.9,Low Risk
SELL00967,20,0.1,4.6,Seller Fulfilled,15.0,812.9280000000001,10.0,15.7,Low Risk
SELL00968,31,0.3225806451612903,3.6,Platform Fulfilled,11.290322580645162,196792.2375,32.26,32.2,Low Risk
SELL00969,12,0.3333333333333333,4.2,Platform Fulfilled,19.166666666666668,2563.4925,33.33,32.8,Low Risk
SELL00970,53,0.1509433962264151,3.9,Platform Fulfilled,13.584905660377359,53772.6015,15.09,22.7,Low Risk
SELL00971,53,0.22641509433962265,4.5,Seller Fulfilled,18.30188679245283,64611.909,22.64,24.7,Low Risk
SELL00972,55,0.4,2.8,Seller Fulfilled,16.181818181818183,14455.765500000001,40.0,44.9,Medium Risk
SELL00973,74,0.17567567567567569,3.9,Platform Fulfilled,16.89189189189189,58974.5595,17.57,25.8,Low Risk
SELL00974,19,0.21052631578947367,4.5,Seller Fulfilled,22.105263157894736,6621.4395,21.05,26.2,Low Risk
SELL00975,44,0.3409090909090909,3.3,Seller Fulfilled,16.59090909090909,91003.1205,34.09,38.4,Medium Risk
SELL00977,45,0.5777777777777777,2.8,Platform Fulfilled,13.666666666666666,19861.152,57.78,52.3,Medium Risk
SELL00978,24,0.16666666666666666,4.2,Platform Fulfilled,17.916666666666668,2329.035,16.67,23.8,Low Risk
SELL00979,29,0.27586206896551724,5.0,Seller Fulfilled,16.551724137931036,46000.0335,27.59,22.4,Low Risk
SELL00980,19,0.42105263157894735,3.8,Seller Fulfilled,17.63157894736842,63420.6645,42.11,39.3,Medium Risk
SELL00981,39,0.5128205128205128,3.7,Seller Fulfilled,14.743589743589743,303240.72000000003,51.28,42.9,Medium Risk
SELL00982,66,0.5454545454545454,1.9,Seller Fulfilled,15.833333333333334,106402.55399999999,54.55,58.7,Medium Risk
SELL00983,60,0.23333333333333334,4.1,Seller Fulfilled,16.0,120854.2965,23.33,26.7,Low Risk
SELL00984,29,0.13793103448275862,3.8,Platform Fulfilled,11.551724137931034,1437.2924999999998,13.79,21.6,Low Risk
SELL00985,19,0.21052631578947367,4.6,Seller Fulfilled,18.94736842105263,10176.175500000001,21.05,23.6,Low Risk
SELL00986,24,0.08333333333333333,4.5,Seller Fulfilled,15.0,3542.9444999999996,8.33,15.6,Low Risk
SELL00987,56,0.08928571428571429,3.1,Platform Fulfilled,19.196428571428573,11959.587,8.93,28.9,Low Risk
SELL00988,107,0.16822429906542055,3.7,Platform Fulfilled,16.542056074766354,106282.87349999999,16.82,26.8,Low Risk
SELL00989,26,0.038461538461538464,5.0,Seller Fulfilled,15.384615384615385,1259.853,3.85,9.8,Low Risk
SELL00990,62,0.11290322580645161,4.3,Seller Fulfilled,18.06451612903226,16253.991,11.29,20.4,Low Risk
SELL00991,68,0.27941176470588236,4.4,Seller Fulfilled,15.073529411764707,225395.8755,27.94,26.2,Low Risk
SELL00992,31,0.12903225806451613,3.6,Seller Fulfilled,16.93548387096774,25734.9015,12.9,25.8,Low Risk
SELL00993,11,0.36363636363636365,3.7,Seller Fulfilled,18.636363636363637,2977.014,36.36,37.8,Medium Risk
SELL00994,57,0.40350877192982454,3.8,Seller Fulfilled,14.736842105263158,166899.5655,40.35,36.7,Medium Risk
SELL00995,39,0.1794871794871795,4.2,Seller Fulfilled,14.743589743589743,84145.971,17.95,22.5,Low Risk
SELL00996,31,0.1935483870967742,5.0,Seller Fulfilled,14.193548387096774,40780.870500000005,19.35,16.9,Low Risk
SELL00997,51,0.5098039215686274,3.4,Platform Fulfilled,15.588235294117647,74570.6835,50.98,45.5,Medium Risk
SELL00998,35,0.17142857142857143,3.9,Platform Fulfilled,16.0,3393.975,17.14,25.1,Low Risk
SELL00999,22,0.045454545454545456,4.3,Platform Fulfilled,7.5,2104.2104999999997,4.55,10.8,Low Risk
SELL01000,61,0.21311475409836064,3.5,Seller Fulfilled,16.721311475409838,66775.8165,21.31,30.6,Low Risk
SELL01001,35,0.05714285714285714,4.4,Platform Fulfilled,15.142857142857142,1719.4215,5.71,15.1,Low Risk
SELL01002,80,0.15,4.6,Seller Fulfilled,20.4375,25349.403,15.0,21.4,Low Risk
SELL01003,15,0.3333333333333333,4.1,Seller Fulfilled,12.333333333333334,6139.5914999999995,33.33,29.5,Low Risk
SELL01004,17,0.11764705882352941,3.0,Platform Fulfilled,11.176470588235293,12184.485,11.76,26.4,Low Risk
SELL01005,38,0.15789473684210525,4.4,Platform Fulfilled,11.973684210526315,40558.901999999995,15.79,18.3,Low Risk
SELL01006,31,0.25806451612903225,4.2,Seller Fulfilled,15.806451612903226,16201.109999999999,25.81,27.1,Low Risk
SELL01007,29,0.3793103448275862,3.4,Seller Fulfilled,16.379310344827587,5351.178,37.93,39.4,Medium Risk
SELL01008,14,0.35714285714285715,4.4,Seller Fulfilled,9.285714285714286,1055.8665,35.71,26.7,Low Risk
SELL01009,40,0.375,4.5,Seller Fulfilled,14.875,116672.03399999999,37.5,30.1,Low Risk
SELL01010,53,0.33962264150943394,3.9,Seller Fulfilled,13.679245283018869,225817.40849999996,33.96,32.2,Low Risk
SELL01011,37,0.24324324324324326,4.5,Seller Fulfilled,13.783783783783784,25621.292999999998,24.32,22.9,Low Risk
SELL01012,44,0.20454545454545456,4.5,Seller Fulfilled,16.022727272727273,57788.61,20.45,22.3,Low Risk
SELL01013,18,0.2777777777777778,4.3,Seller Fulfilled,16.666666666666668,6213.367499999999,27.78,27.8,Low Risk
SELL01014,67,0.582089552238806,3.2,Seller Fulfilled,14.850746268656716,207401.1825,58.21,50.2,Medium Risk
SELL01015,62,0.1935483870967742,3.7,Platform Fulfilled,20.403225806451612,64967.356499999994,19.35,30.3,Low Risk
SELL01016,31,0.1935483870967742,5.0,Seller Fulfilled,17.580645161290324,52243.26149999999,19.35,18.9,Low Risk
SELL01017,121,0.2396694214876033,3.1,Platform Fulfilled,14.338842975206612,119523.82499999998,23.97,33.6,Medium Risk
SELL01018,64,0.203125,3.3,Seller Fulfilled,14.453125,7782.5745,20.31,30.3,Low Risk
SELL01019,20,0.05,3.6,Seller Fulfilled,13.75,1738.2645,5.0,20.0,Low Risk
SELL01020,41,0.24390243902439024,3.2,Seller Fulfilled,14.878048780487806,62553.288,24.39,33.3,Medium Risk
SELL01021,31,0.25806451612903225,4.2,Platform Fulfilled,19.35483870967742,80580.97949999999,25.81,29.1,Low Risk
SELL01022,73,0.1506849315068493,4.4,Seller Fulfilled,15.0,66589.13249999999,15.07,19.8,Low Risk
SELL01023,56,0.32142857142857145,3.9,Seller Fulfilled,14.196428571428571,60717.567,32.14,31.5,Low Risk
SELL01024,60,0.23333333333333334,3.8,Seller Fulfilled,15.583333333333334,11548.2,23.33,28.7,Low Risk
SELL01025,55,0.4,4.3,Seller Fulfilled,14.818181818181818,299818.7145,40.0,32.8,Low Risk
SELL01026,53,0.22641509433962265,3.8,Seller Fulfilled,13.773584905660377,10724.355,22.64,27.3,Low Risk
SELL01027,55,0.32727272727272727,2.3,Platform Fulfilled,14.727272727272727,69786.6435,32.73,44.1,Medium Risk
SELL01028,40,0.675,2.7,Seller Fulfilled,11.875,171410.32799999998,67.5,56.9,Medium Risk
SELL01029,30,0.03333333333333333,4.0,Platform Fulfilled,15.666666666666666,5096.895,3.33,17.2,Low Risk
SELL01030,33,0.24242424242424243,4.2,Platform Fulfilled,14.393939393939394,43179.579,24.24,25.4,Low Risk
SELL01032,54,0.2222222222222222,3.1,Platform Fulfilled,17.962962962962962,7531.397999999999,22.22,34.8,Medium Risk
SELL01033,38,0.18421052631578946,4.3,Seller Fulfilled,11.18421052631579,57547.3515,18.42,19.9,Low Risk
SELL01034,44,0.4090909090909091,3.0,Seller Fulfilled,19.772727272727273,11060.8395,40.91,45.9,Medium Risk
SELL01035,30,0.0,3.8,Seller Fulfilled,17.666666666666668,0.0,0.0,18.3,Low Risk
SELL01036,35,0.2857142857142857,3.6,Seller Fulfilled,13.285714285714286,78716.619,28.57,31.5,Low Risk
SELL01037,51,0.21568627450980393,4.2,Seller Fulfilled,21.07843137254902,91516.932,21.57,28.1,Low Risk
SELL01038,85,0.5176470588235295,2.4,Seller Fulfilled,15.882352941176471,92285.2665,51.76,53.6,Medium Risk
SELL01039,76,0.17105263157894737,4.4,Platform Fulfilled,16.57894736842105,10509.1215,17.11,21.7,Low Risk
SELL01040,19,0.3157894736842105,4.6,Platform Fulfilled,23.42105263157895,4689.954,31.58,31.4,Low Risk
SELL01041,61,0.2459016393442623,3.6,Seller Fulfilled,17.704918032786885,53431.8165,24.59,32.1,Low Risk
SELL01042,60,0.2,4.2,Platform Fulfilled,21.416666666666668,51192.971999999994,20.0,27.5,Low Risk
SELL01043,53,0.41509433962264153,3.4,Seller Fulfilled,15.471698113207546,171583.6695,41.51,40.7,Medium Risk
SELL01044,54,0.35185185185185186,4.2,Seller Fulfilled,14.351851851851851,159946.1505,35.19,30.9,Low Risk
SELL01045,36,0.4166666666666667,3.0,Seller Fulfilled,15.555555555555555,87576.228,41.67,43.9,Medium Risk
SELL01046,35,0.45714285714285713,3.2,Seller Fulfilled,11.285714285714286,131857.18349999998,45.71,41.9,Medium Risk
SELL01047,73,0.1506849315068493,3.2,Platform Fulfilled,13.698630136986301,22689.197999999997,15.07,28.0,Low Risk
SELL01048,32,0.21875,4.1,Seller Fulfilled,16.875,69568.647,21.88,26.5,Low Risk
SELL01049,13,0.15384615384615385,4.5,Seller Fulfilled,24.23076923076923,258.2745,15.38,24.6,Low Risk
SELL01051,49,0.2857142857142857,3.8,Seller Fulfilled,17.551020408163264,63448.494,28.57,32.5,Low Risk
SELL01052,67,0.3283582089552239,3.8,Seller Fulfilled,15.0,78137.18849999999,32.84,33.1,Medium Risk
SELL01053,72,0.1527777777777778,3.9,Seller Fulfilled,20.833333333333332,4702.0035,15.28,27.0,Low Risk
SELL01054,40,0.175,4.1,Seller Fulfilled,21.375,7421.023500000001,17.5,26.9,Low Risk
SELL01055,31,0.16129032258064516,3.5,Seller Fulfilled,15.32258064516129,17490.3735,16.13,27.2,Low Risk
SELL01056,6,0.8333333333333334,3.3,Seller Fulfilled,18.333333333333332,72553.4985,83.33,64.0,Medium Risk
SELL01057,43,0.2558139534883721,3.6,Platform Fulfilled,16.511627906976745,27160.764000000003,25.58,31.9,Low Risk
SELL01058,22,0.45454545454545453,4.3,Seller Fulfilled,16.136363636363637,94179.31049999998,45.45,36.4,Medium Risk
SELL01059,22,0.18181818181818182,3.4,Seller Fulfilled,16.363636363636363,17640.2115,18.18,29.6,Low Risk
SELL01060,67,0.208955223880597,4.4,Seller Fulfilled,15.970149253731343,108393.73800000001,20.9,23.2,Low Risk
SELL01061,35,0.17142857142857143,3.0,Platform Fulfilled,16.285714285714285,34804.59,17.14,32.0,Low Risk
SELL01062,32,0.4375,3.2,Platform Fulfilled,17.8125,158464.75799999997,43.75,44.7,Medium Risk
SELL01063,61,0.2459016393442623,3.1,Platform Fulfilled,18.114754098360656,65689.926,24.59,36.1,Medium Risk
SELL01064,64,0.375,2.5,Platform Fulfilled,16.5625,138472.2075,37.5,46.1,Medium Risk
SELL01065,51,0.3137254901960784,2.4,Platform Fulfilled,12.352941176470589,70052.529,31.37,41.3,Medium Risk
SELL01066,75,0.26666666666666666,4.5,Seller Fulfilled,16.933333333333334,215605.5795,26.67,25.9,Low Risk
SELL01067,38,0.21052631578947367,4.4,Seller Fulfilled,19.473684210526315,38311.945499999994,21.05,25.4,Low Risk
SELL01068,58,0.2413793103448276,3.4,Platform Fulfilled,15.689655172413794,6934.659,24.14,32.2,Low Risk
SELL01069,39,0.41025641025641024,3.8,Seller Fulfilled,19.743589743589745,64387.491,41.03,40.0,Medium Risk
SELL01070,57,0.38596491228070173,2.3,Platform Fulfilled,14.12280701754386,61483.46399999999,38.6,46.7,Medium Risk
SELL01071,29,0.2413793103448276,4.4,Seller Fulfilled,21.379310344827587,43564.8735,24.14,28.0,Low Risk
SELL01072,23,0.21739130434782608,2.2,Platform Fulfilled,16.304347826086957,2673.1365,21.74,40.3,Medium Risk
SELL01073,27,0.2962962962962963,3.9,Seller Fulfilled,20.185185185185187,30925.987500000003,29.63,33.8,Medium Risk
SELL01074,32,0.125,3.9,Platform Fulfilled,17.5,12225.6825,12.5,23.7,Low Risk
SELL01075,37,0.05405405405405406,3.8,Seller Fulfilled,10.675675675675675,2542.5389999999998,5.41,16.9,Low Risk
SELL01076,12,0.4166666666666667,3.3,Platform Fulfilled,14.583333333333334,7785.492,41.67,41.0,Medium Risk
SELL01077,10,0.3,3.9,Platform Fulfilled,19.5,41777.424,30.0,33.6,Medium Risk
SELL01078,44,0.29545454545454547,3.5,Platform Fulfilled,14.545454545454545,26980.6725,29.55,33.4,Medium Risk
SELL01079,9,0.0,4.5,Seller Fulfilled,16.11111111111111,0.0,0.0,12.1,Low Risk
SELL01080,76,0.2236842105263158,4.3,Seller Fulfilled,16.25,89937.7245,22.37,24.9,Low Risk
SELL01081,24,0.2916666666666667,4.8,Seller Fulfilled,16.666666666666668,17780.5995,29.17,24.8,Low Risk
SELL01082,69,0.391304347826087,3.2,Platform Fulfilled,16.52173913043478,267898.0425,39.13,41.6,Medium Risk
SELL01083,6,0.16666666666666666,4.1,Platform Fulfilled,10.833333333333334,3107.5754999999995,16.67,20.4,Low Risk
SELL01084,47,0.2978723404255319,3.6,Seller Fulfilled,16.80851063829787,11931.313499999998,29.79,34.2,Medium Risk
SELL01085,64,0.375,3.0,Seller Fulfilled,18.28125,92959.26749999999,37.5,43.4,Medium Risk
SELL01086,69,0.4492753623188406,3.1,Seller Fulfilled,15.579710144927537,146722.023,44.93,44.7,Medium Risk
SELL01087,44,0.36363636363636365,4.4,Seller Fulfilled,15.227272727272727,5769.7215,36.36,30.5,Low Risk
SELL01088,58,0.22413793103448276,3.4,Platform Fulfilled,13.879310344827585,74275.6155,22.41,30.2,Low Risk
SELL01089,28,0.35714285714285715,3.7,Seller Fulfilled,17.857142857142858,120199.5315,35.71,37.0,Medium Risk
SELL01090,58,0.22413793103448276,3.1,Platform Fulfilled,18.53448275862069,20179.032,22.41,35.2,Medium Risk
SELL01091,18,0.1111111111111111,3.5,Platform Fulfilled,18.055555555555557,716.3609999999999,11.11,26.3,Low Risk
SELL01092,44,0.3181818181818182,3.1,Seller Fulfilled,21.25,20776.8915,31.82,41.5,Medium Risk
SELL01093,65,0.23076923076923078,4.0,Seller Fulfilled,18.153846153846153,37978.323000000004,23.08,28.6,Low Risk
SELL01094,36,0.2777777777777778,4.2,Seller Fulfilled,20.0,3737.5125,27.78,30.5,Low Risk
SELL01095,20,0.2,4.3,Seller Fulfilled,22.25,181.386,20.0,27.2,Low Risk
SELL01096,30,0.3,2.2,Platform Fulfilled,17.0,12429.078,30.0,44.9,Medium Risk
SELL01097,46,0.2608695652173913,3.6,Platform Fulfilled,14.456521739130435,4274.2575,26.09,30.9,Low Risk
SELL01098,60,0.25,4.1,Seller Fulfilled,13.666666666666666,106248.78749999999,25.0,26.2,Low Risk
SELL01099,34,0.17647058823529413,3.4,Seller Fulfilled,14.558823529411764,4190.1975,17.65,28.2,Low Risk
SELL01100,11,0.09090909090909091,4.1,Seller Fulfilled,10.909090909090908,363.62699999999995,9.09,16.6,Low Risk
SELL01101,80,0.1,4.1,Platform Fulfilled,18.9375,86432.073,10.0,21.8,Low Risk
SELL01102,36,0.05555555555555555,4.6,Platform Fulfilled,18.055555555555557,780.8489999999999,5.56,15.3,Low Risk
SELL01103,60,0.16666666666666666,3.7,Seller Fulfilled,16.416666666666668,17323.1535,16.67,26.6,Low Risk
SELL01104,23,0.34782608695652173,3.7,Seller Fulfilled,15.434782608695652,69449.5005,34.78,35.1,Medium Risk
SELL01105,49,0.14285714285714285,5.0,Seller Fulfilled,17.959183673469386,29781.9375,14.29,16.6,Low Risk
SELL01106,48,0.2916666666666667,3.5,Platform Fulfilled,13.4375,46670.349,29.17,32.6,Low Risk
SELL01107,28,0.35714285714285715,4.0,Seller Fulfilled,15.0,86530.764,35.71,33.1,Medium Risk
SELL01108,32,0.3125,4.0,Seller Fulfilled,15.46875,81291.282,31.25,31.1,Low Risk
SELL01109,20,0.15,4.1,Platform Fulfilled,12.5,655.485,15.0,20.5,Low Risk
SELL01110,13,0.07692307692307693,3.8,Seller Fulfilled,21.923076923076923,1571.8995,7.69,24.6,Low Risk
SELL01111,28,0.14285714285714285,4.0,Seller Fulfilled,18.75,36946.611,14.29,24.6,Low Risk
SELL01112,62,0.11290322580645161,4.0,Seller Fulfilled,13.306451612903226,50197.5615,11.29,19.8,Low Risk
SELL01113,7,0.42857142857142855,5.0,Seller Fulfilled,27.142857142857142,2558.955,42.86,36.2,Medium Risk
SELL01114,22,0.09090909090909091,3.5,Seller Fulfilled,15.681818181818182,2892.5699999999997,9.09,23.9,Low Risk
SELL01115,25,0.2,3.7,Platform Fulfilled,17.2,5280.183,20.0,28.7,Low Risk
SELL01116,60,0.2833333333333333,5.0,Seller Fulfilled,14.916666666666666,32882.621999999996,28.33,21.8,Low Risk
SELL01117,15,0.26666666666666666,3.8,Seller Fulfilled,9.666666666666666,50935.388999999996,26.67,26.9,Low Risk
SELL01118,55,0.34545454545454546,4.0,Seller Fulfilled,17.181818181818183,27446.3475,34.55,33.7,Medium Risk
SELL01119,31,0.2903225806451613,3.4,Platform Fulfilled,18.548387096774192,7084.6230000000005,29.03,36.3,Medium Risk
SELL01120,44,0.25,3.3,Seller Fulfilled,23.977272727272727,6188.8665,25.0,38.2,Medium Risk
SELL01121,48,0.10416666666666667,4.0,Seller Fulfilled,15.520833333333334,81510.89549999998,10.42,20.7,Low Risk
SELL01122,63,0.38095238095238093,3.1,Seller Fulfilled,12.063492063492063,29276.7735,38.1,39.3,Medium Risk
SELL01123,59,0.3050847457627119,3.2,Seller Fulfilled,21.52542372881356,80311.11300000001,30.51,40.3,Medium Risk
SELL01124,62,0.22580645161290322,4.1,Seller Fulfilled,14.67741935483871,64379.327999999994,22.58,25.6,Low Risk
SELL01125,75,0.26666666666666666,4.4,Seller Fulfilled,12.866666666666667,79017.34649999999,26.67,24.3,Low Risk
SELL01126,44,0.29545454545454547,2.9,Platform Fulfilled,16.022727272727273,52444.818,29.55,38.8,Medium Risk
SELL01127,86,0.37209302325581395,3.2,Platform Fulfilled,10.581395348837209,178268.0745,37.21,37.2,Medium Risk
SELL01128,39,0.1282051282051282,5.0,Platform Fulfilled,17.82051282051282,77719.929,12.82,15.7,Low Risk
SELL01129,12,0.6666666666666666,3.0,Seller Fulfilled,24.583333333333332,3455.9925000000003,66.67,61.6,Medium Risk
SELL01130,53,0.1509433962264151,3.7,Platform Fulfilled,16.132075471698112,3953.091,15.09,25.7,Low Risk
SELL01131,36,0.3055555555555556,2.8,Platform Fulfilled,16.805555555555557,10340.841,30.56,40.6,Medium Risk
SELL01132,63,0.19047619047619047,3.7,Seller Fulfilled,14.920634920634921,91009.899,19.05,26.9,Low Risk
SELL01133,45,0.4888888888888889,2.9,Seller Fulfilled,19.11111111111111,50218.314,48.89,50.3,Medium Risk
SELL01134,60,0.11666666666666667,4.7,Platform Fulfilled,16.75,22505.146500000003,11.67,16.8,Low Risk
SELL01135,47,0.3191489361702128,4.1,Seller Fulfilled,11.595744680851064,157510.8075,31.91,28.4,Low Risk
SELL01136,41,0.12195121951219512,4.2,Platform Fulfilled,12.560975609756097,3462.7124999999996,12.2,18.4,Low Risk
SELL01137,41,0.07317073170731707,4.7,Platform Fulfilled,14.512195121951219,9969.758999999998,7.32,13.3,Low Risk
SELL01138,39,0.5384615384615384,2.9,Seller Fulfilled,18.076923076923077,187318.4805,53.85,52.2,Medium Risk
SELL01139,26,0.5,3.3,Seller Fulfilled,21.346153846153847,28075.360499999995,50.0,49.2,Medium Risk
SELL01140,41,0.2682926829268293,3.1,Platform Fulfilled,19.390243902439025,7431.991499999999,26.83,37.9,Medium Risk
SELL01141,40,0.275,3.6,Seller Fulfilled,17.25,125528.5455,27.5,33.3,Medium Risk
SELL01142,53,0.6037735849056604,3.0,Seller Fulfilled,16.41509433962264,230754.56699999998,60.38,53.7,Medium Risk
SELL01143,31,0.45161290322580644,2.8,Seller Fulfilled,16.612903225806452,16581.8085,45.16,47.7,Medium Risk
SELL01145,45,0.13333333333333333,4.1,Seller Fulfilled,19.22222222222222,35460.688500000004,13.33,23.6,Low Risk
SELL01146,39,0.38461538461538464,3.5,Platform Fulfilled,19.871794871794872,55429.804499999984,38.46,41.0,Medium Risk
SELL01147,28,0.2857142857142857,4.6,Seller Fulfilled,18.035714285714285,31152.2985,28.57,26.8,Low Risk
SELL01148,16,0.125,4.4,Seller Fulfilled,14.375,731.3489999999999,12.5,18.1,Low Risk
SELL01149,50,0.18,3.8,Platform Fulfilled,15.2,70714.3005,18.0,25.8,Low Risk
SELL01150,63,0.2857142857142857,4.0,Platform Fulfilled,12.53968253968254,42829.54199999999,28.57,28.1,Low Risk
SELL01151,52,0.21153846153846154,4.2,Seller Fulfilled,14.134615384615385,14545.669499999998,21.15,23.8,Low Risk
SELL01152,41,0.3170731707317073,2.9,Platform Fulfilled,13.78048780487805,51940.10399999999,31.71,38.6,Medium Risk
SELL01153,7,0.2857142857142857,3.8,Seller Fulfilled,6.428571428571429,2218.071,28.57,26.0,Low Risk
SELL01154,39,0.1282051282051282,3.5,Platform Fulfilled,19.23076923076923,12634.249500000002,12.82,27.8,Low Risk
SELL01155,30,0.2,3.3,Seller Fulfilled,16.5,16203.153,20.0,31.3,Low Risk
SELL01156,48,0.0625,4.9,Seller Fulfilled,14.375,1958.838,6.25,11.2,Low Risk
SELL01157,42,0.47619047619047616,3.1,Platform Fulfilled,16.071428571428573,56756.622,47.62,46.4,Medium Risk
SELL01158,32,0.25,3.6,Platform Fulfilled,12.03125,7122.24,25.0,29.0,Low Risk
SELL01159,54,0.5185185185185185,2.3,Seller Fulfilled,14.444444444444445,239241.41399999996,51.85,53.6,Medium Risk
SELL01160,15,0.06666666666666667,4.1,Seller Fulfilled,21.0,436.4505,6.67,21.3,Low Risk
SELL01161,21,0.23809523809523808,3.4,Platform Fulfilled,10.0,4000.203,23.81,28.7,Low Risk
SELL01162,32,0.25,4.2,Seller Fulfilled,15.3125,41819.491500000004,25.0,26.4,Low Risk
SELL01163,49,0.20408163265306123,3.0,Platform Fulfilled,15.0,40904.079,20.41,32.9,Low Risk
SELL01164,17,0.0,3.8,Platform Fulfilled,17.352941176470587,0.0,0.0,18.1,Low Risk
SELL01165,10,0.7,3.5,Seller Fulfilled,19.0,2658.6314999999995,70.0,56.3,Medium Risk
SELL01166,50,0.1,5.0,Platform Fulfilled,17.2,37392.5715,10.0,14.0,Low Risk
SELL01167,17,0.4117647058823529,3.4,Platform Fulfilled,15.294117647058824,23391.271499999995,41.18,40.5,Medium Risk
SELL01168,83,0.1927710843373494,4.1,Seller Fulfilled,16.02409638554217,73239.3165,19.28,24.7,Low Risk
SELL01169,55,0.18181818181818182,3.6,Platform Fulfilled,19.272727272727273,64573.721999999994,18.18,29.8,Low Risk
SELL01170,24,0.125,3.8,Seller Fulfilled,16.458333333333332,23274.045000000002,12.5,23.8,Low Risk
SELL01171,13,0.07692307692307693,3.6,Platform Fulfilled,11.538461538461538,95.2515,7.69,20.0,Low Risk
SELL01172,28,0.17857142857142858,4.6,Seller Fulfilled,14.285714285714286,21727.794,17.86,19.2,Low Risk
SELL01173,19,0.47368421052631576,3.3,Platform Fulfilled,16.57894736842105,8221.764,47.37,45.1,Medium Risk
SELL01174,25,0.12,4.7,Seller Fulfilled,11.8,296.99249999999995,12.0,14.1,Low Risk
SELL01175,76,0.27631578947368424,4.4,Seller Fulfilled,13.618421052631579,146816.457,27.63,25.2,Low Risk
SELL01176,67,0.22388059701492538,4.1,Platform Fulfilled,15.597014925373134,95801.4915,22.39,26.0,Low Risk
SELL01177,49,0.30612244897959184,3.4,Seller Fulfilled,16.3265306122449,136770.1665,30.61,35.8,Medium Risk
SELL01178,45,0.08888888888888889,5.0,Platform Fulfilled,16.77777777777778,29944.528499999997,8.89,13.2,Low Risk
SELL01179,21,0.19047619047619047,4.0,Platform Fulfilled,11.428571428571429,1552.7745,19.05,22.6,Low Risk
SELL01180,37,0.24324324324324326,4.6,Platform Fulfilled,14.72972972972973,35764.3545,24.32,22.7,Low Risk
SELL01181,20,0.15,4.4,Seller Fulfilled,15.5,4508.91,15.0,20.0,Low Risk
SELL01182,15,0.26666666666666666,3.8,Seller Fulfilled,16.333333333333332,517.254,26.67,30.8,Low Risk
SELL01183,13,0.07692307692307693,3.6,Seller Fulfilled,10.76923076923077,14437.414499999999,7.69,19.6,Low Risk
SELL01184,39,0.15384615384615385,4.5,Seller Fulfilled,11.025641025641026,38261.50199999999,15.38,16.8,Low Risk
SELL01185,65,0.24615384615384617,3.4,Seller Fulfilled,19.615384615384617,61505.859,24.62,34.7,Medium Risk
SELL01186,57,0.5789473684210527,2.9,Seller Fulfilled,15.614035087719298,324633.83400000003,57.89,52.8,Medium Risk
SELL01187,41,0.07317073170731707,3.7,Seller Fulfilled,18.29268292682927,1273.6245,7.32,23.0,Low Risk
SELL01188,23,0.4782608695652174,3.4,Seller Fulfilled,13.695652173913043,66997.545,47.83,42.8,Medium Risk
SELL01189,9,0.1111111111111111,3.7,Platform Fulfilled,21.11111111111111,209.259,11.11,26.6,Low Risk
SELL01190,32,0.40625,3.0,Seller Fulfilled,15.3125,16030.2975,40.62,43.2,Medium Risk
SELL01191,36,0.25,5.0,Platform Fulfilled,17.77777777777778,44421.221999999994,25.0,21.8,Low Risk
SELL01192,34,0.17647058823529413,4.2,Seller Fulfilled,11.617647058823529,1678.2975,17.65,20.5,Low Risk
SELL01193,28,0.75,2.7,Seller Fulfilled,16.607142857142858,22786.833,75.0,63.4,Medium Risk
SELL01194,74,0.4594594594594595,3.0,Seller Fulfilled,13.58108108108108,142845.36599999998,45.95,44.8,Medium Risk
SELL01195,85,0.2235294117647059,3.5,Platform Fulfilled,16.529411764705884,135957.7845,22.35,31.0,Low Risk
SELL01196,38,0.3157894736842105,3.0,Platform Fulfilled,15.0,91565.421,31.58,38.5,Medium Risk
SELL01197,32,0.15625,3.7,Seller Fulfilled,15.78125,3437.409,15.62,25.7,Low Risk
SELL01198,17,0.17647058823529413,3.0,Seller Fulfilled,11.176470588235293,1722.0389999999998,17.65,29.3,Low Risk
SELL01199,35,0.2,4.2,Platform Fulfilled,14.428571428571429,40085.277,20.0,23.4,Low Risk
SELL01200,102,0.20588235294117646,4.3,Seller Fulfilled,15.686274509803921,147105.82349999997,20.59,23.6,Low Risk
SELL01201,39,0.23076923076923078,4.1,Seller Fulfilled,15.64102564102564,8855.2995,23.08,26.4,Low Risk
SELL01202,40,0.35,4.1,Seller Fulfilled,20.25,169406.66249999998,35.0,35.0,Medium Risk
SELL01203,39,0.38461538461538464,3.3,Seller Fulfilled,11.41025641025641,32011.9185,38.46,37.6,Medium Risk
SELL01204,55,0.2,4.0,Seller Fulfilled,17.818181818181817,118514.1195,20.0,26.8,Low Risk
SELL01205,39,0.1794871794871795,4.3,Platform Fulfilled,16.153846153846153,36410.2425,17.95,22.6,Low Risk
SELL01206,49,0.24489795918367346,3.8,Seller Fulfilled,13.979591836734693,9727.413,24.49,28.4,Low Risk
SELL01207,64,0.328125,3.9,Seller Fulfilled,14.6875,92138.931,32.81,32.2,Low Risk
SELL01209,43,0.11627906976744186,4.3,Seller Fulfilled,11.046511627906977,31713.831,11.63,16.4,Low Risk
SELL01210,62,0.16129032258064516,4.4,Platform Fulfilled,16.048387096774192,61544.706,16.13,20.8,Low Risk
SELL01211,23,0.17391304347826086,4.2,Platform Fulfilled,19.347826086956523,11102.8005,17.39,24.9,Low Risk
SELL01212,19,0.15789473684210525,4.0,Platform Fulfilled,7.894736842105263,4172.8695,15.79,18.9,Low Risk
SELL01213,52,0.34615384615384615,3.1,Platform Fulfilled,16.53846153846154,49023.2175,34.62,40.2,Medium Risk
SELL01214,33,0.30303030303030304,4.3,Seller Fulfilled,15.606060606060606,7025.8305,30.3,28.4,Low Risk
SELL01215,95,0.21052631578947367,4.8,Seller Fulfilled,16.05263157894737,78010.266,21.05,20.4,Low Risk
SELL01216,41,0.36585365853658536,2.3,Platform Fulfilled,18.414634146341463,131033.9475,36.59,48.2,Medium Risk
SELL01217,16,0.0,3.9,Seller Fulfilled,10.3125,0.0,0.0,13.2,Low Risk
SELL01218,53,0.2641509433962264,4.0,Platform Fulfilled,15.566037735849056,11827.02,26.42,28.7,Low Risk
SELL01219,39,0.23076923076923078,3.5,Seller Fulfilled,18.205128205128204,33575.262,23.08,32.4,Low Risk
SELL01220,17,0.11764705882352941,4.6,Platform Fulfilled,15.294117647058824,120.60149999999999,11.76,16.8,Low Risk
SELL01221,32,0.21875,3.3,Platform Fulfilled,15.3125,33646.359000000004,21.88,31.6,Low Risk
SELL01222,24,0.20833333333333334,3.3,Seller Fulfilled,13.541666666666666,1087.3665,20.83,30.0,Low Risk
SELL01223,3,0.3333333333333333,4.6,Seller Fulfilled,18.333333333333332,20251.932,33.33,29.3,Low Risk
SELL01224,51,0.1568627450980392,3.9,Platform Fulfilled,15.196078431372548,11497.9095,15.69,23.9,Low Risk
SELL01225,52,0.36538461538461536,3.3,Platform Fulfilled,20.96153846153846,65254.438500000004,36.54,42.2,Medium Risk
SELL01226,81,0.20987654320987653,4.2,Seller Fulfilled,15.925925925925926,17322.6315,20.99,24.7,Low Risk
SELL01228,46,0.2826086956521739,3.5,Seller Fulfilled,16.304347826086957,12019.1955,28.26,33.9,Medium Risk
SELL01229,11,0.45454545454545453,3.1,Seller Fulfilled,15.454545454545455,2435.091,45.45,45.0,Medium Risk
SELL01230,9,0.2222222222222222,3.8,Platform Fulfilled,6.666666666666667,2632.5434999999998,22.22,22.9,Low Risk
SELL01231,22,0.5454545454545454,3.0,Seller Fulfilled,11.363636363636363,74597.094,54.55,47.8,Medium Risk
SELL01232,30,0.2,4.4,Seller Fulfilled,16.333333333333332,4425.7125,20.0,23.0,Low Risk
SELL01233,94,0.1595744680851064,4.0,Seller Fulfilled,14.840425531914894,17293.83,15.96,23.1,Low Risk
SELL01234,24,0.375,3.5,Platform Fulfilled,22.083333333333332,80815.272,37.5,41.8,Medium Risk
SELL01235,60,0.21666666666666667,3.1,Platform Fulfilled,10.666666666666666,31450.093499999995,21.67,30.3,Low Risk
SELL01236,49,0.10204081632653061,3.7,Seller Fulfilled,13.26530612244898,68812.62899999999,10.2,21.5,Low Risk
SELL01237,6,0.6666666666666666,3.2,Platform Fulfilled,6.666666666666667,41338.155,66.67,49.6,Medium Risk
SELL01238,55,0.34545454545454546,3.6,Seller Fulfilled,17.363636363636363,234296.4765,34.55,36.8,Medium Risk
SELL01239,65,0.4153846153846154,3.2,Platform Fulfilled,15.307692307692308,186730.566,41.54,42.1,Medium Risk
SELL01240,27,0.14814814814814814,4.6,Seller Fulfilled,15.925925925925926,17219.826,14.81,18.6,Low Risk
SELL01241,27,0.2962962962962963,4.4,Platform Fulfilled,13.148148148148149,7179.931500000001,29.63,25.9,Low Risk
SELL01242,25,0.52,2.6,Seller Fulfilled,14.6,69468.76499999998,52.0,51.5,Medium Risk
SELL01243,27,0.14814814814814814,4.1,Platform Fulfilled,19.814814814814813,2919.669,14.81,24.7,Low Risk
SELL01244,26,0.46153846153846156,4.4,Seller Fulfilled,14.23076923076923,101703.0735,46.15,34.8,Medium Risk
SELL01245,42,0.4523809523809524,3.9,Seller Fulfilled,16.30952380952381,93830.532,45.24,39.3,Medium Risk
SELL01246,50,0.18,3.8,Platform Fulfilled,18.4,24662.022,18.0,27.7,Low Risk
SELL01247,36,0.16666666666666666,4.2,Seller Fulfilled,18.88888888888889,71875.5585,16.67,24.3,Low Risk
SELL01248,38,0.3684210526315789,4.2,Seller Fulfilled,14.605263157894736,113415.99449999999,36.84,31.9,Low Risk
SELL01249,26,0.3076923076923077,4.2,Platform Fulfilled,16.53846153846154,6211.4865,30.77,30.0,Low Risk
SELL01250,70,0.14285714285714285,4.8,Seller Fulfilled,18.428571428571427,92999.34300000001,14.29,18.4,Low Risk
SELL01251,14,0.35714285714285715,3.8,Seller Fulfilled,16.428571428571427,1123.9979999999998,35.71,35.4,Medium Risk
SELL01252,35,0.08571428571428572,3.8,Platform Fulfilled,15.714285714285714,1797.3615,8.57,21.4,Low Risk
SELL01253,29,0.5517241379310345,2.4,Seller Fulfilled,15.517241379310345,140901.34649999999,55.17,55.1,Medium Risk
SELL01254,35,0.14285714285714285,3.9,Seller Fulfilled,12.428571428571429,53988.535500000005,14.29,21.6,Low Risk
SELL01255,27,0.14814814814814814,4.4,Platform Fulfilled,19.444444444444443,36188.526,14.81,22.2,Low Risk
SELL01256,53,0.32075471698113206,4.4,Seller Fulfilled,19.056603773584907,8107.220999999999,32.08,30.6,Low Risk
SELL01257,40,0.175,4.6,Seller Fulfilled,20.125,22647.3255,17.5,22.5,Low Risk
SELL01258,40,0.375,4.0,Seller Fulfilled,16.875,95639.81249999999,37.5,35.0,Medium Risk
SELL01259,12,0.16666666666666666,3.1,Seller Fulfilled,16.666666666666668,19501.220999999998,16.67,31.3,Low Risk
SELL01260,44,0.25,4.9,Platform Fulfilled,14.318181818181818,3780.0464999999995,25.0,20.6,Low Risk
SELL01261,18,0.05555555555555555,4.7,Platform Fulfilled,18.88888888888889,3086.409,5.56,15.0,Low Risk
SELL01262,47,0.1702127659574468,4.1,Seller Fulfilled,12.76595744680851,26939.2425,17.02,21.6,Low Risk
SELL01263,52,0.38461538461538464,3.7,Seller Fulfilled,17.884615384615383,140906.0085,38.46,38.4,Medium Risk
SELL01264,34,0.23529411764705882,3.8,Seller Fulfilled,17.205882352941178,5193.808499999999,23.53,29.7,Low Risk
SELL01265,38,0.39473684210526316,2.7,Platform Fulfilled,13.552631578947368,15867.530999999999,39.47,43.8,Medium Risk
SELL01266,43,0.3953488372093023,2.9,Seller Fulfilled,17.441860465116278,16254.403499999999,39.53,44.6,Medium Risk
SELL01267,44,0.22727272727272727,4.7,Platform Fulfilled,17.613636363636363,96359.97899999999,22.73,22.8,Low Risk
SELL01268,47,0.2553191489361702,3.8,Seller Fulfilled,14.148936170212766,57857.9595,25.53,29.0,Low Risk
SELL01269,64,0.484375,3.3,Platform Fulfilled,17.34375,88118.60699999999,48.44,46.0,Medium Risk
SELL01270,24,0.20833333333333334,4.4,Seller Fulfilled,13.541666666666666,7109.898,20.83,21.7,Low Risk
SELL01271,38,0.13157894736842105,3.9,Seller Fulfilled,15.263157894736842,28234.161,13.16,22.7,Low Risk
SELL01272,50,0.16,4.2,Platform Fulfilled,15.6,48562.017,16.0,22.0,Low Risk
SELL01273,53,0.2830188679245283,2.4,Platform Fulfilled,13.679245283018869,40565.312999999995,28.3,40.6,Medium Risk
SELL01274,25,0.4,3.2,Platform Fulfilled,17.0,37015.2915,40.0,42.4,Medium Risk
SELL01275,64,0.375,3.9,Seller Fulfilled,11.015625,368961.3585,37.5,32.4,Low Risk
SELL01276,28,0.25,3.8,Seller Fulfilled,25.178571428571427,32851.323000000004,25.0,35.2,Medium Risk
SELL01277,38,0.3157894736842105,2.5,Platform Fulfilled,16.31578947368421,78742.6995,31.58,43.0,Medium Risk
SELL01279,37,0.32432432432432434,3.7,Seller Fulfilled,15.0,6392.1585,32.43,33.6,Medium Risk
SELL01280,62,0.14516129032258066,4.3,Platform Fulfilled,14.758064516129032,18196.025999999998,14.52,20.1,Low Risk
SELL01281,52,0.3269230769230769,3.5,Platform Fulfilled,15.865384615384615,12364.886999999999,32.69,35.8,Medium Risk
SELL01282,65,0.15384615384615385,3.2,Seller Fulfilled,18.23076923076923,6650.804999999999,15.38,30.8,Low Risk
SELL01283,54,0.16666666666666666,4.2,Seller Fulfilled,13.055555555555555,14737.176,16.67,20.9,Low Risk
SELL01284,96,0.4270833333333333,1.0,Platform Fulfilled,15.9375,247449.02399999998,42.71,59.6,Medium Risk
SELL01285,22,0.18181818181818182,3.1,Platform Fulfilled,13.863636363636363,4592.870999999999,18.18,30.4,Low Risk
SELL01286,78,0.1794871794871795,4.3,Seller Fulfilled,11.538461538461538,7416.549,17.95,19.9,Low Risk
SELL01287,39,0.2564102564102564,3.6,Seller Fulfilled,20.384615384615383,8937.4575,25.64,34.1,Medium Risk
SELL01288,58,0.2413793103448276,4.1,Seller Fulfilled,16.551724137931036,123820.87649999998,24.14,27.4,Low Risk
SELL01289,19,0.15789473684210525,5.0,Seller Fulfilled,18.157894736842106,8044.609499999999,15.79,17.4,Low Risk
SELL01290,23,0.17391304347826086,3.2,Seller Fulfilled,21.08695652173913,7649.897999999999,17.39,33.5,Medium Risk
SELL01291,46,0.2391304347826087,4.0,Seller Fulfilled,14.021739130434783,10372.608,23.91,26.6,Low Risk
SELL01292,43,0.13953488372093023,4.1,Seller Fulfilled,12.790697674418604,34516.785,13.95,20.2,Low Risk
SELL01293,67,0.14925373134328357,4.8,Seller Fulfilled,12.388059701492537,52359.591,14.93,15.1,Low Risk
SELL01294,13,0.0,4.0,Seller Fulfilled,12.692307692307692,0.0,0.0,13.8,Low Risk
SELL01295,39,0.358974358974359,3.1,Seller Fulfilled,13.974358974358974,84738.74250000001,35.9,39.3,Medium Risk
SELL01296,49,0.5510204081632653,2.4,Seller Fulfilled,18.775510204081634,162925.1955,55.1,57.0,Medium Risk
SELL01297,40,0.225,4.4,Seller Fulfilled,13.25,6225.636,22.5,22.4,Low Risk
SELL01298,49,0.24489795918367346,3.8,Seller Fulfilled,19.693877551020407,43863.708,24.49,31.7,Low Risk
SELL01299,49,0.2653061224489796,4.3,Seller Fulfilled,18.571428571428573,2670.1169999999997,26.53,28.3,Low Risk
SELL01300,34,0.4117647058823529,3.0,Seller Fulfilled,12.941176470588236,41308.837499999994,41.18,42.1,Medium Risk
SELL01301,44,0.13636363636363635,4.9,Platform Fulfilled,16.59090909090909,19595.121000000003,13.64,16.2,Low Risk
SELL01302,34,0.20588235294117646,3.9,Seller Fulfilled,16.029411764705884,1936.1895,20.59,26.8,Low Risk
SELL01303,26,0.15384615384615385,4.7,Seller Fulfilled,12.884615384615385,1834.02,15.38,16.4,Low Risk
SELL01304,58,0.29310344827586204,3.3,Seller Fulfilled,20.603448275862068,10590.074999999999,29.31,38.4,Medium Risk
SELL01305,27,0.37037037037037035,3.7,Seller Fulfilled,19.444444444444443,64181.731499999994,37.04,38.6,Medium Risk
SELL01306,51,0.23529411764705882,4.5,Platform Fulfilled,16.470588235294116,20994.807,23.53,24.1,Low Risk
SELL01307,70,0.42857142857142855,2.8,Platform Fulfilled,15.928571428571429,163402.02,42.86,46.2,Medium Risk
SELL01308,24,0.625,3.1,Platform Fulfilled,19.791666666666668,150172.7625,62.5,56.0,Medium Risk
SELL01309,27,0.1111111111111111,4.0,Seller Fulfilled,15.0,41333.0355,11.11,20.8,Low Risk
SELL01310,21,0.14285714285714285,4.4,Platform Fulfilled,17.857142857142858,19646.0805,14.29,21.0,Low Risk
SELL01311,68,0.27941176470588236,3.6,Seller Fulfilled,13.455882352941176,201925.97999999998,27.94,31.2,Low Risk
SELL01312,38,0.7368421052631579,2.2,Platform Fulfilled,25.92105263157895,15009.270000000002,73.68,72.0,High Risk
SELL01313,33,0.15151515151515152,5.0,Platform Fulfilled,22.87878787878788,33689.094,15.15,19.9,Low Risk
SELL01314,54,0.07407407407407407,4.7,Seller Fulfilled,13.796296296296296,3330.3345,7.41,12.9,Low Risk
SELL01315,61,0.16393442622950818,3.6,Platform Fulfilled,14.918032786885245,88030.053,16.39,26.3,Low Risk
SELL01316,50,0.12,4.7,Platform Fulfilled,15.5,7461.327,12.0,16.2,Low Risk
SELL01317,85,0.12941176470588237,4.5,Platform Fulfilled,18.058823529411764,98228.0025,12.94,19.7,Low Risk
SELL01318,93,0.26881720430107525,3.0,Seller Fulfilled,14.623655913978494,60967.371,26.88,35.9,Medium Risk
SELL01319,42,0.6904761904761905,3.2,Seller Fulfilled,20.0,340949.84400000004,69.05,58.6,Medium Risk
SELL01320,85,0.4,2.8,Seller Fulfilled,16.941176470588236,25439.731499999998,40.0,45.3,Medium Risk
SELL01321,15,0.7333333333333333,2.2,Seller Fulfilled,12.333333333333334,31963.085999999996,73.33,63.8,Medium Risk
SELL01322,47,0.14893617021276595,4.6,Platform Fulfilled,16.914893617021278,51542.672999999995,14.89,19.3,Low Risk
SELL01323,64,0.421875,2.5,Seller Fulfilled,16.71875,16579.1115,42.19,48.6,Medium Risk
SELL01324,37,0.05405405405405406,4.3,Seller Fulfilled,16.89189189189189,237.504,5.41,16.8,Low Risk
SELL01325,32,0.625,2.8,Seller Fulfilled,19.375,106343.09249999998,62.5,58.0,Medium Risk
SELL01326,12,0.3333333333333333,3.0,Seller Fulfilled,18.75,1676.988,33.33,41.6,Medium Risk
SELL01327,17,0.29411764705882354,3.4,Platform Fulfilled,9.117647058823529,2342.6445000000003,29.41,30.9,Low Risk
SELL01328,26,0.2692307692307692,4.2,Seller Fulfilled,16.153846153846153,4459.4445,26.92,27.8,Low Risk
SELL01329,56,0.2857142857142857,3.7,Seller Fulfilled,17.678571428571427,77261.667,28.57,33.3,Medium Risk
SELL01330,30,0.36666666666666664,2.9,Seller Fulfilled,12.333333333333334,82793.08499999999,36.67,40.2,Medium Risk
SELL01331,39,0.15384615384615385,4.6,Seller Fulfilled,15.512820512820513,4541.1765000000005,15.38,18.7,Low Risk
SELL01332,35,0.11428571428571428,4.9,Platform Fulfilled,12.0,4326.276,11.43,12.4,Low Risk
SELL01333,37,0.32432432432432434,3.5,Platform Fulfilled,15.54054054054054,39132.3705,32.43,35.4,Medium Risk
SELL01334,28,0.6071428571428571,2.7,Platform Fulfilled,20.535714285714285,79901.6535,60.71,58.5,Medium Risk
SELL01335,13,0.0,4.7,Seller Fulfilled,14.615384615384615,0.0,0.0,9.7,Low Risk
SELL01336,32,0.28125,3.0,Platform Fulfilled,16.40625,75198.9135,28.12,37.6,Medium Risk
SELL01337,42,0.09523809523809523,3.8,Seller Fulfilled,16.071428571428573,209.832,9.52,22.1,Low Risk
SELL01338,33,0.06060606060606061,4.6,Platform Fulfilled,16.666666666666668,904.629,6.06,14.7,Low Risk
SELL01339,89,0.47191011235955055,3.1,Platform Fulfilled,13.820224719101123,340877.41649999993,47.19,44.8,Medium Risk
SELL01340,26,0.38461538461538464,3.9,Seller Fulfilled,13.653846153846153,2023.6049999999998,38.46,34.4,Medium Risk
SELL01341,51,0.17647058823529413,4.7,Seller Fulfilled,16.07843137254902,64040.9415,17.65,19.4,Low Risk
SELL01342,43,0.23255813953488372,4.2,Seller Fulfilled,14.767441860465116,18060.252,23.26,25.2,Low Risk
SELL01343,107,0.17757009345794392,4.8,Platform Fulfilled,16.074766355140188,83854.6875,17.76,18.7,Low Risk
SELL01344,21,0.38095238095238093,4.3,Seller Fulfilled,16.19047619047619,116945.23499999999,38.1,32.7,Low Risk
SELL01345,31,0.12903225806451613,4.2,Seller Fulfilled,18.225806451612904,3179.76,12.9,22.0,Low Risk
SELL01346,77,0.2987012987012987,1.9,Platform Fulfilled,15.324675324675324,39389.428499999995,29.87,46.1,Medium Risk
SELL01347,87,0.21839080459770116,4.2,Platform Fulfilled,13.448275862068966,81810.891,21.84,23.7,Low Risk
SELL01348,47,0.574468085106383,2.6,Seller Fulfilled,15.53191489361702,12429.581999999999,57.45,54.7,Medium Risk
SELL01349,28,0.25,3.5,Seller Fulfilled,13.392857142857142,7121.7825,25.0,30.5,Low Risk
SELL01350,66,0.22727272727272727,4.2,Platform Fulfilled,16.136363636363637,59824.65149999999,22.73,25.7,Low Risk
SELL01351,18,0.3888888888888889,4.5,Platform Fulfilled,15.0,29189.7885,38.89,30.9,Low Risk
SELL01352,64,0.125,4.1,Seller Fulfilled,16.40625,14766.8085,12.5,21.5,Low Risk
SELL01353,73,0.2328767123287671,4.2,Seller Fulfilled,17.123287671232877,8768.937,23.29,26.6,Low Risk
SELL01354,47,0.2553191489361702,3.8,Platform Fulfilled,15.638297872340425,95698.69049999998,25.53,29.8,Low Risk
SELL01355,48,0.375,3.3,Seller Fulfilled,23.541666666666668,60999.525,37.5,44.2,Medium Risk
SELL01356,33,0.18181818181818182,4.3,Seller Fulfilled,13.787878787878787,4885.460999999999,18.18,21.3,Low Risk
SELL01357,39,0.15384615384615385,3.9,Platform Fulfilled,14.743589743589743,3409.9094999999998,15.38,23.5,Low Risk
SELL01358,31,0.22580645161290322,4.2,Platform Fulfilled,14.35483870967742,18479.1405,22.58,24.6,Low Risk
SELL01359,12,0.16666666666666666,5.0,Seller Fulfilled,11.25,10539.0855,16.67,13.8,Low Risk
SELL01360,72,0.3055555555555556,2.0,Platform Fulfilled,14.027777777777779,276028.7565,30.56,44.9,Medium Risk
SELL01361,51,0.2549019607843137,4.3,Seller Fulfilled,13.529411764705882,33257.66099999999,25.49,24.8,Low Risk
SELL01362,19,0.21052631578947367,3.3,Platform Fulfilled,16.31578947368421,19625.226,21.05,31.8,Low Risk
SELL01363,34,0.11764705882352941,4.1,Seller Fulfilled,14.117647058823529,13476.197999999999,11.76,19.8,Low Risk
SELL01364,52,0.25,4.0,Platform Fulfilled,20.96153846153846,17923.221,25.0,31.2,Low Risk
SELL01365,6,0.3333333333333333,3.6,Seller Fulfilled,19.166666666666668,34171.812000000005,33.33,37.3,Medium Risk
SELL01366,55,0.05454545454545454,4.9,Seller Fulfilled,14.090909090909092,48866.132999999994,5.45,10.7,Low Risk
SELL01367,17,0.29411764705882354,4.1,Platform Fulfilled,12.647058823529411,13038.053999999998,29.41,27.8,Low Risk
SELL01368,51,0.2549019607843137,4.2,Platform Fulfilled,13.823529411764707,6904.164,25.49,25.8,Low Risk
SELL01369,38,0.15789473684210525,4.9,Seller Fulfilled,14.342105263157896,6970.2405,15.79,16.0,Low Risk
SELL01370,39,0.15384615384615385,2.0,Platform Fulfilled,23.974358974358974,5606.3295,15.38,43.2,Medium Risk
SELL01371,19,0.3157894736842105,4.2,Seller Fulfilled,14.210526315789474,4905.771,31.58,29.0,Low Risk
SELL01372,60,0.1,4.8,Seller Fulfilled,12.25,16278.411,10.0,12.6,Low Risk
SELL01373,24,0.25,3.6,Platform Fulfilled,19.583333333333332,85356.86249999999,25.0,33.4,Medium Risk
SELL01374,47,0.2553191489361702,3.2,Seller Fulfilled,13.085106382978724,48595.39949999999,25.53,32.8,Low Risk
SELL01375,53,0.41509433962264153,3.0,Seller Fulfilled,18.58490566037736,14104.284000000001,41.51,45.6,Medium Risk
SELL01376,38,0.5,2.3,Platform Fulfilled,15.394736842105264,105581.6715,50.0,53.2,Medium Risk
SELL01377,50,0.12,4.6,Platform Fulfilled,17.0,969.6659999999999,12.0,17.9,Low Risk
SELL01378,49,0.3877551020408163,2.8,Seller Fulfilled,14.795918367346939,81173.74049999999,38.78,43.5,Medium Risk
SELL01379,47,0.2553191489361702,3.7,Seller Fulfilled,14.148936170212766,27759.364499999996,25.53,29.7,Low Risk
SELL01380,70,0.22857142857142856,3.8,Seller Fulfilled,15.571428571428571,101063.00549999998,22.86,28.5,Low Risk
SELL01381,69,0.18840579710144928,4.8,Seller Fulfilled,17.17391304347826,156801.3765,18.84,19.9,Low Risk
SELL01382,35,0.08571428571428572,3.8,Seller Fulfilled,16.857142857142858,1456.4115,8.57,22.1,Low Risk
SELL01383,48,0.16666666666666666,3.8,Seller Fulfilled,15.208333333333334,3080.9745000000003,16.67,25.2,Low Risk
SELL01384,54,0.12962962962962962,5.0,Platform Fulfilled,20.64814814814815,16850.8185,12.96,17.5,Low Risk
SELL01385,63,0.38095238095238093,2.2,Seller Fulfilled,15.0,159602.211,38.1,47.8,Medium Risk
SELL01386,33,0.2727272727272727,4.4,Seller Fulfilled,14.696969696969697,32516.154,27.27,25.7,Low Risk
SELL01387,54,0.2222222222222222,3.5,Platform Fulfilled,17.40740740740741,120754.5825,22.22,31.4,Low Risk
SELL01388,41,0.5365853658536586,2.5,Seller Fulfilled,15.975609756097562,181030.3755,53.66,53.9,Medium Risk
SELL01389,41,0.21951219512195122,4.0,Platform Fulfilled,17.073170731707318,11835.786,21.95,27.4,Low Risk
SELL01390,18,0.3888888888888889,4.2,Seller Fulfilled,9.166666666666666,69912.34199999999,38.89,29.7,Low Risk
SELL01391,71,0.11267605633802817,4.3,Seller Fulfilled,15.985915492957746,8695.047,11.27,19.2,Low Risk
SELL01392,62,0.1935483870967742,4.3,Platform Fulfilled,14.919354838709678,47128.128,19.35,22.6,Low Risk
SELL01393,115,0.3565217391304348,4.5,Seller Fulfilled,15.173913043478262,242581.75049999994,35.65,29.4,Low Risk
SELL01394,56,0.10714285714285714,4.7,Seller Fulfilled,13.660714285714286,29818.5435,10.71,14.5,Low Risk
SELL01395,25,0.48,3.0,Platform Fulfilled,18.4,7048.8945,48.0,48.7,Medium Risk
SELL01396,61,0.5737704918032787,3.3,Seller Fulfilled,19.918032786885245,150954.57749999998,57.38,52.0,Medium Risk
SELL01397,66,0.2878787878787879,4.3,Platform Fulfilled,16.439393939393938,50243.327999999994,28.79,28.2,Low Risk
SELL01398,53,0.20754716981132076,3.7,Platform Fulfilled,8.679245283018869,69337.8945,20.75,24.1,Low Risk
SELL01399,12,0.08333333333333333,4.6,Platform Fulfilled,20.416666666666668,245.05949999999999,8.33,18.0,Low Risk
SELL01400,30,0.5333333333333333,3.4,Seller Fulfilled,11.5,12306.213,53.33,44.3,Medium Risk
SELL01401,46,0.21739130434782608,4.7,Seller Fulfilled,16.956521739130434,139464.06,21.74,21.9,Low Risk
SELL01402,20,0.2,4.0,Platform Fulfilled,16.75,16118.736,20.0,26.2,Low Risk
SELL01403,95,0.1368421052631579,5.0,Platform Fulfilled,15.526315789473685,56004.142499999994,13.68,14.8,Low Risk
SELL01404,26,0.38461538461538464,3.6,Seller Fulfilled,21.53846153846154,43305.625499999995,38.46,41.3,Medium Risk
SELL01405,20,0.3,3.6,Seller Fulfilled,20.75,37079.481,30.0,36.6,Medium Risk
SELL01406,79,0.46835443037974683,3.2,Seller Fulfilled,19.11392405063291,176386.74900000004,46.84,47.0,Medium Risk
SELL01407,35,0.2857142857142857,3.4,Seller Fulfilled,15.857142857142858,61390.629,28.57,34.5,Medium Risk
SELL01408,18,0.16666666666666666,3.1,Platform Fulfilled,12.5,6654.4185,16.67,28.8,Low Risk
SELL01409,39,0.46153846153846156,3.4,Seller Fulfilled,15.64102564102564,4748.567999999999,46.15,43.2,Medium Risk
SELL01410,13,0.07692307692307693,3.4,Seller Fulfilled,15.384615384615385,60.447,7.69,23.8,Low Risk
SELL01411,66,0.24242424242424243,3.9,Seller Fulfilled,14.090909090909092,13330.524000000001,24.24,27.5,Low Risk
SELL01412,19,0.3157894736842105,4.1,Seller Fulfilled,22.63157894736842,3002.7869999999994,31.58,34.7,Medium Risk
SELL01413,8,0.0,4.0,Platform Fulfilled,5.625,0.0,0.0,9.7,Low Risk
SELL01414,42,0.30952380952380953,3.1,Seller Fulfilled,15.595238095238095,19176.639000000003,30.95,37.8,Medium Risk
SELL01415,58,0.2413793103448276,4.2,Seller Fulfilled,16.20689655172414,72455.9535,24.14,26.4,Low Risk
SELL01416,37,0.10810810810810811,4.2,Platform Fulfilled,13.378378378378379,2368.344,10.81,18.1,Low Risk
SELL01417,31,0.41935483870967744,2.6,Platform Fulfilled,15.64516129032258,6323.972999999999,41.94,47.0,Medium Risk
SELL01418,22,0.09090909090909091,4.8,Platform Fulfilled,15.909090909090908,2298.594,9.09,14.3,Low Risk
SELL01419,41,0.24390243902439024,4.1,Platform Fulfilled,17.682926829268293,60857.764500000005,24.39,28.2,Low Risk
SELL01420,24,0.3333333333333333,4.3,Seller Fulfilled,15.416666666666666,47209.242,33.33,29.8,Low Risk
SELL01421,37,0.16216216216216217,3.6,Seller Fulfilled,10.945945945945946,41552.337,16.22,23.9,Low Risk
SELL01422,34,0.5588235294117647,2.7,Seller Fulfilled,13.823529411764707,132865.782,55.88,52.2,Medium Risk
SELL01423,41,0.0975609756097561,4.1,Platform Fulfilled,17.926829268292682,1644.6960000000001,9.76,21.0,Low Risk
SELL01424,27,0.037037037037037035,4.5,Platform Fulfilled,15.185185185185185,80.1885,3.7,13.4,Low Risk
SELL01425,25,0.12,4.7,Platform Fulfilled,15.0,7010.424,12.0,16.0,Low Risk
SELL01426,23,0.43478260869565216,3.4,Platform Fulfilled,22.391304347826086,34148.30700000001,43.48,45.8,Medium Risk
SELL01427,61,0.5409836065573771,3.4,Seller Fulfilled,14.754098360655737,18803.579999999998,54.1,46.6,Medium Risk
SELL01428,37,0.5135135135135135,2.8,Platform Fulfilled,13.243243243243244,8303.82,51.35,48.9,Medium Risk
SELL01430,7,0.0,4.2,Seller Fulfilled,15.0,0.0,0.0,13.7,Low Risk
SELL01431,50,0.12,4.2,Seller Fulfilled,14.5,514.6485,12.0,19.4,Low Risk
SELL01432,46,0.32608695652173914,3.2,Seller Fulfilled,20.0,131617.506,32.61,40.4,Medium Risk
SELL01433,38,0.13157894736842105,5.0,Seller Fulfilled,13.947368421052632,2494.941,13.16,13.7,Low Risk
SELL01434,28,0.07142857142857142,4.9,Seller Fulfilled,13.392857142857142,6731.808,7.14,11.1,Low Risk
SELL01435,55,0.2727272727272727,3.8,Seller Fulfilled,13.909090909090908,80742.29699999999,27.27,29.7,Low Risk
SELL01436,8,0.0,4.3,Platform Fulfilled,19.375,0.0,0.0,15.5,Low Risk
SELL01437,32,0.25,3.3,Platform Fulfilled,16.5625,2714.8845,25.0,33.8,Medium Risk
SELL01438,30,0.1,3.4,Seller Fulfilled,16.833333333333332,74464.8135,10.0,25.8,Low Risk
SELL01439,29,0.2413793103448276,3.7,Seller Fulfilled,18.79310344827586,5395.4205,24.14,31.7,Low Risk
SELL01440,56,0.6071428571428571,2.8,Platform Fulfilled,17.142857142857142,169290.51150000002,60.71,55.8,Medium Risk
SELL01441,31,0.1935483870967742,4.5,Seller Fulfilled,16.29032258064516,26557.878,19.35,21.9,Low Risk
SELL01442,28,0.32142857142857145,3.6,Platform Fulfilled,24.642857142857142,5561.16,32.14,39.9,Medium Risk
SELL01443,61,0.18032786885245902,3.9,Seller Fulfilled,15.081967213114755,44701.848,18.03,25.0,Low Risk
SELL01444,20,0.35,4.4,Seller Fulfilled,22.0,4992.187499999999,35.0,33.8,Medium Risk
SELL01445,54,0.12962962962962962,4.4,Seller Fulfilled,15.925925925925926,17309.1045,12.96,19.2,Low Risk
SELL01446,17,0.058823529411764705,4.7,Seller Fulfilled,14.117647058823529,14965.149,5.88,12.4,Low Risk
SELL01447,85,0.15294117647058825,4.9,Seller Fulfilled,17.0,25352.7,15.29,17.3,Low Risk
SELL01448,60,0.18333333333333332,3.6,Seller Fulfilled,14.75,65187.0495,18.33,27.2,Low Risk
SELL01449,22,0.045454545454545456,3.9,Seller Fulfilled,14.772727272727273,255.58049999999997,4.55,18.1,Low Risk
SELL01450,19,0.42105263157894735,4.5,Seller Fulfilled,6.842105263157895,115119.78749999999,42.11,27.7,Low Risk
SELL01451,18,0.3888888888888889,3.7,Platform Fulfilled,13.055555555555555,122763.9585,38.89,35.8,Medium Risk
SELL01452,30,0.5,2.8,Platform Fulfilled,14.166666666666666,19118.843999999997,50.0,48.7,Medium Risk
SELL01453,79,0.31645569620253167,2.6,Seller Fulfilled,16.582278481012658,128666.604,31.65,42.4,Medium Risk
SELL01454,32,0.34375,3.3,Seller Fulfilled,23.125,46127.922,34.38,42.4,Medium Risk
SELL01455,83,0.24096385542168675,3.5,Seller Fulfilled,12.710843373493976,35709.969,24.1,29.7,Low Risk
SELL01456,40,0.075,3.9,Seller Fulfilled,15.75,14889.1725,7.5,20.1,Low Risk
SELL01458,83,0.5180722891566265,2.6,Seller Fulfilled,15.180722891566266,417378.27450000006,51.81,51.7,Medium Risk
SELL01459,40,0.175,3.5,Platform Fulfilled,15.875,67427.11349999999,17.5,28.2,Low Risk
SELL01460,54,0.16666666666666666,4.3,Seller Fulfilled,16.75925925925926,5264.438999999999,16.67,22.3,Low Risk
SELL01461,24,0.16666666666666666,3.9,Platform Fulfilled,18.75,6400.030499999999,16.67,26.5,Low Risk
SELL01462,85,0.23529411764705882,3.6,Seller Fulfilled,15.0,12808.516499999998,23.53,30.0,Low Risk
SELL01463,28,0.32142857142857145,4.2,Seller Fulfilled,11.785714285714286,4554.768,32.14,27.8,Low Risk
SELL01464,19,0.10526315789473684,3.2,Seller Fulfilled,19.736842105263158,82.14,10.53,29.2,Low Risk
SELL01465,50,0.32,3.1,Seller Fulfilled,19.9,14210.7405,32.0,40.8,Medium Risk
SELL01466,26,0.3076923076923077,3.8,Seller Fulfilled,17.692307692307693,87254.7495,30.77,33.7,Medium Risk
SELL01467,43,0.09302325581395349,5.0,Seller Fulfilled,18.953488372093023,2520.846,9.3,14.6,Low Risk
SELL01468,8,0.0,5.0,Seller Fulfilled,1.875,0.0,0.0,0.0,Low Risk
SELL01469,49,0.12244897959183673,5.0,Platform Fulfilled,11.938775510204081,54305.3085,12.24,12.0,Low Risk
SELL01470,35,0.4,4.0,Seller Fulfilled,16.0,141355.2075,40.0,35.8,Medium Risk
SELL01471,19,0.3157894736842105,3.4,Seller Fulfilled,16.05263157894737,3526.8675,31.58,36.1,Medium Risk
SELL01472,10,0.4,3.8,Platform Fulfilled,16.0,4397.258999999999,40.0,37.3,Medium Risk
SELL01473,23,0.21739130434782608,3.9,Seller Fulfilled,18.91304347826087,18655.175999999996,21.74,29.1,Low Risk
SELL01474,15,0.3333333333333333,3.1,Platform Fulfilled,13.333333333333334,1987.1085,33.33,37.6,Medium Risk
SELL01475,27,0.07407407407407407,4.0,Seller Fulfilled,15.925925925925926,893.271,7.41,19.4,Low Risk
SELL01476,27,0.25925925925925924,3.1,Seller Fulfilled,12.037037037037036,66888.591,25.93,33.2,Medium Risk
SELL01477,10,0.5,2.6,Seller Fulfilled,18.5,3098.1735,50.0,52.7,Medium Risk
SELL01478,78,0.1282051282051282,4.8,Platform Fulfilled,13.397435897435898,77132.8485,12.82,14.7,Low Risk
SELL01479,31,0.2903225806451613,4.0,Platform Fulfilled,17.903225806451612,13443.7665,29.03,31.4,Low Risk
SELL01480,45,0.37777777777777777,3.4,Seller Fulfilled,19.22222222222222,27735.302999999996,37.78,41.1,Medium Risk
SELL01481,28,0.21428571428571427,4.0,Platform Fulfilled,17.857142857142858,36415.7175,21.43,27.6,Low Risk
SELL01482,24,0.75,3.4,Seller Fulfilled,22.083333333333332,7800.047999999999,75.0,61.3,Medium Risk
SELL01483,26,0.34615384615384615,4.1,Platform Fulfilled,21.346153846153847,64977.432,34.62,35.5,Medium Risk
SELL01484,29,0.20689655172413793,4.7,Seller Fulfilled,16.551724137931036,18012.8145,20.69,21.2,Low Risk
SELL01485,92,0.15217391304347827,3.4,Platform Fulfilled,12.66304347826087,6110.4225,15.22,25.9,Low Risk
SELL01486,41,0.3170731707317073,3.2,Platform Fulfilled,18.170731707317074,8213.510999999999,31.71,38.9,Medium Risk
SELL01487,70,0.24285714285714285,4.2,Seller Fulfilled,12.5,13421.9085,24.29,24.4,Low Risk
SELL01488,29,0.10344827586206896,4.4,Platform Fulfilled,7.758620689655173,3707.916,10.34,13.1,Low Risk
SELL01489,40,0.325,4.0,Seller Fulfilled,15.625,54352.2015,32.5,31.8,Low Risk
SELL01490,44,0.22727272727272727,4.4,Seller Fulfilled,16.704545454545453,27466.281000000003,22.73,24.6,Low Risk
SELL01491,61,0.3770491803278688,3.4,Seller Fulfilled,14.344262295081966,245938.596,37.7,38.2,Medium Risk
SELL01492,34,0.5,2.5,Seller Fulfilled,13.823529411764707,60407.455500000004,50.0,50.8,Medium Risk
SELL01493,26,0.0,4.5,Seller Fulfilled,21.923076923076923,0.0,0.0,15.5,Low Risk
SELL01494,31,0.22580645161290322,4.3,Seller Fulfilled,9.67741935483871,2776.653,22.58,21.1,Low Risk
SELL01495,46,0.10869565217391304,5.0,Seller Fulfilled,15.652173913043478,42457.748999999996,10.87,13.5,Low Risk
SELL01496,41,0.2682926829268293,3.5,Seller Fulfilled,16.463414634146343,69114.25499999999,26.83,33.2,Medium Risk
SELL01497,28,0.2857142857142857,4.7,Platform Fulfilled,22.857142857142858,3848.055,28.57,28.8,Low Risk
SELL01498,68,0.16176470588235295,4.7,Platform Fulfilled,15.735294117647058,9443.9265,16.18,18.5,Low Risk
SELL01499,35,0.08571428571428572,4.0,Seller Fulfilled,13.428571428571429,498.23699999999997,8.57,18.6,Low Risk
SELL01500,24,0.5833333333333334,2.4,Platform Fulfilled,13.125,174638.8245,58.33,55.2,Medium Risk
SELL01501,21,0.23809523809523808,4.9,Platform Fulfilled,15.238095238095237,30382.2015,23.81,20.5,Low Risk
SELL01502,13,0.0,3.7,Platform Fulfilled,14.23076923076923,0.0,0.0,17.0,Low Risk
SELL01503,17,0.11764705882352941,3.8,Seller Fulfilled,15.0,13055.898000000001,11.76,22.6,Low Risk
SELL01504,83,0.1927710843373494,4.5,Platform Fulfilled,12.831325301204819,24857.720999999998,19.28,19.8,Low Risk
SELL01505,15,0.06666666666666667,4.5,Seller Fulfilled,22.333333333333332,597.21,6.67,19.1,Low Risk
SELL01506,84,0.17857142857142858,5.0,Seller Fulfilled,14.821428571428571,73463.7435,17.86,16.5,Low Risk
SELL01507,18,0.3333333333333333,3.4,Platform Fulfilled,14.166666666666666,18095.8695,33.33,35.8,Medium Risk
SELL01508,16,0.0625,4.6,Platform Fulfilled,15.9375,49.4865,6.25,14.3,Low Risk
SELL01509,59,0.1864406779661017,5.0,Platform Fulfilled,12.966101694915254,22827.121499999997,18.64,15.8,Low Risk
SELL01510,64,0.421875,2.8,Platform Fulfilled,17.96875,219111.135,42.19,47.0,Medium Risk
SELL01511,48,0.1875,3.5,Seller Fulfilled,16.354166666666668,62367.318,18.75,29.1,Low Risk
SELL01512,65,0.09230769230769231,4.6,Platform Fulfilled,16.076923076923077,6330.9929999999995,9.23,15.9,Low Risk
SELL01513,66,0.4393939393939394,2.7,Platform Fulfilled,19.015151515151516,18413.643,43.94,49.2,Medium Risk
SELL01514,9,0.1111111111111111,4.7,Seller Fulfilled,22.22222222222222,2876.775,11.11,19.7,Low Risk
SELL01515,11,0.7272727272727273,3.1,Seller Fulfilled,9.545454545454545,5035.911,72.73,55.1,Medium Risk
SELL01516,56,0.5714285714285714,3.2,Seller Fulfilled,11.428571428571429,131896.017,57.14,47.6,Medium Risk
SELL01517,47,0.40425531914893614,3.1,Seller Fulfilled,13.191489361702128,182362.46099999998,40.43,41.1,Medium Risk
SELL01518,29,0.1724137931034483,4.7,Platform Fulfilled,11.89655172413793,57792.267,17.24,16.7,Low Risk
SELL01519,22,0.5,3.1,Seller Fulfilled,17.5,6313.1505,50.0,48.4,Medium Risk
SELL01520,37,0.08108108108108109,4.1,Platform Fulfilled,13.243243243243244,9073.581,8.11,17.5,Low Risk
SELL01521,22,0.4090909090909091,3.8,Seller Fulfilled,21.818181818181817,92544.66599999998,40.91,41.1,Medium Risk
SELL01522,29,0.3103448275862069,3.6,Platform Fulfilled,16.20689655172414,33589.655999999995,31.03,34.4,Medium Risk
SELL01523,46,0.32608695652173914,5.0,Seller Fulfilled,19.67391304347826,49498.534499999994,32.61,26.7,Low Risk
SELL01524,65,0.35384615384615387,4.1,Seller Fulfilled,18.53846153846154,195868.1175,35.38,34.2,Medium Risk
SELL01525,44,0.4772727272727273,3.1,Seller Fulfilled,13.409090909090908,87979.7955,47.73,44.9,Medium Risk
SELL01526,31,0.12903225806451613,3.9,Platform Fulfilled,21.129032258064516,28644.5205,12.9,26.0,Low Risk
SELL01527,53,0.07547169811320754,4.1,Seller Fulfilled,15.471698113207546,5221.988999999999,7.55,18.5,Low Risk
SELL01528,62,0.1774193548387097,3.9,Seller Fulfilled,14.758064516129032,5882.082,17.74,24.7,Low Risk
SELL01529,47,0.2127659574468085,4.4,Seller Fulfilled,19.148936170212767,19933.278,21.28,25.3,Low Risk
SELL01530,38,0.18421052631578946,4.8,Platform Fulfilled,21.18421052631579,5943.9795,18.42,22.0,Low Risk
SELL01531,32,0.40625,3.6,Seller Fulfilled,21.09375,68246.3835,40.62,42.1,Medium Risk
SELL01532,28,0.25,3.8,Seller Fulfilled,17.5,6702.4035,25.0,30.7,Low Risk
SELL01533,63,0.1746031746031746,4.4,Platform Fulfilled,14.047619047619047,13350.513,17.46,20.4,Low Risk
SELL01534,50,0.24,4.3,Seller Fulfilled,18.4,5732.851499999999,24.0,26.9,Low Risk
SELL01535,118,0.13559322033898305,4.6,Platform Fulfilled,16.822033898305083,124994.26349999999,13.56,18.6,Low Risk
SELL01536,52,0.4423076923076923,3.4,Platform Fulfilled,20.384615384615383,123739.90199999999,44.23,44.9,Medium Risk
SELL01537,23,0.13043478260869565,3.3,Platform Fulfilled,17.17391304347826,3988.368,13.04,28.2,Low Risk
SELL01538,10,0.8,3.0,Seller Fulfilled,19.5,59767.974,80.0,65.3,Medium Risk
SELL01539,13,0.15384615384615385,4.8,Platform Fulfilled,9.23076923076923,514.05,15.38,13.5,Low Risk
SELL01540,40,0.6,3.2,Seller Fulfilled,17.875,122858.4825,60.0,52.9,Medium Risk
SELL01541,33,0.24242424242424243,3.4,Seller Fulfilled,22.727272727272727,7815.0255,24.24,36.3,Medium Risk
SELL01542,46,0.17391304347826086,4.4,Seller Fulfilled,17.17391304347826,53808.897,17.39,22.2,Low Risk
SELL01543,26,0.07692307692307693,3.7,Seller Fulfilled,16.923076923076923,3768.84,7.69,22.4,Low Risk
SELL01544,36,0.08333333333333333,4.6,Seller Fulfilled,14.583333333333334,2612.247,8.33,14.6,Low Risk
SELL01545,45,0.26666666666666666,3.6,Platform Fulfilled,16.666666666666668,7782.417,26.67,32.5,Low Risk
SELL01546,46,0.2826086956521739,3.6,Seller Fulfilled,20.543478260869566,38530.24799999999,28.26,35.6,Medium Risk
SELL01547,31,0.2903225806451613,4.1,Platform Fulfilled,25.161290322580644,85791.67050000001,29.03,34.9,Medium Risk
SELL01548,52,0.25,3.8,Platform Fulfilled,14.615384615384615,37023.525,25.0,29.0,Low Risk
SELL01549,20,0.55,4.2,Platform Fulfilled,14.75,42756.819,55.0,41.0,Medium Risk
SELL01550,49,0.30612244897959184,5.0,Seller Fulfilled,13.061224489795919,169566.58949999997,30.61,21.9,Low Risk
SELL01552,44,0.36363636363636365,3.2,Seller Fulfilled,14.659090909090908,21445.456499999997,36.36,39.2,Medium Risk
SELL01553,25,0.36,5.0,Platform Fulfilled,13.8,7438.608,36.0,25.0,Low Risk
SELL01554,7,0.7142857142857143,3.2,Seller Fulfilled,18.571428571428573,135581.091,71.43,59.0,Medium Risk
SELL01555,54,0.35185185185185186,3.1,Seller Fulfilled,18.24074074074074,77382.183,35.19,41.4,Medium Risk
SELL01556,27,0.5925925925925926,3.4,Seller Fulfilled,19.25925925925926,7814.9205,59.26,51.8,Medium Risk
SELL01557,42,0.14285714285714285,4.5,Platform Fulfilled,13.928571428571429,42149.3325,14.29,18.0,Low Risk
SELL01558,35,0.4,3.6,Seller Fulfilled,20.714285714285715,48856.284,40.0,41.5,Medium Risk
SELL01559,79,0.189873417721519,4.6,Seller Fulfilled,14.936708860759493,65512.8915,18.99,20.2,Low Risk
SELL01560,29,0.27586206896551724,2.5,Platform Fulfilled,7.413793103448276,74349.45000000001,27.59,35.8,Medium Risk
SELL01561,40,0.6,2.9,Seller Fulfilled,14.5,153379.63199999998,60.0,53.2,Medium Risk
SELL01562,60,0.21666666666666667,2.8,Seller Fulfilled,13.083333333333334,10788.942,21.67,33.9,Medium Risk
SELL01563,95,0.17894736842105263,3.6,Seller Fulfilled,16.157894736842106,89212.68600000002,17.89,27.8,Low Risk
SELL01564,52,0.25,2.5,Platform Fulfilled,15.096153846153847,13151.631,25.0,39.0,Medium Risk
SELL01565,122,0.16393442622950818,4.3,Platform Fulfilled,16.311475409836067,106485.0465,16.39,21.9,Low Risk
SELL01566,58,0.1896551724137931,4.1,Seller Fulfilled,16.637931034482758,10468.549500000001,18.97,24.9,Low Risk
SELL01567,33,0.2727272727272727,1.3,Platform Fulfilled,18.939393939393938,12964.407,27.27,51.4,Medium Risk
SELL01568,34,0.20588235294117646,4.5,Platform Fulfilled,16.470588235294116,28545.84,20.59,22.6,Low Risk
SELL01569,29,0.4482758620689655,3.3,Seller Fulfilled,15.689655172413794,54513.06,44.83,43.2,Medium Risk
SELL01570,35,0.11428571428571428,4.2,Seller Fulfilled,16.571428571428573,1469.5634999999997,11.43,20.3,Low Risk
SELL01571,38,0.15789473684210525,4.9,Seller Fulfilled,18.157894736842106,39727.4955,15.79,18.2,Low Risk
SELL01572,63,0.23809523809523808,4.0,Seller Fulfilled,14.444444444444445,23587.840499999995,23.81,26.8,Low Risk
SELL01573,59,0.3728813559322034,3.0,Platform Fulfilled,14.661016949152541,98406.75299999998,37.29,41.2,Medium Risk
SELL01574,30,0.4,3.6,Platform Fulfilled,14.5,77811.678,40.0,37.9,Medium Risk
SELL01575,56,0.17857142857142858,4.1,Platform Fulfilled,17.410714285714285,19192.2495,17.86,24.8,Low Risk
SELL01576,32,0.0625,5.0,Platform Fulfilled,11.71875,3517.7145,6.25,8.9,Low Risk
SELL01577,30,0.13333333333333333,5.0,Seller Fulfilled,13.166666666666666,3683.7584999999995,13.33,13.3,Low Risk
SELL01578,18,0.2777777777777778,5.0,Platform Fulfilled,20.0,28891.528499999997,27.78,24.5,Low Risk
SELL01579,26,0.19230769230769232,4.5,Platform Fulfilled,18.26923076923077,15664.040999999997,19.23,23.0,Low Risk
SELL01580,53,0.2830188679245283,4.2,Platform Fulfilled,15.18867924528302,109748.76449999999,28.3,28.0,Low Risk
SELL01581,39,0.28205128205128205,4.6,Seller Fulfilled,10.64102564102564,7285.9815,28.21,22.2,Low Risk
SELL01582,22,0.4090909090909091,2.1,Seller Fulfilled,18.40909090909091,59766.049499999994,40.91,51.9,Medium Risk
SELL01583,29,0.7241379310344828,2.4,Seller Fulfilled,10.689655172413794,184898.769,72.41,60.9,Medium Risk
SELL01584,32,0.0625,4.7,Seller Fulfilled,17.1875,435.5625,6.25,14.3,Low Risk
SELL01585,16,0.125,4.4,Platform Fulfilled,15.9375,3024.5744999999997,12.5,19.0,Low Risk
SELL01586,17,0.35294117647058826,3.5,Seller Fulfilled,22.352941176470587,57476.123999999996,35.29,40.9,Medium Risk
SELL01587,113,0.48672566371681414,2.6,Platform Fulfilled,16.061946902654867,82233.37199999999,48.67,50.7,Medium Risk
SELL01588,46,0.15217391304347827,4.3,Platform Fulfilled,14.23913043478261,9441.842999999999,15.22,20.1,Low Risk
SELL01589,59,0.4915254237288136,2.6,Seller Fulfilled,20.16949152542373,119923.53899999999,49.15,53.3,Medium Risk
SELL01590,19,0.21052631578947367,3.2,Seller Fulfilled,20.263157894736842,21604.6005,21.05,34.8,Medium Risk
SELL01591,41,0.2682926829268293,3.5,Seller Fulfilled,19.024390243902438,12778.038,26.83,34.7,Medium Risk
SELL01592,87,0.27586206896551724,3.2,Seller Fulfilled,16.7816091954023,79828.5525,27.59,36.0,Medium Risk
SELL01593,88,0.2727272727272727,3.5,Seller Fulfilled,17.329545454545453,58453.827000000005,27.27,34.0,Medium Risk
SELL01594,31,0.1935483870967742,4.9,Platform Fulfilled,19.516129032258064,4337.1945,19.35,20.8,Low Risk
SELL01595,34,0.11764705882352941,4.0,Seller Fulfilled,18.235294117647058,19067.929500000002,11.76,23.0,Low Risk
SELL01596,13,0.15384615384615385,3.5,Seller Fulfilled,10.0,5198.9505,15.38,23.7,Low Risk
SELL01597,61,0.3114754098360656,4.1,Seller Fulfilled,18.114754098360656,60568.995,31.15,31.8,Low Risk
SELL01598,72,0.3611111111111111,3.0,Seller Fulfilled,14.51388888888889,18373.0065,36.11,40.4,Medium Risk
SELL01599,52,0.21153846153846154,3.8,Seller Fulfilled,20.384615384615383,56014.626,21.15,30.4,Low Risk
SELL01600,21,0.0,3.5,Platform Fulfilled,21.904761904761905,0.0,0.0,23.0,Low Risk
SELL01601,28,0.10714285714285714,3.8,Platform Fulfilled,15.714285714285714,2894.5229999999997,10.71,22.5,Low Risk
SELL01602,23,0.08695652173913043,3.5,Platform Fulfilled,13.478260869565217,3449.5635,8.7,22.4,Low Risk
SELL01603,99,0.2222222222222222,3.6,Platform Fulfilled,14.090909090909092,33835.884000000005,22.22,28.8,Low Risk
SELL01604,27,0.18518518518518517,4.3,Seller Fulfilled,7.222222222222222,19404.627,18.52,17.6,Low Risk
SELL01605,55,0.2,5.0,Seller Fulfilled,16.363636363636363,18830.892,20.0,18.5,Low Risk
SELL01606,47,0.3404255319148936,3.9,Platform Fulfilled,19.148936170212767,132380.4555,34.04,35.4,Medium Risk
SELL01607,17,0.35294117647058826,3.6,Seller Fulfilled,14.705882352941176,755.643,35.29,35.7,Medium Risk
SELL01608,16,0.0625,4.8,Seller Fulfilled,19.6875,384.507,6.25,15.0,Low Risk
SELL01609,52,0.19230769230769232,4.5,Seller Fulfilled,15.48076923076923,3755.16,19.23,21.3,Low Risk
SELL01610,9,0.5555555555555556,2.5,Platform Fulfilled,18.333333333333332,1970.5889999999997,55.56,56.2,Medium Risk
SELL01611,21,0.42857142857142855,4.4,Seller Fulfilled,17.142857142857142,7835.2155,42.86,34.9,Medium Risk
SELL01612,19,0.15789473684210525,3.4,Seller Fulfilled,14.736842105263158,13325.9745,15.79,27.4,Low Risk
SELL01613,49,0.22448979591836735,4.4,Seller Fulfilled,14.081632653061224,51128.1285,22.45,22.9,Low Risk
SELL01614,33,0.12121212121212122,4.0,Seller Fulfilled,18.636363636363637,10997.9295,12.12,23.4,Low Risk
SELL01615,68,0.47058823529411764,2.9,Seller Fulfilled,19.191176470588236,288284.25,47.06,49.4,Medium Risk
SELL01616,38,0.18421052631578946,4.1,Seller Fulfilled,12.894736842105264,55795.176,18.42,22.4,Low Risk
SELL01617,33,0.36363636363636365,3.3,Seller Fulfilled,15.909090909090908,12146.649,36.36,39.2,Medium Risk
SELL01618,42,0.35714285714285715,3.3,Seller Fulfilled,13.928571428571429,139458.02250000002,35.71,37.7,Medium Risk
SELL01619,30,0.5333333333333333,4.4,Seller Fulfilled,20.0,43417.43549999999,53.33,41.8,Medium Risk
SELL01620,20,0.5,3.2,Platform Fulfilled,9.75,121468.06800000001,50.0,43.1,Medium Risk
SELL01621,46,0.2608695652173913,4.1,Platform Fulfilled,13.043478260869565,129131.89049999998,26.09,26.3,Low Risk
SELL01622,22,0.09090909090909091,5.0,Seller Fulfilled,12.045454545454545,1963.1999999999998,9.09,10.5,Low Risk
SELL01623,50,0.12,3.9,Seller Fulfilled,16.5,7163.992499999999,12.0,22.8,Low Risk
SELL01624,12,0.3333333333333333,3.0,Platform Fulfilled,18.333333333333332,2523.8475,33.33,41.3,Medium Risk
SELL01625,54,0.2962962962962963,4.5,Seller Fulfilled,16.75925925925926,10311.225,29.63,27.3,Low Risk
SELL01626,67,0.26865671641791045,3.9,Seller Fulfilled,14.328358208955224,27442.809,26.87,29.0,Low Risk
SELL01627,12,0.25,4.6,Platform Fulfilled,26.666666666666668,3903.1559999999995,25.0,30.0,Low Risk
SELL01628,44,0.13636363636363635,4.2,Seller Fulfilled,15.909090909090908,4718.9325,13.64,21.0,Low Risk
SELL01629,78,0.44871794871794873,2.5,Seller Fulfilled,16.08974358974359,183459.306,44.87,49.5,Medium Risk
SELL01630,39,0.1794871794871795,4.5,Platform Fulfilled,15.0,1265.6789999999999,17.95,20.4,Low Risk
SELL01631,26,0.07692307692307693,4.1,Seller Fulfilled,16.73076923076923,2251.9995,7.69,19.3,Low Risk
SELL01632,38,0.21052631578947367,3.7,Platform Fulfilled,12.894736842105264,10445.768999999998,21.05,26.8,Low Risk
SELL01633,25,0.16,3.9,Platform Fulfilled,9.8,24926.2455,16.0,20.9,Low Risk
SELL01634,6,0.5,4.0,Platform Fulfilled,14.166666666666666,44159.229,50.0,39.7,Medium Risk
SELL01635,21,0.14285714285714285,4.3,Seller Fulfilled,15.952380952380953,2014.9139999999998,14.29,20.7,Low Risk
SELL01636,29,0.1724137931034483,4.3,Platform Fulfilled,18.620689655172413,38641.958999999995,17.24,23.7,Low Risk
SELL01637,33,0.30303030303030304,4.3,Seller Fulfilled,15.757575757575758,6514.116,30.3,28.5,Low Risk
SELL01638,53,0.20754716981132076,4.5,Platform Fulfilled,18.0188679245283,27558.074999999997,20.75,23.6,Low Risk
SELL01639,32,0.21875,3.9,Seller Fulfilled,18.28125,28115.739,21.88,28.8,Low Risk
SELL01640,34,0.23529411764705882,3.3,Seller Fulfilled,18.235294117647058,10670.9085,23.53,34.1,Medium Risk
SELL01641,7,0.42857142857142855,2.5,Seller Fulfilled,20.0,384.8025,42.86,50.8,Medium Risk
SELL01642,35,0.2,4.6,Platform Fulfilled,16.571428571428573,33436.2,20.0,21.6,Low Risk
SELL01643,22,0.2727272727272727,4.4,Seller Fulfilled,15.0,40905.159,27.27,25.8,Low Risk
SELL01644,45,0.35555555555555557,3.0,Seller Fulfilled,9.11111111111111,16387.0035,35.56,37.0,Medium Risk
SELL01645,43,0.4418604651162791,3.8,Seller Fulfilled,8.837209302325581,99968.9655,44.19,35.2,Medium Risk
SELL01647,54,0.07407407407407407,5.0,Seller Fulfilled,15.648148148148149,28094.383499999996,7.41,11.8,Low Risk
SELL01648,19,0.15789473684210525,3.8,Seller Fulfilled,19.736842105263158,1352.2514999999999,15.79,27.4,Low Risk
SELL01649,40,0.175,5.0,Platform Fulfilled,19.125,4674.0195,17.5,18.8,Low Risk
SELL01650,40,0.05,5.0,Seller Fulfilled,15.5,14796.0555,5.0,10.5,Low Risk
SELL01651,24,0.16666666666666666,3.9,Seller Fulfilled,20.416666666666668,9481.782,16.67,27.5,Low Risk
SELL01652,55,0.16363636363636364,3.5,Platform Fulfilled,14.0,29352.759000000002,16.36,26.6,Low Risk
SELL01653,82,0.14634146341463414,3.6,Seller Fulfilled,15.609756097560975,64795.909499999994,14.63,25.8,Low Risk
SELL01654,15,0.06666666666666667,2.9,Platform Fulfilled,13.666666666666666,60.5145,6.67,26.0,Low Risk
SELL01656,22,0.0,5.0,Seller Fulfilled,21.136363636363637,0.0,0.0,11.3,Low Risk
SELL01657,26,0.23076923076923078,4.6,Platform Fulfilled,15.384615384615385,39738.530999999995,23.08,22.5,Low Risk
SELL01658,18,0.2222222222222222,5.0,Seller Fulfilled,13.88888888888889,13934.094,22.22,18.1,Low Risk
SELL01659,21,0.7142857142857143,3.3,Seller Fulfilled,11.19047619047619,123415.1985,71.43,53.9,Medium Risk
SELL01660,17,0.23529411764705882,3.3,Seller Fulfilled,16.764705882352942,754.6289999999999,23.53,33.2,Medium Risk
SELL01661,83,0.21686746987951808,3.8,Seller Fulfilled,16.08433734939759,53900.532,21.69,28.2,Low Risk
SELL01662,10,0.5,4.3,Seller Fulfilled,13.5,1080.4575,50.0,37.1,Medium Risk
SELL01663,43,0.3023255813953488,3.5,Seller Fulfilled,13.720930232558139,82473.6315,30.23,33.3,Medium Risk
SELL01664,32,0.125,4.9,Seller Fulfilled,18.90625,33113.922,12.5,17.0,Low Risk
SELL01665,44,0.38636363636363635,3.6,Seller Fulfilled,20.681818181818183,82737.006,38.64,40.8,Medium Risk
SELL01666,19,0.47368421052631576,3.9,Seller Fulfilled,13.421052631578947,174872.96099999998,47.37,38.7,Medium Risk
SELL01667,38,0.10526315789473684,3.8,Platform Fulfilled,15.263157894736842,49812.847499999996,10.53,22.1,Low Risk
SELL01668,28,0.07142857142857142,3.6,Platform Fulfilled,18.75,1989.5894999999998,7.14,24.0,Low Risk
SELL01669,49,0.3469387755102041,2.8,Platform Fulfilled,14.387755102040817,175904.55299999999,34.69,41.2,Medium Risk
SELL01670,18,0.4444444444444444,3.7,Seller Fulfilled,16.38888888888889,4013.1285,44.44,40.4,Medium Risk
SELL01671,41,0.21951219512195122,3.5,Seller Fulfilled,13.414634146341463,52793.810999999994,21.95,29.0,Low Risk
SELL01672,29,0.41379310344827586,4.2,Seller Fulfilled,12.241379310344827,6699.9705,41.38,32.8,Low Risk
SELL01673,11,0.6363636363636364,3.1,Seller Fulfilled,17.272727272727273,5706.777,63.64,55.1,Medium Risk
SELL01674,58,0.41379310344827586,2.3,Seller Fulfilled,14.482758620689655,32291.614499999996,41.38,48.3,Medium Risk
SELL01675,24,0.5,3.3,Platform Fulfilled,14.791666666666666,68312.931,50.0,45.3,Medium Risk
SELL01676,11,0.2727272727272727,4.3,Seller Fulfilled,20.454545454545453,3313.8374999999996,27.27,29.8,Low Risk
SELL01677,35,0.2571428571428571,4.5,Platform Fulfilled,19.714285714285715,48493.072499999995,25.71,27.1,Low Risk
SELL01678,36,0.1111111111111111,3.6,Seller Fulfilled,13.333333333333334,3294.9674999999997,11.11,22.8,Low Risk
SELL01679,65,0.13846153846153847,4.1,Seller Fulfilled,15.692307692307692,4835.622,13.85,21.8,Low Risk
SELL01680,66,0.19696969696969696,4.5,Seller Fulfilled,14.696969696969697,13473.8205,19.7,21.1,Low Risk
SELL01681,25,0.16,4.1,Seller Fulfilled,12.4,4542.202499999999,16.0,20.9,Low Risk
SELL01682,21,0.2857142857142857,4.0,Seller Fulfilled,17.61904761904762,73540.49850000002,28.57,31.0,Low Risk
SELL01683,39,0.10256410256410256,4.7,Platform Fulfilled,16.28205128205128,21018.5745,10.26,15.8,Low Risk
SELL01684,51,0.1568627450980392,4.6,Seller Fulfilled,11.176470588235293,48642.072,15.69,16.3,Low Risk
SELL01685,50,0.4,3.7,Seller Fulfilled,17.2,53590.2225,40.0,38.7,Medium Risk
SELL01686,99,0.47474747474747475,2.8,Platform Fulfilled,14.848484848484848,269157.6615,47.47,47.8,Medium Risk
SELL01687,14,0.21428571428571427,4.2,Seller Fulfilled,18.214285714285715,25595.136,21.43,26.3,Low Risk
SELL01688,20,0.1,4.8,Platform Fulfilled,14.75,1972.1565,10.0,14.0,Low Risk
SELL01689,40,0.2,3.0,Platform Fulfilled,11.75,43152.1395,20.0,30.8,Low Risk
SELL01690,45,0.3111111111111111,3.7,Platform Fulfilled,19.0,111265.93049999999,31.11,35.3,Medium Risk
SELL01691,40,0.45,3.4,Seller Fulfilled,14.75,228054.1635,45.0,42.0,Medium Risk
SELL01692,26,0.19230769230769232,4.4,Platform Fulfilled,15.384615384615385,964.6965,19.23,22.0,Low Risk
SELL01693,52,0.28846153846153844,4.1,Seller Fulfilled,18.076923076923077,83791.875,28.85,30.6,Low Risk
SELL01694,16,0.3125,4.0,Seller Fulfilled,15.625,1484.562,31.25,31.2,Low Risk
SELL01695,30,0.4666666666666667,3.0,Seller Fulfilled,16.833333333333332,71576.91599999998,46.67,47.1,Medium Risk
SELL01696,54,0.3148148148148148,2.2,Seller Fulfilled,14.907407407407407,41687.4165,31.48,44.4,Medium Risk
SELL01697,46,0.21739130434782608,4.7,Seller Fulfilled,15.108695652173912,82596.28799999999,21.74,20.9,Low Risk
SELL01698,30,0.5,2.6,Seller Fulfilled,12.5,68845.4235,50.0,49.2,Medium Risk
SELL01699,14,0.21428571428571427,4.1,Seller Fulfilled,14.642857142857142,1046.9985,21.43,24.9,Low Risk
SELL01700,47,0.3617021276595745,1.9,Platform Fulfilled,15.212765957446809,73019.91299999999,36.17,49.2,Medium Risk
SELL01701,52,0.5,2.5,Seller Fulfilled,17.307692307692307,197087.65499999997,50.0,52.8,Medium Risk
SELL01702,42,0.23809523809523808,4.3,Seller Fulfilled,14.285714285714286,7526.244000000001,23.81,24.4,Low Risk
SELL01703,48,0.125,4.1,Platform Fulfilled,18.854166666666668,1757.5575,12.5,23.0,Low Risk
SELL01704,71,0.4507042253521127,3.2,Platform Fulfilled,16.47887323943662,179817.471,45.07,44.6,Medium Risk
SELL01705,64,0.25,3.5,Seller Fulfilled,17.578125,6277.7384999999995,25.0,33.0,Low Risk
SELL01706,20,0.3,5.0,Seller Fulfilled,20.75,25081.855499999998,30.0,26.1,Low Risk
SELL01707,39,0.2564102564102564,4.3,Seller Fulfilled,16.025641025641026,81874.42349999999,25.64,26.4,Low Risk
SELL01708,24,0.375,3.4,Seller Fulfilled,23.75,43278.075,37.5,43.6,Medium Risk
SELL01709,41,0.24390243902439024,4.3,Platform Fulfilled,17.682926829268293,67066.749,24.39,26.7,Low Risk
SELL01710,18,0.0,3.5,Seller Fulfilled,16.11111111111111,0.0,0.0,19.6,Low Risk
SELL01711,56,0.3392857142857143,4.2,Platform Fulfilled,15.714285714285714,150520.5855,33.93,31.1,Low Risk
SELL01712,30,0.2,4.3,Seller Fulfilled,21.5,37465.5645,20.0,26.8,Low Risk
SELL01713,66,0.5,3.0,Platform Fulfilled,11.818181818181818,62263.44449999999,50.0,45.8,Medium Risk
SELL01714,52,0.1346153846153846,4.1,Seller Fulfilled,15.673076923076923,7017.9975,13.46,21.6,Low Risk
SELL01715,14,0.14285714285714285,4.8,Seller Fulfilled,6.071428571428571,4943.2035,14.29,11.1,Low Risk
SELL01716,66,0.09090909090909091,3.6,Seller Fulfilled,14.393939393939394,39233.415,9.09,22.4,Low Risk
SELL01717,57,0.22807017543859648,4.4,Seller Fulfilled,17.19298245614035,31118.5335,22.81,24.9,Low Risk
SELL01718,7,0.42857142857142855,3.2,Seller Fulfilled,12.857142857142858,5130.918,42.86,41.4,Medium Risk
SELL01719,48,0.2708333333333333,4.1,Platform Fulfilled,19.791666666666668,9189.6675,27.08,30.8,Low Risk
SELL01720,21,0.047619047619047616,5.0,Platform Fulfilled,16.904761904761905,618.2715000000001,4.76,11.2,Low Risk
SELL01721,64,0.265625,4.2,Platform Fulfilled,14.765625,80640.1125,26.56,26.9,Low Risk
SELL01722,29,0.13793103448275862,5.0,Seller Fulfilled,20.689655172413794,3971.022,13.79,17.9,Low Risk
SELL01723,58,0.27586206896551724,3.8,Seller Fulfilled,14.39655172413793,68385.978,27.59,30.1,Low Risk
SELL01724,22,0.045454545454545456,3.5,Platform Fulfilled,19.09090909090909,543.7605,4.55,23.6,Low Risk
SELL01725,91,0.25274725274725274,3.5,Platform Fulfilled,12.362637362637363,169978.39799999996,25.27,30.0,Low Risk
SELL01726,67,0.29850746268656714,4.6,Seller Fulfilled,19.70149253731343,195101.7105,29.85,28.4,Low Risk
SELL01727,69,0.3188405797101449,3.0,Seller Fulfilled,16.73913043478261,153700.05,31.88,39.7,Medium Risk
SELL01728,54,0.46296296296296297,3.0,Seller Fulfilled,14.62962962962963,134235.4905,46.3,45.6,Medium Risk
SELL01729,62,0.20967741935483872,4.8,Seller Fulfilled,15.32258064516129,6669.348,20.97,19.9,Low Risk
SELL01730,35,0.02857142857142857,3.6,Seller Fulfilled,17.285714285714285,1740.018,2.86,21.0,Low Risk
SELL01731,36,0.1388888888888889,3.8,Seller Fulfilled,15.416666666666666,3341.0849999999996,13.89,23.9,Low Risk
SELL01732,80,0.2625,4.1,Seller Fulfilled,20.0625,17299.163999999997,26.25,30.5,Low Risk
SELL01733,8,0.625,4.3,Seller Fulfilled,6.25,3521.3175,62.5,39.1,Medium Risk
SELL01734,29,0.1724137931034483,4.1,Seller Fulfilled,14.482758620689655,34810.638,17.24,22.7,Low Risk
SELL01735,23,0.2608695652173913,4.9,Platform Fulfilled,15.652173913043478,3194.2815,26.09,21.9,Low Risk
SELL01736,51,0.4117647058823529,4.2,Seller Fulfilled,15.098039215686274,179967.108,41.18,34.3,Medium Risk
SELL01737,18,0.2777777777777778,2.3,Seller Fulfilled,16.11111111111111,1855.134,27.78,42.5,Medium Risk
SELL01738,67,0.2835820895522388,3.9,Platform Fulfilled,17.313432835820894,98664.5775,28.36,31.5,Low Risk
SELL01739,50,0.18,3.7,Seller Fulfilled,14.4,7535.754,18.0,26.1,Low Risk
SELL01740,43,0.23255813953488372,3.9,Seller Fulfilled,15.813953488372093,36275.534999999996,23.26,28.1,Low Risk
SELL01741,60,0.31666666666666665,3.7,Seller Fulfilled,18.0,21735.549,31.67,35.1,Medium Risk
SELL01742,69,0.21739130434782608,3.7,Platform Fulfilled,20.36231884057971,54033.1725,21.74,31.4,Low Risk
SELL01743,16,0.375,4.0,Seller Fulfilled,15.0,47707.038,37.5,34.0,Medium Risk
SELL01744,70,0.4857142857142857,2.6,Seller Fulfilled,17.357142857142858,385985.691,48.57,51.4,Medium Risk
SELL01745,33,0.30303030303030304,4.1,Seller Fulfilled,12.272727272727273,83412.01649999998,30.3,28.0,Low Risk
SELL01746,19,0.15789473684210525,3.5,Platform Fulfilled,8.68421052631579,873.3464999999999,15.79,23.2,Low Risk
SELL01747,42,0.2619047619047619,4.6,Platform Fulfilled,12.738095238095237,3550.395,26.19,22.5,Low Risk
SELL01748,90,0.4,2.9,Seller Fulfilled,16.88888888888889,180932.7645,40.0,44.6,Medium Risk
SELL01749,66,0.3333333333333333,3.9,Platform Fulfilled,20.606060606060606,13624.476,33.33,35.9,Medium Risk
SELL01750,13,0.15384615384615385,4.7,Seller Fulfilled,15.0,4074.366,15.38,17.6,Low Risk
SELL01751,28,0.10714285714285714,5.0,Platform Fulfilled,18.392857142857142,2227.71,10.71,15.0,Low Risk
SELL01752,17,0.47058823529411764,3.8,Platform Fulfilled,18.235294117647058,67897.91399999999,47.06,42.1,Medium Risk
SELL01753,68,0.27941176470588236,3.8,Seller Fulfilled,16.544117647058822,55874.506499999996,27.94,31.6,Low Risk
SELL01754,19,0.2631578947368421,3.6,Seller Fulfilled,18.42105263157895,39463.9755,26.32,33.4,Medium Risk
SELL01755,28,0.17857142857142858,4.2,Seller Fulfilled,15.535714285714286,3244.7279999999996,17.86,23.0,Low Risk
SELL01756,32,0.25,3.7,Seller Fulfilled,15.15625,148027.533,25.0,30.0,Low Risk
SELL01757,55,0.21818181818181817,4.0,Platform Fulfilled,17.0,7977.898499999999,21.82,27.3,Low Risk
SELL01758,82,0.47560975609756095,2.9,Seller Fulfilled,16.646341463414632,188611.77,47.56,48.2,Medium Risk
SELL01759,22,0.4090909090909091,4.8,Seller Fulfilled,18.181818181818183,25724.4435,40.91,31.5,Low Risk
SELL01760,103,0.22330097087378642,4.2,Seller Fulfilled,19.223300970873787,16737.326999999997,22.33,27.3,Low Risk
SELL01761,38,0.18421052631578946,4.5,Seller Fulfilled,20.263157894736842,1065.1905,18.42,23.7,Low Risk
SELL01762,19,0.47368421052631576,4.1,Seller Fulfilled,18.157894736842106,137692.6425,47.37,40.0,Medium Risk
SELL01763,12,0.3333333333333333,3.1,Seller Fulfilled,11.25,1142.742,33.33,36.4,Medium Risk
SELL01765,74,0.20270270270270271,3.9,Seller Fulfilled,17.83783783783784,47680.835999999996,20.27,27.8,Low Risk
SELL01766,29,0.5517241379310345,3.3,Seller Fulfilled,14.827586206896552,10802.343,55.17,48.0,Medium Risk
SELL01767,33,0.30303030303030304,4.5,Platform Fulfilled,14.242424242424242,64919.009999999995,30.3,26.1,Low Risk
SELL01768,52,0.23076923076923078,3.8,Platform Fulfilled,14.807692307692308,38879.9505,23.08,28.1,Low Risk
SELL01769,22,0.2727272727272727,3.8,Seller Fulfilled,16.136363636363637,1984.548,27.27,31.0,Low Risk
SELL01770,12,0.25,4.0,Seller Fulfilled,13.333333333333334,39771.668999999994,25.0,26.7,Low Risk
SELL01771,63,0.23809523809523808,3.6,Platform Fulfilled,14.285714285714286,150013.6305,23.81,29.7,Low Risk
SELL01772,33,0.36363636363636365,4.5,Seller Fulfilled,14.242424242424242,43024.39799999999,36.36,29.2,Low Risk
SELL01773,66,0.10606060606060606,5.0,Seller Fulfilled,14.015151515151516,15690.1725,10.61,12.4,Low Risk
SELL01774,58,0.20689655172413793,3.6,Seller Fulfilled,14.224137931034482,14354.094,20.69,28.1,Low Risk
SELL01775,71,0.323943661971831,4.3,Platform Fulfilled,18.309859154929576,112803.48299999998,32.39,31.1,Low Risk
SELL01776,33,0.12121212121212122,4.3,Platform Fulfilled,12.575757575757576,49519.0755,12.12,17.6,Low Risk
SELL01777,61,0.39344262295081966,3.2,Seller Fulfilled,14.344262295081966,76819.8375,39.34,40.4,Medium Risk
SELL01778,64,0.328125,4.3,Platform Fulfilled,16.953125,23984.305500000002,32.81,30.5,Low Risk
SELL01779,8,0.25,3.8,Seller Fulfilled,22.5,1047.618,25.0,33.6,Medium Risk
SELL01780,54,0.2222222222222222,4.3,Platform Fulfilled,16.944444444444443,19517.461499999998,22.22,25.2,Low Risk
SELL01781,10,0.7,3.3,Platform Fulfilled,10.0,6587.508,70.0,52.5,Medium Risk
SELL01782,14,0.14285714285714285,3.6,Seller Fulfilled,21.428571428571427,715.8525,14.29,29.1,Low Risk
SELL01783,35,0.11428571428571428,5.0,Seller Fulfilled,19.857142857142858,15055.419,11.43,16.2,Low Risk
SELL01784,51,0.29411764705882354,2.7,Seller Fulfilled,14.705882352941176,20375.9835,29.41,39.5,Medium Risk
SELL01785,32,0.3125,3.3,Seller Fulfilled,15.625,172976.0925,31.25,36.4,Medium Risk
SELL01786,27,0.3333333333333333,4.5,Seller Fulfilled,12.037037037037036,53053.28399999999,33.33,26.4,Low Risk
SELL01787,52,0.36538461538461536,3.7,Seller Fulfilled,19.326923076923077,116221.4085,36.54,38.2,Medium Risk
SELL01788,55,0.16363636363636364,4.6,Seller Fulfilled,19.272727272727273,54438.856499999994,16.36,21.4,Low Risk
SELL01789,17,0.23529411764705882,4.2,Platform Fulfilled,17.647058823529413,1708.0109999999997,23.53,27.0,Low Risk
SELL01790,37,0.24324324324324326,4.5,Platform Fulfilled,20.135135135135137,5637.250499999999,24.32,26.6,Low Risk
SELL01791,46,0.5,2.8,Seller Fulfilled,20.76086956521739,173888.18399999998,50.0,52.6,Medium Risk
SELL01792,34,0.2647058823529412,4.4,Platform Fulfilled,16.470588235294116,2286.999,26.47,26.3,Low Risk
SELL01793,62,0.03225806451612903,4.6,Platform Fulfilled,15.080645161290322,1769.619,3.23,12.3,Low Risk
SELL01794,43,0.20930232558139536,4.4,Seller Fulfilled,13.953488372093023,26832.6555,20.93,22.0,Low Risk
SELL01795,53,0.3018867924528302,3.7,Seller Fulfilled,15.18867924528302,57970.778999999995,30.19,32.7,Low Risk
SELL01796,29,0.2413793103448276,3.5,Platform Fulfilled,19.82758620689655,4407.2625,24.14,33.8,Medium Risk
SELL01797,48,0.20833333333333334,4.2,Platform Fulfilled,11.145833333333334,127744.875,20.83,21.8,Low Risk
SELL01798,40,0.375,4.4,Seller Fulfilled,20.75,8682.9195,37.5,34.3,Medium Risk
SELL01799,103,0.20388349514563106,4.1,Platform Fulfilled,18.737864077669904,60217.08299999999,20.39,26.8,Low Risk
SELL01800,44,0.1590909090909091,4.6,Seller Fulfilled,17.386363636363637,4560.834,15.91,20.0,Low Risk
SELL01801,32,0.15625,3.4,Seller Fulfilled,17.34375,13664.056499999999,15.62,28.9,Low Risk
SELL01802,13,0.6923076923076923,2.9,Seller Fulfilled,19.615384615384617,91646.21550000002,69.23,60.8,Medium Risk
SELL01803,7,0.14285714285714285,5.0,Platform Fulfilled,10.0,829.1669999999999,14.29,11.9,Low Risk
SELL01804,39,0.358974358974359,3.0,Platform Fulfilled,15.128205128205128,26025.957,35.9,40.7,Medium Risk
SELL01805,13,0.15384615384615385,3.0,Seller Fulfilled,16.153846153846153,33610.087499999994,15.38,31.1,Low Risk
SELL01806,18,0.2222222222222222,4.4,Platform Fulfilled,12.222222222222221,8178.2835,22.22,21.7,Low Risk
SELL01807,21,0.42857142857142855,3.2,Seller Fulfilled,9.761904761904763,54349.8345,42.86,39.6,Medium Risk
SELL01809,50,0.44,3.1,Seller Fulfilled,18.2,65063.428499999995,44.0,45.8,Medium Risk
SELL01810,28,0.2857142857142857,3.3,Platform Fulfilled,13.392857142857142,1490.607,28.57,33.8,Medium Risk
SELL01811,64,0.171875,3.9,Platform Fulfilled,10.234375,42728.9895,17.19,21.8,Low Risk
SELL01813,56,0.16071428571428573,5.0,Platform Fulfilled,16.875,42113.4435,16.07,16.8,Low Risk
SELL01814,56,0.17857142857142858,4.6,Seller Fulfilled,17.857142857142858,9981.828,17.86,21.3,Low Risk
SELL01815,38,0.5526315789473685,3.1,Seller Fulfilled,14.868421052631579,122484.34049999996,55.26,49.5,Medium Risk
SELL01816,32,0.25,3.9,Seller Fulfilled,21.40625,7931.91,25.0,32.2,Low Risk
SELL01817,47,0.44680851063829785,3.3,Seller Fulfilled,15.0,12436.4025,44.68,42.8,Medium Risk
SELL01818,21,0.9047619047619048,2.8,Seller Fulfilled,13.80952380952381,183173.493,90.48,68.8,High Risk
SELL01819,37,0.1891891891891892,3.7,Seller Fulfilled,17.7027027027027,5221.209,18.92,28.5,Low Risk
SELL01820,59,0.3559322033898305,3.8,Seller Fulfilled,16.440677966101696,36798.98999999999,35.59,35.3,Medium Risk
SELL01821,46,0.2826086956521739,3.8,Seller Fulfilled,12.5,148911.42299999998,28.26,29.4,Low Risk
SELL01822,19,0.47368421052631576,3.0,Seller Fulfilled,15.789473684210526,84224.7,47.37,46.9,Medium Risk
SELL01823,22,0.3181818181818182,3.2,Platform Fulfilled,12.272727272727273,38308.734,31.82,35.5,Medium Risk
SELL01824,54,0.2962962962962963,3.1,Seller Fulfilled,17.77777777777778,114701.58599999998,29.63,38.4,Medium Risk
SELL01825,29,0.1724137931034483,4.7,Seller Fulfilled,23.103448275862068,56081.4315,17.24,23.3,Low Risk
SELL01826,53,0.11320754716981132,4.6,Seller Fulfilled,14.433962264150944,25488.195,11.32,16.0,Low Risk
SELL01827,36,0.1111111111111111,4.9,Seller Fulfilled,14.583333333333334,6560.025,11.11,13.7,Low Risk
SELL01828,37,0.24324324324324326,5.0,Seller Fulfilled,23.243243243243242,122214.8685,24.32,24.7,Low Risk
SELL01829,35,0.4,3.8,Platform Fulfilled,16.0,52175.5245,40.0,37.3,Medium Risk
SELL01830,48,0.10416666666666667,2.3,Seller Fulfilled,14.895833333333334,3646.1594999999998,10.42,33.1,Medium Risk
SELL01831,40,0.15,3.6,Platform Fulfilled,15.5,16320.476999999999,15.0,26.0,Low Risk
SELL01832,50,0.32,4.0,Seller Fulfilled,15.4,23839.703999999998,32.0,31.4,Low Risk
SELL01833,58,0.08620689655172414,4.7,Platform Fulfilled,16.120689655172413,3445.7129999999997,8.62,14.9,Low Risk
SELL01834,35,0.22857142857142856,3.7,Seller Fulfilled,15.714285714285714,9159.24,22.86,29.3,Low Risk
SELL01835,59,0.22033898305084745,4.3,Seller Fulfilled,16.35593220338983,78501.897,22.03,24.7,Low Risk
SELL01836,46,0.2391304347826087,3.5,Seller Fulfilled,18.043478260869566,175452.6195,23.91,32.7,Low Risk
SELL01837,23,0.08695652173913043,4.1,Seller Fulfilled,13.91304347826087,9955.5195,8.7,18.2,Low Risk
SELL01838,64,0.296875,3.2,Seller Fulfilled,16.25,27635.990999999998,29.69,36.8,Medium Risk
SELL01839,20,0.2,3.8,Platform Fulfilled,27.25,3079.7145,20.0,33.9,Medium Risk
SELL01840,42,0.16666666666666666,4.2,Platform Fulfilled,12.380952380952381,4979.8695,16.67,20.5,Low Risk
SELL01841,38,0.07894736842105263,4.2,Platform Fulfilled,20.394736842105264,21098.114999999998,7.89,20.8,Low Risk
SELL01842,32,0.1875,3.8,Platform Fulfilled,15.46875,41883.77099999999,18.75,26.4,Low Risk
SELL01843,45,0.2,4.3,Platform Fulfilled,15.0,22796.607,20.0,23.0,Low Risk
SELL01844,36,0.3888888888888889,3.0,Platform Fulfilled,14.027777777777779,37794.142499999994,38.89,41.6,Medium Risk
SELL01845,33,0.24242424242424243,3.4,Platform Fulfilled,19.09090909090909,5505.522000000001,24.24,34.2,Medium Risk
SELL01846,79,0.3291139240506329,3.2,Seller Fulfilled,16.835443037974684,87219.0975,32.91,38.7,Medium Risk
SELL01847,61,0.3114754098360656,2.6,Platform Fulfilled,17.131147540983605,23471.7405,31.15,42.5,Medium Risk
SELL01848,49,0.30612244897959184,4.1,Seller Fulfilled,16.3265306122449,64569.9855,30.61,30.5,Low Risk
SELL01849,10,0.1,4.4,Platform Fulfilled,18.5,292.6395,10.0,19.2,Low Risk
SELL01850,29,0.27586206896551724,3.7,Platform Fulfilled,16.896551724137932,30612.757500000003,27.59,32.4,Low Risk
SELL01851,32,0.21875,4.7,Seller Fulfilled,16.5625,36880.809,21.88,21.8,Low Risk
SELL01852,49,0.10204081632653061,3.7,Seller Fulfilled,18.26530612244898,4826.631,10.2,24.5,Low Risk
SELL01853,60,0.2833333333333333,3.9,Platform Fulfilled,13.25,55768.972499999996,28.33,29.1,Low Risk
SELL01854,8,0.0,3.9,Platform Fulfilled,16.25,0.0,0.0,16.7,Low Risk
SELL01855,11,0.18181818181818182,4.5,Seller Fulfilled,15.454545454545455,199.86,18.18,20.8,Low Risk
SELL01856,13,0.46153846153846156,4.0,Seller Fulfilled,22.307692307692307,2352.183,46.15,42.6,Medium Risk
SELL01857,66,0.696969696969697,2.9,Seller Fulfilled,17.5,170039.04299999998,69.7,59.8,Medium Risk
SELL01858,70,0.18571428571428572,5.0,Platform Fulfilled,16.714285714285715,47350.5315,18.57,18.0,Low Risk
SELL01859,18,0.16666666666666666,4.2,Seller Fulfilled,12.5,4685.0565,16.67,20.6,Low Risk
SELL01860,81,0.4444444444444444,2.0,Platform Fulfilled,16.790123456790123,47666.1615,44.44,53.4,Medium Risk
SELL01861,23,0.08695652173913043,5.0,Seller Fulfilled,13.26086956521739,1232.7915,8.7,11.0,Low Risk
SELL01862,93,0.1935483870967742,3.9,Platform Fulfilled,15.698924731182796,120718.149,19.35,26.0,Low Risk
SELL01863,74,0.10810810810810811,4.0,Seller Fulfilled,17.43243243243243,7525.075500000001,10.81,22.0,Low Risk
SELL01864,52,0.46153846153846156,3.1,Seller Fulfilled,23.076923076923077,90419.811,46.15,49.8,Medium Risk
SELL01865,23,0.13043478260869565,3.6,Seller Fulfilled,21.52173913043478,1340.9669999999999,13.04,28.5,Low Risk
SELL01866,35,0.2857142857142857,4.1,Seller Fulfilled,20.0,619.563,28.57,31.7,Low Risk
SELL01867,45,0.15555555555555556,3.0,Seller Fulfilled,17.666666666666668,4870.8675,15.56,32.1,Low Risk
SELL01868,19,0.15789473684210525,4.6,Seller Fulfilled,10.0,1592.1599999999999,15.79,15.7,Low Risk
SELL01869,58,0.27586206896551724,4.6,Seller Fulfilled,15.689655172413794,174153.33599999998,27.59,24.9,Low Risk
SELL01870,64,0.234375,4.3,Seller Fulfilled,18.984375,99529.9665,23.44,27.0,Low Risk
SELL01871,34,0.08823529411764706,3.9,Platform Fulfilled,17.5,2699.865,8.82,21.8,Low Risk
SELL01872,30,0.2,2.9,Platform Fulfilled,12.666666666666666,16360.678500000002,20.0,32.1,Low Risk
SELL01873,81,0.18518518518518517,4.4,Seller Fulfilled,15.802469135802468,38877.28049999999,18.52,21.9,Low Risk
SELL01874,35,0.14285714285714285,5.0,Seller Fulfilled,17.857142857142858,61940.8425,14.29,16.5,Low Risk
SELL01875,53,0.20754716981132076,3.9,Seller Fulfilled,13.49056603773585,9582.976499999999,20.75,25.4,Low Risk
SELL01876,31,0.22580645161290322,3.1,Platform Fulfilled,14.67741935483871,8942.577,22.58,33.0,Low Risk
SELL01877,36,0.19444444444444445,4.7,Seller Fulfilled,13.472222222222221,3519.0419999999995,19.44,18.8,Low Risk
SELL01878,87,0.22988505747126436,3.8,Seller Fulfilled,16.724137931034484,19542.218999999997,22.99,29.2,Low Risk
SELL01879,40,0.275,4.1,Seller Fulfilled,16.875,76607.6505,27.5,29.3,Low Risk
SELL01880,32,0.21875,3.8,Seller Fulfilled,16.5625,136185.4335,21.88,28.6,Low Risk
SELL01881,50,0.38,3.4,Seller Fulfilled,19.8,106572.366,38.0,41.5,Medium Risk
SELL01882,43,0.3023255813953488,3.7,Seller Fulfilled,22.558139534883722,120479.24549999999,30.23,37.0,Medium Risk
SELL01883,23,0.782608695652174,2.7,Seller Fulfilled,13.043478260869565,9181.9875,78.26,62.9,Medium Risk
SELL01884,26,0.19230769230769232,4.1,Platform Fulfilled,19.807692307692307,13932.2745,19.23,26.9,Low Risk
SELL01885,16,0.625,3.1,Seller Fulfilled,11.875,6390.895499999999,62.5,51.4,Medium Risk
SELL01886,32,0.09375,3.8,Platform Fulfilled,18.28125,22247.987999999998,9.38,23.3,Low Risk
SELL01887,76,0.4605263157894737,2.9,Platform Fulfilled,15.921052631578947,276441.8265,46.05,47.0,Medium Risk
SELL01888,60,0.23333333333333334,3.9,Platform Fulfilled,13.25,7632.7065,23.33,26.6,Low Risk
SELL01889,51,0.27450980392156865,3.0,Platform Fulfilled,16.372549019607842,28656.201,27.45,37.2,Medium Risk
SELL01890,12,0.5,3.4,Seller Fulfilled,14.583333333333334,101360.613,50.0,44.4,Medium Risk
SELL01891,41,0.1951219512195122,3.9,Platform Fulfilled,13.902439024390244,96047.574,19.51,25.0,Low Risk
SELL01892,18,0.16666666666666666,3.9,Seller Fulfilled,13.61111111111111,2918.8214999999996,16.67,23.5,Low Risk
SELL01893,23,0.2608695652173913,3.6,Platform Fulfilled,11.304347826086957,13561.8405,26.09,29.1,Low Risk
SELL01894,58,0.1724137931034483,4.2,Seller Fulfilled,16.46551724137931,20444.9715,17.24,23.2,Low Risk
SELL01895,43,0.27906976744186046,4.1,Platform Fulfilled,18.6046511627907,22305.171000000002,27.91,30.5,Low Risk
SELL01896,62,0.1935483870967742,4.2,Seller Fulfilled,15.725806451612904,52058.3295,19.35,23.8,Low Risk
SELL01897,22,0.09090909090909091,3.5,Platform Fulfilled,13.409090909090908,900.1395,9.09,22.6,Low Risk
SELL01898,59,0.3389830508474576,2.0,Seller Fulfilled,15.508474576271187,62887.119,33.9,47.4,Medium Risk
SELL01899,28,0.10714285714285714,3.6,Seller Fulfilled,17.857142857142858,2239.5494999999996,10.71,25.2,Low Risk
SELL01900,23,0.043478260869565216,4.8,Platform Fulfilled,15.217391304347826,268.03049999999996,4.35,11.5,Low Risk
SELL01901,53,0.18867924528301888,5.0,Platform Fulfilled,14.056603773584905,61031.239499999996,18.87,16.6,Low Risk
SELL01902,46,0.15217391304347827,3.9,Platform Fulfilled,13.91304347826087,73316.667,15.22,22.9,Low Risk
SELL01903,21,0.09523809523809523,3.9,Platform Fulfilled,15.476190476190476,12280.393499999998,9.52,21.0,Low Risk
SELL01904,34,0.17647058823529413,4.9,Platform Fulfilled,12.794117647058824,4580.592,17.65,16.0,Low Risk
SELL01905,31,0.16129032258064516,4.8,Seller Fulfilled,19.032258064516128,2777.592,16.13,19.6,Low Risk
SELL01906,55,0.2545454545454545,3.0,Seller Fulfilled,19.272727272727273,13769.97,25.45,38.0,Medium Risk
SELL01907,38,0.3684210526315789,4.4,Seller Fulfilled,12.368421052631579,100021.734,36.84,29.0,Low Risk
SELL01908,48,0.14583333333333334,5.0,Platform Fulfilled,13.020833333333334,69790.6815,14.58,13.8,Low Risk
SELL01909,55,0.6363636363636364,2.7,Seller Fulfilled,15.272727272727273,104510.079,63.64,56.9,Medium Risk
SELL01910,85,0.15294117647058825,4.9,Seller Fulfilled,15.411764705882353,33092.240999999995,15.29,16.3,Low Risk
SELL01911,38,0.23684210526315788,4.5,Seller Fulfilled,16.973684210526315,7152.449999999999,23.68,24.4,Low Risk
SELL01912,20,0.35,3.6,Seller Fulfilled,15.25,79943.169,35.0,35.8,Medium Risk
SELL01913,20,0.05,3.5,Seller Fulfilled,15.75,11849.398500000001,5.0,21.9,Low Risk
SELL01914,90,0.2,4.5,Platform Fulfilled,13.5,92156.21850000002,20.0,20.6,Low Risk
SELL01915,53,0.3018867924528302,4.4,Platform Fulfilled,15.566037735849056,74670.7875,30.19,27.6,Low Risk
SELL01916,50,0.16,4.3,Seller Fulfilled,16.2,12825.3225,16.0,21.6,Low Risk
SELL01917,61,0.3114754098360656,3.3,Platform Fulfilled,19.18032786885246,20970.0855,31.15,38.4,Medium Risk
SELL01918,78,0.15384615384615385,4.6,Seller Fulfilled,18.333333333333332,29872.0635,15.38,20.3,Low Risk
SELL01919,56,0.21428571428571427,4.0,Seller Fulfilled,15.535714285714286,53350.30350000001,21.43,26.2,Low Risk
SELL01920,24,0.20833333333333334,4.7,Seller Fulfilled,17.083333333333332,6934.6875,20.83,21.6,Low Risk
SELL01921,48,0.3125,4.4,Seller Fulfilled,11.25,138883.7025,31.25,25.6,Low Risk
SELL01922,39,0.05128205128205128,3.8,Seller Fulfilled,18.333333333333332,666.144,5.13,21.2,Low Risk
SELL01923,116,0.3448275862068966,3.3,Seller Fulfilled,14.008620689655173,200254.51049999997,34.48,37.1,Medium Risk
SELL01924,47,0.2553191489361702,4.4,Platform Fulfilled,15.957446808510639,59196.2655,25.53,25.5,Low Risk
SELL01925,27,0.25925925925925924,4.0,Seller Fulfilled,12.592592592592593,3772.002,25.93,26.7,Low Risk
SELL01926,68,0.27941176470588236,4.2,Seller Fulfilled,13.161764705882353,164108.4075,27.94,26.6,Low Risk
SELL01927,14,0.2857142857142857,3.2,Seller Fulfilled,12.857142857142858,3150.504,28.57,34.2,Medium Risk
SELL01928,40,0.075,4.4,Platform Fulfilled,18.0,1125.1425,7.5,17.7,Low Risk
SELL01929,23,0.21739130434782608,5.0,Seller Fulfilled,22.608695652173914,53210.37599999999,21.74,23.0,Low Risk
SELL01930,63,0.2222222222222222,4.0,Platform Fulfilled,19.206349206349206,29934.522,22.22,28.8,Low Risk
SELL01931,51,0.47058823529411764,3.2,Seller Fulfilled,15.098039215686274,230313.705,47.06,44.8,Medium Risk
SELL01932,30,0.3333333333333333,3.7,Seller Fulfilled,14.833333333333334,92759.7225,33.33,34.0,Medium Risk
SELL01933,45,0.2,4.6,Platform Fulfilled,20.77777777777778,25293.355499999998,20.0,24.1,Low Risk
SELL01934,34,0.5588235294117647,2.7,Seller Fulfilled,18.235294117647058,23324.864999999998,55.88,54.8,Medium Risk
SELL01935,23,0.21739130434782608,4.2,Platform Fulfilled,14.130434782608695,6763.797,21.74,24.0,Low Risk
SELL01936,37,0.13513513513513514,4.6,Seller Fulfilled,13.783783783783784,19373.592,13.51,16.7,Low Risk
SELL01937,64,0.421875,2.6,Platform Fulfilled,21.796875,19903.0215,42.19,50.8,Medium Risk
SELL01938,36,0.1111111111111111,4.3,Seller Fulfilled,17.63888888888889,4442.3925,11.11,20.0,Low Risk
SELL01939,44,0.2727272727272727,5.0,Seller Fulfilled,14.204545454545455,7091.014499999999,27.27,20.9,Low Risk
SELL01940,40,0.5,2.7,Seller Fulfilled,13.75,14488.3095,50.0,49.2,Medium Risk
SELL01941,68,0.22058823529411764,3.5,Platform Fulfilled,16.176470588235293,7980.943499999999,22.06,30.7,Low Risk
SELL01942,24,0.7083333333333334,2.6,Seller Fulfilled,16.041666666666668,85336.52549999999,70.83,61.7,Medium Risk
SELL01943,46,0.32608695652173914,4.2,Seller Fulfilled,20.217391304347824,140864.19449999998,32.61,33.1,Medium Risk
SELL01944,49,0.3877551020408163,3.6,Seller Fulfilled,14.285714285714286,61180.835999999996,38.78,37.2,Medium Risk
SELL01946,56,0.375,3.4,Platform Fulfilled,19.464285714285715,37165.6875,37.5,41.0,Medium Risk
SELL01947,80,0.275,3.8,Platform Fulfilled,16.25,41990.433000000005,27.5,31.2,Low Risk
SELL01948,45,0.26666666666666666,3.9,Seller Fulfilled,18.333333333333332,7062.0644999999995,26.67,31.2,Low Risk
SELL01949,49,0.3877551020408163,3.3,Seller Fulfilled,15.306122448979592,11118.933,38.78,40.0,Medium Risk
SELL01950,39,0.15384615384615385,4.8,Platform Fulfilled,19.23076923076923,34550.470499999996,15.38,19.4,Low Risk
SELL01951,40,0.1,5.0,Platform Fulfilled,16.875,16851.5445,10.0,13.8,Low Risk
SELL01952,70,0.18571428571428572,4.0,Seller Fulfilled,16.0,65920.0665,18.57,25.1,Low Risk
SELL01953,48,0.08333333333333333,4.7,Seller Fulfilled,18.020833333333332,3303.465,8.33,15.9,Low Risk
SELL01954,36,0.1388888888888889,5.0,Seller Fulfilled,15.13888888888889,32832.2355,13.89,14.7,Low Risk
SELL01955,51,0.09803921568627451,3.9,Platform Fulfilled,15.588235294117647,3503.544,9.8,21.2,Low Risk
SELL01956,15,0.26666666666666666,2.4,Platform Fulfilled,14.666666666666666,4896.618,26.67,40.4,Medium Risk
SELL01957,34,0.29411764705882354,3.7,Seller Fulfilled,15.882352941176471,15713.986499999999,29.41,32.6,Low Risk
SELL01958,49,0.14285714285714285,3.5,Platform Fulfilled,15.714285714285714,57826.719,14.29,26.5,Low Risk
SELL01959,10,0.1,2.1,Platform Fulfilled,20.5,7.2780000000000005,10.0,37.7,Medium Risk
SELL01960,28,0.5714285714285714,3.4,Seller Fulfilled,11.964285714285714,212335.02299999996,57.14,46.5,Medium Risk
SELL01961,24,0.5833333333333334,2.4,Seller Fulfilled,17.291666666666668,22683.768,58.33,57.7,Medium Risk
SELL01962,71,0.16901408450704225,3.7,Seller Fulfilled,14.366197183098592,10852.527,16.9,25.5,Low Risk
SELL01963,37,0.1891891891891892,4.5,Seller Fulfilled,18.64864864864865,4041.2340000000004,18.92,23.0,Low Risk
SELL01964,69,0.3188405797101449,3.2,Seller Fulfilled,15.652173913043478,130887.033,31.88,37.5,Medium Risk
SELL01965,41,0.14634146341463414,3.6,Platform Fulfilled,16.829268292682926,22969.2645,14.63,26.6,Low Risk
SELL01966,12,0.4166666666666667,4.3,Seller Fulfilled,9.583333333333334,4114.3994999999995,41.67,30.6,Low Risk
SELL01967,30,0.36666666666666664,3.1,Seller Fulfilled,10.833333333333334,3721.4490000000005,36.67,37.9,Medium Risk
SELL01968,41,0.24390243902439024,3.8,Platform Fulfilled,14.024390243902438,16097.872500000001,24.39,28.3,Low Risk
SELL01969,37,0.13513513513513514,4.1,Platform Fulfilled,16.486486486486488,8335.842,13.51,22.1,Low Risk
SELL01970,27,0.14814814814814814,4.0,Platform Fulfilled,17.22222222222222,346.503,14.81,23.9,Low Risk
SELL01971,29,0.3103448275862069,3.3,Seller Fulfilled,21.724137931034484,5340.8025,31.03,39.9,Medium Risk
SELL01972,53,0.41509433962264153,2.9,Seller Fulfilled,18.77358490566038,18066.5355,41.51,46.4,Medium Risk
SELL01973,32,0.0625,4.4,Seller Fulfilled,19.84375,3582.6389999999997,6.25,18.1,Low Risk
SELL01974,31,0.3870967741935484,3.8,Platform Fulfilled,9.838709677419354,125014.29449999999,38.71,33.0,Low Risk
SELL01975,76,0.15789473684210525,3.7,Seller Fulfilled,17.17105263157895,8363.595,15.79,26.6,Low Risk
SELL01976,34,0.2647058823529412,4.2,Platform Fulfilled,22.794117647058822,5628.789,26.47,31.5,Low Risk
SELL01977,43,0.3023255813953488,4.5,Platform Fulfilled,14.651162790697674,50614.97849999999,30.23,26.3,Low Risk
SELL01978,52,0.17307692307692307,3.8,Platform Fulfilled,13.846153846153847,41735.8275,17.31,24.7,Low Risk
SELL01979,67,0.26865671641791045,3.0,Platform Fulfilled,17.388059701492537,149770.99049999999,26.87,37.6,Medium Risk
SELL01980,22,0.36363636363636365,4.3,Seller Fulfilled,19.09090909090909,35930.12849999999,36.36,33.5,Medium Risk
SELL01981,47,0.0851063829787234,3.6,Platform Fulfilled,15.638297872340425,23428.777499999997,8.51,22.8,Low Risk
SELL01982,21,0.47619047619047616,3.2,Platform Fulfilled,12.619047619047619,49613.980500000005,47.62,43.6,Medium Risk
SELL01983,47,0.2765957446808511,4.8,Platform Fulfilled,19.361702127659573,17370.672,27.66,25.6,Low Risk
SELL01984,28,0.17857142857142858,3.4,Platform Fulfilled,19.642857142857142,2056.599,17.86,31.4,Low Risk
SELL01985,61,0.19672131147540983,5.0,Seller Fulfilled,14.59016393442623,91836.267,19.67,17.3,Low Risk
SELL01986,65,0.35384615384615387,4.2,Seller Fulfilled,16.076923076923077,32356.038,35.38,32.0,Low Risk
SELL01987,41,0.4146341463414634,2.7,Platform Fulfilled,11.585365853658537,83627.8485,41.46,43.7,Medium Risk
SELL01989,74,0.13513513513513514,4.2,Platform Fulfilled,16.554054054054053,5265.2895,13.51,21.4,Low Risk
SELL01990,14,0.5,2.7,Seller Fulfilled,8.571428571428571,47102.30249999999,50.0,46.2,Medium Risk
SELL01991,30,0.5666666666666667,2.7,Seller Fulfilled,19.833333333333332,15228.266999999998,56.67,56.1,Medium Risk
SELL01992,50,0.44,3.2,Platform Fulfilled,18.6,133467.16199999998,44.0,45.3,Medium Risk
SELL01993,43,0.3953488372093023,3.5,Seller Fulfilled,17.674418604651162,102552.8235,39.53,40.3,Medium Risk
SELL01994,45,0.1111111111111111,3.9,Seller Fulfilled,16.666666666666668,8615.817,11.11,22.5,Low Risk
SELL01995,20,0.4,4.3,Seller Fulfilled,20.5,97667.37599999999,40.0,36.2,Medium Risk
SELL01996,55,0.3090909090909091,3.6,Seller Fulfilled,14.363636363636363,85061.094,30.91,33.3,Medium Risk
SELL01997,44,0.2727272727272727,3.8,Seller Fulfilled,14.318181818181818,34945.3245,27.27,30.0,Low Risk
SELL01998,43,0.3488372093023256,4.4,Seller Fulfilled,14.30232558139535,16604.019,34.88,29.2,Low Risk
SELL01999,43,0.20930232558139536,3.8,Platform Fulfilled,21.3953488372093,4727.7164999999995,20.93,30.9,Low Risk
SELL02000,63,0.2222222222222222,3.7,Platform Fulfilled,13.88888888888889,6859.487999999999,22.22,27.9,Low Risk
SELL02001,27,0.5185185185185185,3.4,Seller Fulfilled,15.185185185185185,11747.208,51.85,45.8,Medium Risk
SELL02002,26,0.11538461538461539,4.2,Seller Fulfilled,13.26923076923077,7486.201499999999,11.54,18.4,Low Risk
SELL02003,23,0.30434782608695654,4.2,Seller Fulfilled,25.0,1286.4405000000002,30.43,34.8,Medium Risk
SELL02004,23,0.2608695652173913,4.3,Seller Fulfilled,20.869565217391305,19232.67,26.09,29.4,Low Risk
SELL02005,23,0.043478260869565216,4.1,Platform Fulfilled,13.91304347826087,1810.3814999999997,4.35,16.0,Low Risk
SELL02006,41,0.36585365853658536,2.7,Seller Fulfilled,21.097560975609756,16415.104499999998,36.59,46.8,Medium Risk
SELL02007,38,0.42105263157894735,3.2,Platform Fulfilled,21.05263157894737,50000.424,42.11,45.8,Medium Risk
SELL02008,84,0.42857142857142855,2.8,Platform Fulfilled,16.547619047619047,209231.95799999998,42.86,46.6,Medium Risk
SELL02009,49,0.16326530612244897,3.4,Seller Fulfilled,15.204081632653061,135512.16600000003,16.33,28.0,Low Risk
SELL02010,75,0.16,3.6,Platform Fulfilled,13.8,105886.062,16.0,25.5,Low Risk
SELL02011,46,0.06521739130434782,4.8,Seller Fulfilled,10.434782608695652,11919.587999999998,6.52,9.8,Low Risk
SELL02012,37,0.24324324324324326,3.8,Seller Fulfilled,13.108108108108109,27616.3755,24.32,27.7,Low Risk
SELL02013,83,0.1566265060240964,4.1,Seller Fulfilled,16.02409638554217,92420.10749999998,15.66,22.9,Low Risk
SELL02014,15,0.06666666666666667,3.3,Platform Fulfilled,13.333333333333334,2970.3959999999997,6.67,22.8,Low Risk
SELL02015,26,0.038461538461538464,4.2,Seller Fulfilled,8.846153846153847,132.6345,3.85,12.0,Low Risk
SELL02016,11,0.45454545454545453,5.0,Seller Fulfilled,13.181818181818182,75131.397,45.45,29.4,Low Risk
SELL02017,49,0.40816326530612246,3.3,Platform Fulfilled,14.693877551020408,117659.244,40.82,40.7,Medium Risk
SELL02018,19,0.21052631578947367,2.9,Seller Fulfilled,11.052631578947368,2254.605,21.05,31.7,Low Risk
SELL02019,47,0.23404255319148937,3.7,Platform Fulfilled,14.361702127659575,18775.911,23.4,28.8,Low Risk
SELL02020,66,0.16666666666666666,3.8,Platform Fulfilled,15.151515151515152,55881.488999999994,16.67,25.1,Low Risk
SELL02021,39,0.1282051282051282,3.6,Platform Fulfilled,18.076923076923077,67502.9265,12.82,26.4,Low Risk
SELL02022,29,0.3793103448275862,3.1,Seller Fulfilled,18.79310344827586,8437.003499999999,37.93,43.1,Medium Risk
SELL02023,16,0.25,4.3,Seller Fulfilled,14.6875,1830.3975,25.0,25.2,Low Risk
SELL02024,68,0.10294117647058823,4.8,Platform Fulfilled,16.544117647058822,12026.6595,10.29,15.2,Low Risk
SELL02025,37,0.32432432432432434,2.4,Platform Fulfilled,12.702702702702704,8392.8645,32.43,42.0,Medium Risk
SELL02026,69,0.6666666666666666,2.9,Platform Fulfilled,13.478260869565217,303139.8945,66.67,55.9,Medium Risk
SELL02027,15,0.26666666666666666,3.3,Platform Fulfilled,15.333333333333334,2150.007,26.67,34.0,Medium Risk
SELL02028,22,0.09090909090909091,3.7,Seller Fulfilled,17.954545454545453,2281.9965,9.09,23.7,Low Risk
SELL02029,43,0.4186046511627907,3.7,Platform Fulfilled,14.767441860465116,144904.6515,41.86,38.3,Medium Risk
SELL02030,26,0.038461538461538464,4.2,Platform Fulfilled,17.307692307692307,534.987,3.85,16.9,Low Risk
SELL02031,12,0.25,4.4,Platform Fulfilled,15.833333333333334,1603.4175,25.0,25.2,Low Risk
SELL02032,50,0.18,5.0,Seller Fulfilled,16.3,6042.132,18.0,17.5,Low Risk
SELL02033,58,0.034482758620689655,3.6,Platform Fulfilled,20.862068965517242,896.3505,3.45,23.3,Low Risk
SELL02034,67,0.208955223880597,3.9,Platform Fulfilled,16.791044776119403,16590.2985,20.9,27.4,Low Risk
SELL02035,42,0.21428571428571427,4.2,Platform Fulfilled,17.857142857142858,4523.7015,21.43,26.1,Low Risk
SELL02036,8,0.25,3.4,Platform Fulfilled,8.125,39145.002,25.0,28.2,Low Risk
SELL02037,60,0.18333333333333332,4.3,Seller Fulfilled,18.75,37546.6845,18.33,24.3,Low Risk
SELL02038,42,0.07142857142857142,4.4,Platform Fulfilled,19.285714285714285,2044.1354999999999,7.14,18.2,Low Risk
SELL02039,24,0.3333333333333333,3.0,Platform Fulfilled,17.5,6555.335999999999,33.33,40.8,Medium Risk
SELL02040,65,0.4,3.4,Seller Fulfilled,17.692307692307693,133059.3675,40.0,41.3,Medium Risk
SELL02041,48,0.4375,3.1,Platform Fulfilled,17.8125,132178.30049999998,43.75,45.5,Medium Risk
SELL02042,35,0.14285714285714285,3.7,Seller Fulfilled,17.428571428571427,24641.979,14.29,26.0,Low Risk
SELL02043,34,0.29411764705882354,3.4,Seller Fulfilled,15.147058823529411,7864.928999999999,29.41,34.5,Medium Risk
SELL02044,50,0.06,3.7,Platform Fulfilled,13.6,400.13849999999996,6.0,19.6,Low Risk
SELL02045,42,0.07142857142857142,4.2,Platform Fulfilled,17.023809523809526,8283.9135,7.14,18.4,Low Risk
SELL02046,41,0.2926829268292683,3.5,Seller Fulfilled,16.951219512195124,56936.613,29.27,34.7,Medium Risk
SELL02047,63,0.20634920634920634,4.6,Platform Fulfilled,12.619047619047619,94927.75949999999,20.63,19.6,Low Risk
SELL02048,31,0.45161290322580644,3.3,Seller Fulfilled,15.483870967741936,81370.854,45.16,43.3,Medium Risk
SELL02049,67,0.47761194029850745,3.3,Seller Fulfilled,17.388059701492537,144646.5135,47.76,45.8,Medium Risk
SELL02050,29,0.3448275862068966,4.1,Seller Fulfilled,21.896551724137932,7332.027,34.48,35.7,Medium Risk
SELL02051,55,0.09090909090909091,3.9,Seller Fulfilled,13.363636363636363,925.1595000000001,9.09,19.5,Low Risk
SELL02052,71,0.09859154929577464,3.5,Seller Fulfilled,16.056338028169016,37316.62049999999,9.86,24.5,Low Risk
SELL02053,12,0.0,4.5,Seller Fulfilled,14.166666666666666,0.0,0.0,11.0,Low Risk
SELL02054,44,0.25,3.6,Platform Fulfilled,16.363636363636363,55270.905000000006,25.0,31.5,Low Risk
SELL02055,98,0.23469387755102042,4.0,Seller Fulfilled,18.418367346938776,47095.104,23.47,29.0,Low Risk
SELL02056,46,0.2826086956521739,3.1,Platform Fulfilled,14.673913043478262,141735.33899999998,28.26,35.9,Medium Risk
SELL02057,65,0.24615384615384617,4.1,Seller Fulfilled,19.615384615384617,163850.9235,24.62,29.4,Low Risk
SELL02058,30,0.36666666666666664,3.0,Seller Fulfilled,19.5,107406.798,36.67,43.7,Medium Risk
SELL02059,26,0.4230769230769231,3.3,Seller Fulfilled,13.653846153846153,2745.612,42.31,40.8,Medium Risk
SELL02060,50,0.16,4.5,Platform Fulfilled,16.3,14922.563999999998,16.0,20.2,Low Risk
SELL02061,38,0.34210526315789475,3.7,Seller Fulfilled,18.026315789473685,19225.798499999997,34.21,36.3,Medium Risk
SELL02062,53,0.20754716981132076,4.5,Platform Fulfilled,16.32075471698113,4854.6539999999995,20.75,22.6,Low Risk
SELL02063,27,0.07407407407407407,4.9,Seller Fulfilled,16.666666666666668,1178.9759999999999,7.41,13.1,Low Risk
SELL02064,17,0.35294117647058826,3.7,Seller Fulfilled,11.470588235294118,5785.9455,35.29,33.0,Low Risk
SELL02065,60,0.38333333333333336,3.6,Seller Fulfilled,16.25,94833.4665,38.33,38.1,Medium Risk
SELL02066,64,0.203125,4.5,Seller Fulfilled,15.546875,50099.064,20.31,21.9,Low Risk
SELL02067,19,0.2631578947368421,4.1,Seller Fulfilled,14.473684210526315,4485.9465,26.32,27.3,Low Risk
SELL02068,22,0.45454545454545453,3.4,Seller Fulfilled,18.181818181818183,55728.847499999996,45.45,44.3,Medium Risk
SELL02069,51,0.09803921568627451,4.2,Platform Fulfilled,18.92156862745098,12847.251,9.8,20.9,Low Risk
SELL02070,118,0.4915254237288136,2.3,Seller Fulfilled,12.838983050847459,400320.94499999995,49.15,51.3,Medium Risk
SELL02071,40,0.175,3.5,Platform Fulfilled,14.875,1548.8400000000001,17.5,27.6,Low Risk
SELL02072,26,0.19230769230769232,3.5,Platform Fulfilled,19.807692307692307,3021.0764999999997,19.23,31.4,Low Risk
SELL02073,32,0.125,3.8,Seller Fulfilled,15.3125,96725.5665,12.5,23.1,Low Risk
SELL02074,35,0.11428571428571428,3.7,Seller Fulfilled,18.428571428571427,1816.6019999999999,11.43,25.2,Low Risk
SELL02075,102,0.17647058823529413,3.9,Seller Fulfilled,14.803921568627452,27459.251999999997,17.65,24.6,Low Risk
SELL02076,50,0.28,4.2,Platform Fulfilled,20.0,29402.4075,28.0,30.6,Low Risk
SELL02077,33,0.2727272727272727,3.2,Platform Fulfilled,17.727272727272727,52268.5245,27.27,36.4,Medium Risk
SELL02078,64,0.1875,3.8,Platform Fulfilled,16.71875,50021.1555,18.75,27.1,Low Risk
SELL02079,28,0.14285714285714285,4.0,Seller Fulfilled,17.857142857142858,2383.995,14.29,24.0,Low Risk
SELL02080,32,0.25,3.2,Seller Fulfilled,13.28125,35428.5825,25.0,32.7,Low Risk
SELL02081,58,0.29310344827586204,4.3,Platform Fulfilled,20.25862068965517,79954.557,29.31,30.7,Low Risk
SELL02082,43,0.20930232558139536,4.0,Platform Fulfilled,21.627906976744185,20041.71,20.93,29.5,Low Risk
SELL02083,47,0.5531914893617021,3.4,Seller Fulfilled,17.127659574468087,216432.291,55.32,48.6,Medium Risk
SELL02084,54,0.5555555555555556,2.4,Platform Fulfilled,17.40740740740741,189603.41099999996,55.56,56.4,Medium Risk
SELL02085,29,0.27586206896551724,4.3,Seller Fulfilled,17.06896551724138,23078.373,27.59,28.0,Low Risk
SELL02086,22,0.09090909090909091,4.5,Platform Fulfilled,12.5,2283.1875,9.09,14.5,Low Risk
SELL02087,47,0.2553191489361702,4.0,Seller Fulfilled,15.957446808510639,70132.4355,25.53,28.5,Low Risk
SELL02088,49,0.6530612244897959,2.9,Seller Fulfilled,16.020408163265305,73457.964,65.31,56.7,Medium Risk
SELL02089,88,0.20454545454545456,3.6,Platform Fulfilled,13.352272727272727,128692.09800000001,20.45,27.5,Low Risk
SELL02090,40,0.2,4.1,Platform Fulfilled,19.375,8202.456000000002,20.0,27.0,Low Risk
SELL02091,42,0.11904761904761904,5.0,Platform Fulfilled,18.214285714285715,10435.662,11.9,15.5,Low Risk
SELL02092,21,0.14285714285714285,3.7,Seller Fulfilled,14.523809523809524,23617.3185,14.29,24.3,Low Risk
SELL02093,19,0.21052631578947367,3.8,Seller Fulfilled,13.421052631578947,1434.6029999999998,21.05,26.3,Low Risk
SELL02094,44,0.20454545454545456,3.9,Platform Fulfilled,12.5,30788.751,20.45,24.7,Low Risk
SELL02095,18,0.1111111111111111,4.3,Platform Fulfilled,18.333333333333332,1661.3235,11.11,20.4,Low Risk
SELL02096,63,0.4126984126984127,2.9,Seller Fulfilled,14.206349206349206,191145.01349999997,41.27,43.6,Medium Risk
SELL02097,33,0.2727272727272727,4.3,Platform Fulfilled,19.545454545454547,132912.714,27.27,29.3,Low Risk
SELL02098,28,0.25,4.1,Platform Fulfilled,16.607142857142858,4160.9475,25.0,27.9,Low Risk
SELL02099,45,0.2222222222222222,4.0,Platform Fulfilled,13.444444444444445,103490.71800000001,22.22,25.4,Low Risk
SELL02100,28,0.17857142857142858,4.7,Seller Fulfilled,19.642857142857142,32480.065499999997,17.86,21.6,Low Risk
SELL02101,89,0.5168539325842697,2.9,Seller Fulfilled,20.617977528089888,50670.263999999996,51.69,52.6,Medium Risk
SELL02102,82,0.2804878048780488,3.4,Platform Fulfilled,17.5609756097561,122067.927,28.05,35.2,Medium Risk
SELL02103,22,0.09090909090909091,4.3,Platform Fulfilled,22.045454545454547,6079.761,9.09,21.6,Low Risk
SELL02104,14,0.5714285714285714,3.4,Seller Fulfilled,19.642857142857142,124119.1515,57.14,51.0,Medium Risk
SELL02105,74,0.14864864864864866,4.9,Platform Fulfilled,15.54054054054054,29706.2085,14.86,16.2,Low Risk
SELL02106,56,0.14285714285714285,3.8,Platform Fulfilled,18.928571428571427,9774.170999999998,14.29,26.2,Low Risk
SELL02107,62,0.22580645161290322,3.6,Seller Fulfilled,16.85483870967742,159422.36849999998,22.58,30.6,Low Risk
SELL02108,17,0.058823529411764705,4.6,Seller Fulfilled,17.647058823529413,2524.8179999999998,5.88,15.2,Low Risk
SELL02109,49,0.1836734693877551,4.2,Seller Fulfilled,13.36734693877551,7774.604999999999,18.37,21.9,Low Risk
SELL02110,60,0.21666666666666667,4.3,Seller Fulfilled,12.0,5538.504,21.67,22.0,Low Risk
SELL02111,35,0.14285714285714285,3.9,Platform Fulfilled,15.714285714285714,2445.267,14.29,23.5,Low Risk
SELL02112,77,0.2077922077922078,4.0,Platform Fulfilled,18.246753246753247,27242.724000000002,20.78,27.5,Low Risk
SELL02113,70,0.22857142857142856,4.3,Seller Fulfilled,18.071428571428573,67594.5285,22.86,26.2,Low Risk
SELL02114,38,0.23684210526315788,4.1,Seller Fulfilled,19.736842105263158,14401.170000000002,23.68,29.1,Low Risk
SELL02115,24,0.2916666666666667,4.4,Platform Fulfilled,19.583333333333332,1615.1399999999999,29.17,29.5,Low Risk
SELL02116,53,0.22641509433962265,4.7,Seller Fulfilled,14.81132075471698,60467.266500000005,22.64,21.1,Low Risk
SELL02117,95,0.6105263157894737,2.7,Seller Fulfilled,13.210526315789474,155333.54249999995,61.05,54.4,Medium Risk
SELL02118,29,0.4827586206896552,3.0,Seller Fulfilled,18.79310344827586,167931.19199999998,48.28,49.1,Medium Risk
SELL02119,41,0.21951219512195122,4.3,Seller Fulfilled,17.195121951219512,44552.3955,21.95,25.2,Low Risk
SELL02120,32,0.53125,3.3,Seller Fulfilled,13.28125,115125.3585,53.12,46.0,Medium Risk
SELL02121,38,0.07894736842105263,3.9,Platform Fulfilled,23.55263157894737,2101.2915,7.89,24.9,Low Risk
SELL02122,37,0.40540540540540543,2.9,Platform Fulfilled,14.72972972972973,192607.854,40.54,43.5,Medium Risk
SELL02123,18,0.3888888888888889,4.4,Platform Fulfilled,13.333333333333334,54093.1035,38.89,30.7,Low Risk
SELL02124,40,0.3,2.1,Platform Fulfilled,20.0,8650.671,30.0,47.4,Medium Risk
SELL02125,23,0.13043478260869565,4.3,Seller Fulfilled,19.130434782608695,5120.8679999999995,13.04,21.9,Low Risk
SELL02126,46,0.1956521739130435,4.1,Platform Fulfilled,17.17391304347826,63679.856999999996,19.57,25.5,Low Risk
SELL02127,34,0.20588235294117646,3.4,Seller Fulfilled,20.147058823529413,72311.94,20.59,33.0,Low Risk
SELL02128,19,0.21052631578947367,3.6,Seller Fulfilled,16.57894736842105,4947.8415,21.05,29.7,Low Risk
SELL02129,56,0.4107142857142857,4.1,Seller Fulfilled,17.767857142857142,127372.38900000001,41.07,36.6,Medium Risk
SELL02130,29,0.13793103448275862,4.8,Seller Fulfilled,13.96551724137931,2377.893,13.79,15.5,Low Risk
SELL02131,9,0.2222222222222222,4.3,Seller Fulfilled,10.555555555555555,31983.405,22.22,21.4,Low Risk
SELL02132,95,0.2,4.4,Platform Fulfilled,12.105263157894736,31131.270000000004,20.0,20.5,Low Risk
SELL02133,21,0.23809523809523808,4.3,Platform Fulfilled,10.714285714285714,60838.681500000006,23.81,22.3,Low Risk
SELL02134,23,0.17391304347826086,4.4,Seller Fulfilled,18.91304347826087,3955.2,17.39,23.2,Low Risk
SELL02135,58,0.43103448275862066,3.1,Seller Fulfilled,14.39655172413793,80457.0645,43.1,43.1,Medium Risk
SELL02136,50,0.32,3.2,Seller Fulfilled,20.6,17283.375,32.0,40.5,Medium Risk
SELL02137,19,0.05263157894736842,3.1,Platform Fulfilled,11.842105263157896,530.664,5.26,22.7,Low Risk
SELL02138,21,0.0,4.9,Platform Fulfilled,13.80952380952381,0.0,0.0,7.8,Low Risk
SELL02139,19,0.2631578947368421,3.1,Seller Fulfilled,10.526315789473685,986.2394999999999,26.32,32.5,Low Risk
SELL02140,41,0.04878048780487805,4.7,Platform Fulfilled,15.487804878048781,24515.7075,4.88,12.7,Low Risk
SELL02141,69,0.2753623188405797,4.3,Seller Fulfilled,14.63768115942029,40123.3515,27.54,26.5,Low Risk
SELL02142,31,0.41935483870967744,3.8,Platform Fulfilled,11.935483870967742,107618.97,41.94,35.8,Medium Risk
SELL02143,54,0.2037037037037037,3.9,Seller Fulfilled,15.462962962962964,89153.32949999999,20.37,26.4,Low Risk
SELL02144,56,0.2857142857142857,3.1,Platform Fulfilled,14.821428571428571,33256.835999999996,28.57,36.1,Medium Risk
SELL02145,100,0.29,4.2,Seller Fulfilled,14.7,160070.3565,29.0,28.0,Low Risk
SELL02146,21,0.2857142857142857,4.6,Seller Fulfilled,15.952380952380953,4829.124,28.57,25.6,Low Risk
SELL02147,38,0.2631578947368421,3.7,Seller Fulfilled,13.947368421052632,45986.46299999999,26.32,30.0,Low Risk
SELL02148,49,0.22448979591836735,4.7,Seller Fulfilled,15.510204081632653,72397.3365,22.45,21.4,Low Risk
SELL02149,51,0.17647058823529413,3.9,Seller Fulfilled,15.882352941176471,4369.7985,17.65,25.2,Low Risk
SELL02150,54,0.2037037037037037,3.9,Platform Fulfilled,14.722222222222221,12341.0145,20.37,26.0,Low Risk
SELL02151,28,0.03571428571428571,4.4,Seller Fulfilled,17.857142857142858,120.4125,3.57,15.7,Low Risk
SELL02152,39,0.07692307692307693,3.6,Platform Fulfilled,13.076923076923077,740.169,7.69,20.9,Low Risk
SELL02153,83,0.26506024096385544,3.5,Seller Fulfilled,15.662650602409638,102756.7155,26.51,32.6,Low Risk
SELL02154,10,0.0,3.8,Seller Fulfilled,20.5,0.0,0.0,19.9,Low Risk
SELL02155,33,0.12121212121212122,4.5,Seller Fulfilled,23.78787878787879,19505.065499999997,12.12,22.6,Low Risk
SELL02156,68,0.29411764705882354,4.0,Seller Fulfilled,15.808823529411764,97419.177,29.41,30.4,Low Risk
SELL02157,17,0.11764705882352941,3.8,Platform Fulfilled,18.235294117647058,8813.328,11.76,24.5,Low Risk
SELL02158,40,0.275,3.8,Platform Fulfilled,22.125,32554.393500000002,27.5,34.6,Medium Risk
SELL02159,40,0.125,3.8,Platform Fulfilled,19.125,21360.78,12.5,25.4,Low Risk
SELL02160,40,0.475,2.8,Seller Fulfilled,16.375,12069.9255,47.5,48.8,Medium Risk
SELL02161,13,0.3076923076923077,3.0,Seller Fulfilled,8.846153846153847,37558.644,30.77,34.5,Medium Risk
SELL02162,51,0.35294117647058826,3.3,Platform Fulfilled,12.745098039215685,108918.86999999998,35.29,36.8,Medium Risk
SELL02163,40,0.15,4.4,Platform Fulfilled,19.75,15416.587500000001,15.0,22.5,Low Risk
SELL02164,32,0.40625,2.8,Seller Fulfilled,17.8125,10301.484,40.62,46.1,Medium Risk
SELL02165,30,0.5666666666666667,2.3,Platform Fulfilled,19.666666666666668,3808.0305,56.67,59.0,Medium Risk
SELL02166,26,0.3076923076923077,3.7,Platform Fulfilled,14.615384615384615,5683.0575,30.77,32.6,Low Risk
SELL02167,60,0.25,3.8,Seller Fulfilled,18.0,106998.5925,25.0,31.0,Low Risk
SELL02168,33,0.030303030303030304,5.0,Seller Fulfilled,19.393939393939394,269.895,3.03,11.8,Low Risk
SELL02169,22,0.3181818181818182,4.3,Platform Fulfilled,19.318181818181817,97744.27050000001,31.82,31.4,Low Risk
SELL02170,20,0.45,4.5,Seller Fulfilled,22.75,118929.46800000001,45.0,38.5,Medium Risk
SELL02171,42,0.35714285714285715,4.0,Seller Fulfilled,17.738095238095237,20062.623,35.71,34.7,Medium Risk
SELL02172,91,0.2857142857142857,4.3,Platform Fulfilled,16.263736263736263,51808.684499999996,28.57,28.0,Low Risk
SELL02173,36,0.4722222222222222,3.5,Seller Fulfilled,17.5,12750.020999999999,47.22,44.0,Medium Risk
SELL02174,20,0.3,2.9,Seller Fulfilled,19.25,1527.3,30.0,40.9,Medium Risk
SELL02175,46,0.13043478260869565,4.8,Platform Fulfilled,17.608695652173914,9347.7945,13.04,17.2,Low Risk
SELL02176,32,0.375,2.7,Seller Fulfilled,13.75,6423.938999999999,37.5,43.0,Medium Risk
SELL02177,30,0.2,4.2,Seller Fulfilled,17.833333333333332,64876.3215,20.0,25.4,Low Risk
SELL02178,64,0.28125,3.8,Seller Fulfilled,16.5625,118547.15399999998,28.12,31.6,Low Risk
SELL02179,76,0.18421052631578946,3.8,Seller Fulfilled,12.5,17859.922499999997,18.42,24.4,Low Risk
SELL02180,46,0.21739130434782608,4.4,Platform Fulfilled,15.0,15715.117499999998,21.74,23.0,Low Risk
SELL02181,50,0.36,2.9,Platform Fulfilled,17.0,25192.6035,36.0,42.6,Medium Risk
SELL02182,29,0.41379310344827586,3.3,Platform Fulfilled,18.448275862068964,80913.1785,41.38,43.2,Medium Risk
SELL02183,37,0.16216216216216217,3.6,Seller Fulfilled,17.83783783783784,2016.5549999999998,16.22,28.0,Low Risk
SELL02184,5,0.4,3.0,Seller Fulfilled,36.0,17256.881999999998,40.0,55.0,Medium Risk
SELL02185,28,0.35714285714285715,3.3,Seller Fulfilled,15.178571428571429,11000.686500000002,35.71,38.4,Medium Risk
SELL02186,31,0.16129032258064516,3.7,Seller Fulfilled,14.838709677419354,17250.567000000003,16.13,25.4,Low Risk
SELL02187,23,0.5652173913043478,3.0,Seller Fulfilled,17.608695652173914,5443.3544999999995,56.52,52.5,Medium Risk
SELL02188,20,0.3,3.8,Seller Fulfilled,16.5,61483.669499999996,30.0,32.6,Low Risk
SELL02189,47,0.44680851063829785,2.2,Platform Fulfilled,15.74468085106383,12314.440499999999,44.68,51.5,Medium Risk
SELL02190,6,1.0,3.3,Seller Fulfilled,28.333333333333332,86057.8035,100.0,78.2,High Risk
SELL02191,12,0.4166666666666667,3.0,Seller Fulfilled,10.833333333333334,17252.379,41.67,41.1,Medium Risk
SELL02192,17,0.23529411764705882,3.9,Seller Fulfilled,19.41176470588235,18855.9915,23.53,30.3,Low Risk
SELL02193,31,0.12903225806451613,4.5,Seller Fulfilled,14.67741935483871,38793.373499999994,12.9,17.7,Low Risk
SELL02194,33,0.42424242424242425,3.3,Seller Fulfilled,23.03030303030303,96354.2595,42.42,46.4,Medium Risk
SELL02195,37,0.3783783783783784,3.1,Seller Fulfilled,22.83783783783784,163831.60199999998,37.84,45.4,Medium Risk
SELL02196,46,0.043478260869565216,4.4,Seller Fulfilled,18.152173913043477,1179.654,4.35,16.2,Low Risk
SELL02197,19,0.2631578947368421,4.2,Platform Fulfilled,14.473684210526315,74044.413,26.32,26.5,Low Risk
SELL02198,36,0.4444444444444444,3.5,Seller Fulfilled,15.833333333333334,181082.03999999998,44.44,41.6,Medium Risk
SELL02199,59,0.22033898305084745,3.1,Seller Fulfilled,13.559322033898304,7193.643,22.03,32.1,Low Risk
SELL02200,45,0.08888888888888889,3.8,Platform Fulfilled,15.222222222222221,2374.2555,8.89,21.3,Low Risk
SELL02201,7,0.2857142857142857,3.5,Seller Fulfilled,33.57142857142857,16783.872,28.57,44.1,Medium Risk
SELL02202,59,0.288135593220339,3.8,Platform Fulfilled,16.949152542372882,40910.1765,28.81,32.2,Low Risk
SELL02203,23,0.43478260869565216,1.9,Platform Fulfilled,27.82608695652174,92365.1175,43.48,60.2,Medium Risk
SELL02204,23,0.43478260869565216,2.9,Platform Fulfilled,19.782608695652176,6776.4705,43.48,48.0,Medium Risk
SELL02205,31,0.12903225806451613,4.2,Seller Fulfilled,17.741935483870968,2134.8885,12.9,21.8,Low Risk
SELL02206,54,0.5555555555555556,2.1,Platform Fulfilled,15.74074074074074,51542.081999999995,55.56,57.7,Medium Risk
SELL02207,46,0.391304347826087,4.1,Seller Fulfilled,15.108695652173912,57307.58249999999,39.13,34.1,Medium Risk
SELL02208,59,0.11864406779661017,4.5,Seller Fulfilled,17.45762711864407,63300.854999999996,11.86,18.8,Low Risk
SELL02209,6,0.16666666666666666,4.7,Seller Fulfilled,18.333333333333332,690.783,16.67,20.2,Low Risk
SELL02210,15,0.26666666666666666,3.4,Seller Fulfilled,20.0,12215.936999999998,26.67,36.0,Medium Risk
SELL02211,52,0.36538461538461536,2.6,Seller Fulfilled,15.576923076923077,169317.6,36.54,44.3,Medium Risk
SELL02212,61,0.16393442622950818,4.2,Platform Fulfilled,14.672131147540984,11677.258499999998,16.39,21.7,Low Risk
SELL02213,59,0.1864406779661017,4.1,Seller Fulfilled,16.1864406779661,10008.774,18.64,24.4,Low Risk
SELL02214,12,0.08333333333333333,3.5,Seller Fulfilled,6.666666666666667,813.657,8.33,18.2,Low Risk
SELL02215,31,0.1935483870967742,3.8,Seller Fulfilled,14.03225806451613,56840.657999999996,19.35,25.8,Low Risk
SELL02216,23,0.17391304347826086,5.0,Seller Fulfilled,13.91304347826087,1445.8845,17.39,15.8,Low Risk
SELL02217,36,0.1111111111111111,3.5,Platform Fulfilled,12.777777777777779,3619.071,11.11,23.2,Low Risk
SELL02218,61,0.18032786885245902,3.8,Seller Fulfilled,15.081967213114755,23810.162999999997,18.03,25.7,Low Risk
SELL02219,36,0.4722222222222222,2.9,Seller Fulfilled,13.333333333333334,14026.396499999997,47.22,46.1,Medium Risk
SELL02220,47,0.0851063829787234,4.8,Seller Fulfilled,19.78723404255319,2813.7225,8.51,16.2,Low Risk
SELL02221,36,0.16666666666666666,4.6,Seller Fulfilled,15.277777777777779,19959.961500000005,16.67,19.2,Low Risk
SELL02222,35,0.2571428571428571,4.2,Platform Fulfilled,18.857142857142858,86983.4145,25.71,28.8,Low Risk
SELL02223,46,0.1956521739130435,3.7,Platform Fulfilled,20.434782608695652,89976.99149999999,19.57,30.4,Low Risk
SELL02225,18,0.2222222222222222,4.0,Seller Fulfilled,16.666666666666668,3538.4310000000005,22.22,27.3,Low Risk
SELL02226,77,0.2077922077922078,3.7,Platform Fulfilled,14.935064935064934,12981.342,20.78,27.8,Low Risk
SELL02227,20,0.05,3.4,Platform Fulfilled,16.75,69.29249999999999,5.0,23.2,Low Risk
SELL02228,70,0.17142857142857143,4.1,Platform Fulfilled,14.714285714285714,8085.143999999999,17.14,22.8,Low Risk
SELL02229,69,0.13043478260869565,4.6,Platform Fulfilled,16.52173913043478,34045.4565,13.04,18.1,Low Risk
SELL02230,43,0.37209302325581395,3.8,Platform Fulfilled,18.13953488372093,77749.5375,37.21,37.1,Medium Risk
SELL02231,31,0.3870967741935484,3.3,Seller Fulfilled,15.483870967741936,54507.41100000001,38.71,40.1,Medium Risk
SELL02232,57,0.17543859649122806,4.3,Seller Fulfilled,13.68421052631579,106106.9025,17.54,20.9,Low Risk
SELL02233,51,0.21568627450980393,4.5,Platform Fulfilled,17.45098039215686,32624.756999999998,21.57,23.7,Low Risk
SELL02234,60,0.26666666666666666,3.4,Seller Fulfilled,15.166666666666666,5917.432499999999,26.67,33.1,Medium Risk
SELL02235,55,0.14545454545454545,5.0,Platform Fulfilled,15.636363636363637,11905.896,14.55,15.3,Low Risk
SELL02236,75,0.12,4.6,Seller Fulfilled,15.466666666666667,55276.3845,12.0,17.0,Low Risk
SELL02237,43,0.11627906976744186,3.6,Seller Fulfilled,21.976744186046513,32664.7755,11.63,28.1,Low Risk
SELL02238,24,0.25,3.4,Platform Fulfilled,15.416666666666666,47673.282,25.0,32.4,Low Risk
SELL02239,34,0.20588235294117646,3.7,Platform Fulfilled,21.176470588235293,55457.5215,20.59,31.4,Low Risk
SELL02240,11,0.09090909090909091,3.1,Seller Fulfilled,9.545454545454545,68.22,9.09,23.3,Low Risk
SELL02241,39,0.10256410256410256,4.0,Platform Fulfilled,16.666666666666668,1135.4085,10.26,21.3,Low Risk
SELL02243,21,0.14285714285714285,3.1,Platform Fulfilled,21.428571428571427,1195.0739999999998,14.29,32.9,Low Risk
SELL02244,24,0.375,3.2,Seller Fulfilled,17.291666666666668,65893.3425,37.5,41.3,Medium Risk
SELL02245,64,0.390625,3.4,Seller Fulfilled,16.09375,80410.5375,39.06,39.9,Medium Risk
SELL02246,9,0.1111111111111111,3.4,Seller Fulfilled,21.666666666666668,102.57300000000001,11.11,29.2,Low Risk
SELL02247,34,0.14705882352941177,3.6,Platform Fulfilled,17.794117647058822,5090.289,14.71,27.2,Low Risk
SELL02248,10,0.1,2.4,Platform Fulfilled,11.0,34.569,10.0,29.8,Low Risk
SELL02249,42,0.5,3.2,Seller Fulfilled,15.119047619047619,141475.31699999998,50.0,46.3,Medium Risk
SELL02250,56,0.39285714285714285,3.4,Platform Fulfilled,14.910714285714286,72166.644,39.29,39.3,Medium Risk
SELL02251,37,0.32432432432432434,4.2,Seller Fulfilled,22.83783783783784,94751.082,32.43,34.5,Medium Risk
SELL02252,35,0.08571428571428572,5.0,Seller Fulfilled,15.142857142857142,2311.1639999999998,8.57,12.1,Low Risk
SELL02253,6,0.3333333333333333,3.6,Seller Fulfilled,9.166666666666666,1299.2055,33.33,31.4,Low Risk
SELL02254,7,0.42857142857142855,3.7,Seller Fulfilled,6.428571428571429,567.24,42.86,33.9,Medium Risk
SELL02255,36,0.25,3.1,Seller Fulfilled,18.055555555555557,8253.913499999999,25.0,36.2,Medium Risk
SELL02256,16,0.125,3.6,Seller Fulfilled,10.9375,5191.9545,12.5,22.1,Low Risk
SELL02257,35,0.14285714285714285,4.6,Platform Fulfilled,17.285714285714285,39986.76,14.29,19.2,Low Risk
SELL02258,69,0.3188405797101449,3.5,Platform Fulfilled,16.73913043478261,172558.431,31.88,35.9,Medium Risk
SELL02259,12,0.08333333333333333,5.0,Seller Fulfilled,10.416666666666666,31.647,8.33,9.2,Low Risk
SELL02260,36,0.3611111111111111,3.3,Seller Fulfilled,14.722222222222221,146810.2425,36.11,38.3,Medium Risk
SELL02261,55,0.12727272727272726,4.2,Platform Fulfilled,14.727272727272727,26452.604999999996,12.73,19.9,Low Risk
SELL02262,47,0.02127659574468085,4.5,Platform Fulfilled,17.659574468085108,61.3365,2.13,14.1,Low Risk
SELL02263,29,0.10344827586206896,2.7,Seller Fulfilled,14.655172413793103,582.9300000000001,10.34,29.9,Low Risk
SELL02264,36,0.2222222222222222,4.2,Seller Fulfilled,15.13888888888889,6705.507,22.22,24.9,Low Risk
SELL02265,55,0.23636363636363636,3.9,Platform Fulfilled,17.0,14065.1745,23.64,28.9,Low Risk
SELL02266,54,0.24074074074074073,3.6,Seller Fulfilled,15.925925925925926,11155.261499999997,24.07,30.8,Low Risk
SELL02267,62,0.3225806451612903,3.0,Platform Fulfilled,15.806451612903226,38546.068499999994,32.26,39.3,Medium Risk
SELL02268,33,0.15151515151515152,4.4,Seller Fulfilled,15.454545454545455,8598.1335,15.15,20.1,Low Risk
SELL02269,39,0.5641025641025641,2.1,Seller Fulfilled,14.871794871794872,145604.76899999997,56.41,57.6,Medium Risk
SELL02270,41,0.17073170731707318,3.8,Platform Fulfilled,17.804878048780488,11112.398999999998,17.07,26.9,Low Risk
SELL02271,39,0.2564102564102564,3.6,Seller Fulfilled,17.307692307692307,113794.39949999998,25.64,32.3,Low Risk
SELL02272,42,0.3333333333333333,2.5,Platform Fulfilled,14.166666666666666,42611.7645,33.33,42.6,Medium Risk
SELL02273,43,0.46511627906976744,3.2,Platform Fulfilled,16.627906976744185,204783.14549999998,46.51,45.4,Medium Risk
SELL02274,64,0.3125,3.9,Seller Fulfilled,12.734375,87840.8775,31.25,30.2,Low Risk
SELL02275,22,0.18181818181818182,5.0,Platform Fulfilled,17.727272727272727,2869.272,18.18,18.4,Low Risk
SELL02276,24,0.5833333333333334,3.1,Platform Fulfilled,24.791666666666668,36928.9455,58.33,56.8,Medium Risk
SELL02278,46,0.41304347826086957,3.0,Seller Fulfilled,15.108695652173912,30963.196500000002,41.3,43.4,Medium Risk
SELL02279,45,0.2222222222222222,2.3,Platform Fulfilled,15.555555555555555,35226.9975,22.22,39.4,Medium Risk
SELL02280,98,0.16326530612244897,4.8,Seller Fulfilled,18.010204081632654,60156.2235,16.33,19.1,Low Risk
SELL02281,44,0.18181818181818182,3.6,Seller Fulfilled,17.272727272727273,82587.96449999999,18.18,28.6,Low Risk
SELL02282,8,0.125,3.3,Seller Fulfilled,19.375,385.80899999999997,12.5,29.3,Low Risk
SELL02284,58,0.43103448275862066,3.3,Platform Fulfilled,14.655172413793103,178263.83249999996,43.1,41.8,Medium Risk
SELL02285,28,0.5714285714285714,2.8,Platform Fulfilled,18.392857142857142,96836.66100000001,57.14,54.7,Medium Risk
SELL02286,66,0.22727272727272727,4.9,Seller Fulfilled,15.757575757575758,93971.7765,22.73,20.2,Low Risk
SELL02287,68,0.38235294117647056,2.7,Platform Fulfilled,13.455882352941176,67642.863,38.24,43.1,Medium Risk
SELL02288,23,0.13043478260869565,5.0,Seller Fulfilled,15.869565217391305,898.1745,13.04,14.7,Low Risk
SELL02289,42,0.047619047619047616,3.9,Seller Fulfilled,15.0,1347.2040000000002,4.76,18.4,Low Risk
SELL02290,55,0.16363636363636364,4.4,Platform Fulfilled,16.272727272727273,7578.3915,16.36,21.1,Low Risk
SELL02291,43,0.16279069767441862,3.8,Platform Fulfilled,12.44186046511628,2227.542,16.28,23.3,Low Risk
SELL02292,48,0.2916666666666667,3.5,Seller Fulfilled,16.041666666666668,28407.353999999996,29.17,34.2,Medium Risk
SELL02293,41,0.36585365853658536,3.3,Platform Fulfilled,16.585365853658537,4670.994000000001,36.59,39.7,Medium Risk
SELL02294,28,0.25,5.0,Platform Fulfilled,15.0,19408.4385,25.0,20.2,Low Risk
SELL02295,43,0.23255813953488372,3.9,Seller Fulfilled,14.418604651162791,5807.0085,23.26,27.3,Low Risk
SELL02296,48,0.125,4.6,Seller Fulfilled,14.0625,3819.3854999999994,12.5,16.4,Low Risk
SELL02297,27,0.2962962962962963,4.2,Seller Fulfilled,14.444444444444445,91693.8375,29.63,28.2,Low Risk
SELL02298,17,0.29411764705882354,4.1,Seller Fulfilled,17.352941176470587,1005.2294999999999,29.41,30.5,Low Risk
SELL02299,70,0.21428571428571427,4.0,Seller Fulfilled,16.285714285714285,92817.8175,21.43,26.6,Low Risk
SELL02300,37,0.3783783783783784,4.3,Seller Fulfilled,18.513513513513512,105658.923,37.84,33.9,Medium Risk
SELL02301,51,0.35294117647058826,4.3,Seller Fulfilled,19.50980392156863,173800.938,35.29,33.2,Medium Risk
SELL02302,79,0.12658227848101267,4.0,Seller Fulfilled,14.49367088607595,12800.730000000001,12.66,21.2,Low Risk
SELL02303,41,0.2926829268292683,2.9,Platform Fulfilled,20.48780487804878,17711.3805,29.27,41.3,Medium Risk
SELL02304,54,0.24074074074074073,3.9,Seller Fulfilled,18.055555555555557,67935.91649999999,24.07,29.8,Low Risk
SELL02305,5,0.6,3.1,Seller Fulfilled,21.0,700.3679999999999,60.0,55.4,Medium Risk
SELL02306,39,0.07692307692307693,5.0,Platform Fulfilled,15.384615384615385,20504.233500000002,7.69,11.8,Low Risk
SELL02307,54,0.16666666666666666,4.8,Seller Fulfilled,15.37037037037037,50345.622,16.67,17.8,Low Risk
SELL02308,35,0.22857142857142856,3.6,Seller Fulfilled,19.285714285714285,18493.906499999997,22.86,32.2,Low Risk
SELL02309,20,0.2,2.7,Seller Fulfilled,16.75,8934.162,20.0,36.0,Medium Risk
SELL02310,31,0.25806451612903225,5.0,Seller Fulfilled,13.225806451612904,74062.85549999999,25.81,19.6,Low Risk
SELL02311,11,0.0,2.9,Seller Fulfilled,25.454545454545453,0.0,0.0,29.6,Low Risk
SELL02312,20,0.35,4.3,Seller Fulfilled,15.75,66107.9325,35.0,30.9,Low Risk
SELL02313,20,0.2,5.0,Seller Fulfilled,16.75,19481.577,20.0,18.7,Low Risk
SELL02314,28,0.21428571428571427,3.9,Platform Fulfilled,12.142857142857142,52328.07,21.43,25.0,Low Risk
SELL02315,16,0.3125,3.7,Platform Fulfilled,15.625,3182.0415000000003,31.25,33.4,Medium Risk
SELL02316,30,0.36666666666666664,4.7,Seller Fulfilled,16.833333333333332,1822.638,36.67,29.4,Low Risk
SELL02317,26,0.0,5.0,Seller Fulfilled,16.53846153846154,0.0,0.0,8.6,Low Risk
SELL02318,29,0.27586206896551724,3.8,Seller Fulfilled,24.310344827586206,3112.1265,27.59,35.9,Medium Risk
SELL02319,13,0.23076923076923078,2.9,Seller Fulfilled,11.153846153846153,5611.95,23.08,32.7,Low Risk
SELL02320,44,0.11363636363636363,3.5,Platform Fulfilled,20.454545454545453,4261.1595,11.36,27.8,Low Risk
SELL02321,53,0.2830188679245283,3.5,Seller Fulfilled,15.471698113207546,16308.555,28.3,33.4,Medium Risk
SELL02322,26,0.038461538461538464,5.0,Seller Fulfilled,15.961538461538462,142.059,3.85,10.2,Low Risk
SELL02323,37,0.2702702702702703,4.4,Seller Fulfilled,19.324324324324323,55051.5045,27.03,28.2,Low Risk
SELL02324,77,0.16883116883116883,4.8,Platform Fulfilled,16.103896103896105,79504.83,16.88,18.3,Low Risk
SELL02325,21,0.2857142857142857,4.1,Seller Fulfilled,15.238095238095237,2855.9505,28.57,28.9,Low Risk
SELL02326,52,0.38461538461538464,2.3,Seller Fulfilled,16.346153846153847,56660.293499999985,38.46,48.0,Medium Risk
SELL02327,33,0.36363636363636365,3.9,Seller Fulfilled,19.545454545454547,112355.59049999999,36.36,36.8,Medium Risk
SELL02328,54,0.3148148148148148,3.6,Seller Fulfilled,16.11111111111111,156109.5315,31.48,34.6,Medium Risk
SELL02329,68,0.23529411764705882,3.8,Seller Fulfilled,17.941176470588236,12735.3315,23.53,30.2,Low Risk
SELL02330,26,0.3076923076923077,3.6,Seller Fulfilled,18.076923076923077,66709.002,30.77,35.4,Medium Risk
SELL02331,38,0.2894736842105263,3.7,Seller Fulfilled,13.421052631578947,27089.2785,28.95,31.0,Low Risk
SELL02332,61,0.32786885245901637,2.7,Platform Fulfilled,14.098360655737705,111329.13749999998,32.79,40.8,Medium Risk
SELL02333,9,0.3333333333333333,3.0,Platform Fulfilled,20.0,269.883,33.33,42.3,Medium Risk
SELL02334,41,0.1951219512195122,4.5,Seller Fulfilled,16.585365853658537,121522.6695,19.51,22.1,Low Risk
SELL02335,43,0.27906976744186046,3.6,Seller Fulfilled,13.255813953488373,64833.268500000006,27.91,31.1,Low Risk
SELL02336,63,0.2698412698412698,4.3,Platform Fulfilled,17.53968253968254,25511.959499999997,26.98,27.9,Low Risk
SELL02337,12,0.16666666666666666,4.3,Seller Fulfilled,10.0,1114.905,16.67,18.4,Low Risk
SELL02338,10,0.1,3.3,Seller Fulfilled,16.5,854.106,10.0,26.3,Low Risk
SELL02339,45,0.2,4.4,Platform Fulfilled,16.22222222222222,34779.7185,20.0,22.9,Low Risk
SELL02340,31,0.2903225806451613,4.7,Platform Fulfilled,18.548387096774192,61352.48849999999,29.03,26.5,Low Risk
SELL02341,104,0.21153846153846154,4.6,Seller Fulfilled,15.240384615384615,85862.5305,21.15,21.4,Low Risk
SELL02342,41,0.36585365853658536,3.4,Platform Fulfilled,12.317073170731707,9626.048999999999,36.59,36.4,Medium Risk
SELL02343,54,0.4074074074074074,3.8,Seller Fulfilled,16.296296296296298,100952.79899999998,40.74,37.8,Medium Risk
SELL02344,81,0.30864197530864196,3.3,Seller Fulfilled,18.395061728395063,79387.19549999999,30.86,37.9,Medium Risk
SELL02345,20,0.35,3.3,Platform Fulfilled,13.5,30461.933999999997,35.0,37.1,Medium Risk
SELL02346,9,0.2222222222222222,5.0,Seller Fulfilled,7.222222222222222,9939.042,22.22,14.2,Low Risk
SELL02347,28,0.14285714285714285,4.2,Seller Fulfilled,15.0,5309.1165,14.29,20.8,Low Risk
SELL02348,33,0.6060606060606061,2.4,Seller Fulfilled,17.727272727272727,92342.24549999999,60.61,59.1,Medium Risk
SELL02349,69,0.2753623188405797,4.1,Seller Fulfilled,15.217391304347826,25323.590999999997,27.54,28.3,Low Risk
SELL02350,68,0.22058823529411764,3.5,Platform Fulfilled,13.676470588235293,63016.562999999995,22.06,29.2,Low Risk
SELL02351,18,0.3888888888888889,4.3,Seller Fulfilled,14.166666666666666,57568.83899999999,38.89,31.9,Low Risk
SELL02352,34,0.23529411764705882,3.8,Platform Fulfilled,17.205882352941178,22332.1335,23.53,29.7,Low Risk
SELL02354,65,0.49230769230769234,3.2,Seller Fulfilled,14.0,244552.644,49.23,45.2,Medium Risk
SELL02355,54,0.48148148148148145,3.4,Seller Fulfilled,15.462962962962964,243982.5075,48.15,44.0,Medium Risk
SELL02356,72,0.1388888888888889,4.6,Platform Fulfilled,15.902777777777779,38074.534499999994,13.89,18.2,Low Risk
SELL02357,55,0.36363636363636365,3.9,Seller Fulfilled,18.181818181818183,15181.564499999999,36.36,36.0,Medium Risk
SELL02358,42,0.2857142857142857,4.1,Platform Fulfilled,16.785714285714285,85351.1655,28.57,29.8,Low Risk
SELL02359,64,0.109375,4.2,Platform Fulfilled,13.671875,22023.6525,10.94,18.4,Low Risk
SELL02360,52,0.25,5.0,Seller Fulfilled,14.51923076923077,88036.68,25.0,19.9,Low Risk
SELL02361,21,0.2857142857142857,3.0,Platform Fulfilled,13.095238095238095,7819.153499999999,28.57,35.9,Medium Risk
SELL02362,39,0.23076923076923078,4.5,Platform Fulfilled,20.256410256410255,2652.39,23.08,26.1,Low Risk
SELL02363,84,0.23809523809523808,4.1,Seller Fulfilled,15.714285714285714,77432.40750000002,23.81,26.8,Low Risk
SELL02364,83,0.1566265060240964,4.0,Platform Fulfilled,16.50602409638554,58291.475999999995,15.66,23.9,Low Risk
SELL02365,92,0.16304347826086957,3.6,Seller Fulfilled,16.141304347826086,9377.847,16.3,27.0,Low Risk
SELL02366,47,0.1276595744680851,3.7,Seller Fulfilled,16.170212765957448,2949.3749999999995,12.77,24.5,Low Risk
SELL02367,30,0.3,4.2,Seller Fulfilled,18.833333333333332,50754.6345,30.0,30.9,Low Risk
SELL02368,32,0.28125,4.1,Seller Fulfilled,18.125,60223.6605,28.12,30.3,Low Risk
SELL02369,33,0.30303030303030304,3.3,Platform Fulfilled,18.03030303030303,4784.2125,30.3,37.4,Medium Risk
SELL02370,44,0.18181818181818182,3.8,Platform Fulfilled,9.090909090909092,10486.6395,18.18,22.3,Low Risk
SELL02371,38,0.3157894736842105,2.6,Platform Fulfilled,19.07894736842105,18527.7645,31.58,43.9,Medium Risk
SELL02372,11,0.09090909090909091,3.7,Platform Fulfilled,19.545454545454547,321.798,9.09,24.7,Low Risk
SELL02373,59,0.2711864406779661,4.4,Seller Fulfilled,15.0,104914.91099999998,27.12,25.8,Low Risk
SELL02374,37,0.32432432432432434,3.9,Platform Fulfilled,15.675675675675675,114537.84899999999,32.43,32.5,Low Risk
SELL02375,35,0.11428571428571428,3.6,Seller Fulfilled,21.428571428571427,4653.370499999999,11.43,27.7,Low Risk
SELL02376,62,0.08064516129032258,4.6,Platform Fulfilled,13.14516129032258,52159.53,8.06,13.6,Low Risk
SELL02377,17,0.29411764705882354,3.2,Platform Fulfilled,27.352941176470587,5347.5419999999995,29.41,43.1,Medium Risk
SELL02378,56,0.05357142857142857,4.9,Platform Fulfilled,19.107142857142858,8454.1215,5.36,13.6,Low Risk
SELL02379,65,0.2923076923076923,4.2,Platform Fulfilled,15.615384615384615,77842.00499999999,29.23,28.7,Low Risk
SELL02380,34,0.14705882352941177,5.0,Platform Fulfilled,14.117647058823529,3512.3309999999997,14.71,14.5,Low Risk
SELL02381,38,0.21052631578947367,3.8,Seller Fulfilled,18.94736842105263,52370.736,21.05,29.6,Low Risk
SELL02382,30,0.3,3.8,Seller Fulfilled,17.666666666666668,73166.112,30.0,33.3,Medium Risk
SELL02383,27,0.037037037037037035,3.8,Platform Fulfilled,16.296296296296298,3935.9939999999997,3.7,19.3,Low Risk
SELL02384,53,0.20754716981132076,4.3,Seller Fulfilled,14.245283018867925,5865.151499999999,20.75,22.9,Low Risk
SELL02385,33,0.42424242424242425,3.2,Seller Fulfilled,15.606060606060606,14112.422999999999,42.42,42.7,Medium Risk
SELL02386,98,0.22448979591836735,3.3,Seller Fulfilled,16.3265306122449,92656.5405,22.45,32.4,Low Risk
SELL02387,56,0.125,3.7,Seller Fulfilled,11.785714285714286,32941.941,12.5,21.8,Low Risk
SELL02388,71,0.19718309859154928,3.7,Platform Fulfilled,12.95774647887324,158536.06949999995,19.72,26.1,Low Risk
SELL02389,10,0.3,4.1,Platform Fulfilled,14.0,47254.935,30.0,28.8,Low Risk
SELL02390,11,0.09090909090909091,4.7,Seller Fulfilled,12.727272727272727,424.3995,9.09,13.2,Low Risk
SELL02391,76,0.15789473684210525,4.6,Seller Fulfilled,13.81578947368421,4978.0635,15.79,17.9,Low Risk
SELL02392,53,0.5660377358490566,2.7,Seller Fulfilled,18.58490566037736,245089.44150000002,56.6,55.4,Medium Risk
SELL02393,13,0.23076923076923078,3.6,Platform Fulfilled,12.307692307692308,2302.2285,23.08,28.2,Low Risk
SELL02394,14,0.35714285714285715,4.5,Seller Fulfilled,17.5,9176.744999999999,35.71,30.8,Low Risk
SELL02395,42,0.23809523809523808,4.5,Platform Fulfilled,11.071428571428571,80160.90299999999,23.81,21.0,Low Risk
SELL02396,28,0.35714285714285715,3.2,Platform Fulfilled,19.107142857142858,5487.9135,35.71,41.4,Medium Risk
SELL02397,13,0.0,4.3,Platform Fulfilled,7.3076923076923075,0.0,0.0,8.4,Low Risk
SELL02398,69,0.463768115942029,3.4,Seller Fulfilled,14.057971014492754,144932.8425,46.38,42.3,Medium Risk
SELL02399,16,0.5,2.2,Seller Fulfilled,24.0625,11568.3675,50.0,59.0,Medium Risk
SELL02400,55,0.2727272727272727,3.2,Seller Fulfilled,14.909090909090908,12318.321,27.27,34.8,Medium Risk
SELL02401,9,0.1111111111111111,3.1,Seller Fulfilled,15.0,101.03099999999999,11.11,27.5,Low Risk
SELL02402,44,0.20454545454545456,4.2,Platform Fulfilled,14.886363636363637,31860.636,20.45,23.9,Low Risk
SELL02403,72,0.3055555555555556,3.7,Seller Fulfilled,16.944444444444443,28866.542999999998,30.56,33.9,Medium Risk
SELL02404,33,0.18181818181818182,4.4,Seller Fulfilled,19.848484848484848,6361.221,18.18,24.1,Low Risk
SELL02405,15,0.5333333333333333,4.3,Seller Fulfilled,21.333333333333332,15235.994999999999,53.33,43.3,Medium Risk
SELL02406,42,0.23809523809523808,3.0,Seller Fulfilled,10.119047619047619,14245.9875,23.81,31.7,Low Risk
SELL02407,37,0.2702702702702703,4.5,Seller Fulfilled,16.216216216216218,28332.96,27.03,25.6,Low Risk
SELL02408,14,0.35714285714285715,3.1,Seller Fulfilled,7.857142857142857,7212.7125,35.71,35.6,Medium Risk
SELL02409,24,0.08333333333333333,4.6,Platform Fulfilled,20.833333333333332,12136.482,8.33,18.3,Low Risk
SELL02410,60,0.43333333333333335,4.2,Seller Fulfilled,14.833333333333334,254522.26349999997,43.33,35.2,Medium Risk
SELL02411,29,0.27586206896551724,3.5,Seller Fulfilled,11.724137931034482,105480.42899999999,27.59,30.8,Low Risk
SELL02412,21,0.14285714285714285,4.0,Platform Fulfilled,15.714285714285714,1839.2505,14.29,22.8,Low Risk
SELL02413,36,0.6111111111111112,1.8,Seller Fulfilled,15.833333333333334,11389.9455,61.11,62.7,Medium Risk
SELL02414,21,0.047619047619047616,5.0,Platform Fulfilled,19.047619047619047,21.9405,4.76,12.5,Low Risk
SELL02415,21,0.38095238095238093,4.2,Seller Fulfilled,14.047619047619047,144822.56699999998,38.1,32.2,Low Risk
SELL02416,21,0.09523809523809523,4.7,Seller Fulfilled,17.38095238095238,1501.443,9.52,16.1,Low Risk
SELL02417,52,0.17307692307692307,4.2,Platform Fulfilled,22.115384615384617,47104.767,17.31,26.5,Low Risk
SELL02418,57,0.22807017543859648,4.0,Platform Fulfilled,13.947368421052632,24502.1055,22.81,26.0,Low Risk
SELL02419,63,0.4603174603174603,3.3,Seller Fulfilled,17.61904761904762,216368.3295,46.03,45.0,Medium Risk
SELL02420,32,0.15625,3.2,Platform Fulfilled,18.59375,12214.4985,15.62,31.1,Low Risk
SELL02421,59,0.5084745762711864,2.1,Seller Fulfilled,12.711864406779661,185682.243,50.85,53.5,Medium Risk
SELL02422,26,0.15384615384615385,3.8,Platform Fulfilled,23.26923076923077,2139.4035,15.38,29.2,Low Risk
SELL02423,20,0.55,3.4,Seller Fulfilled,12.5,29226.358500000002,55.0,45.7,Medium Risk
SELL02424,55,0.32727272727272727,3.2,Platform Fulfilled,15.727272727272727,252735.79799999998,32.73,38.0,Medium Risk
SELL02425,30,0.23333333333333334,3.6,Platform Fulfilled,15.833333333333334,66850.344,23.33,30.3,Low Risk
SELL02426,38,0.2631578947368421,4.4,Seller Fulfilled,20.394736842105264,103348.36499999999,26.32,28.5,Low Risk
SELL02427,84,0.2261904761904762,3.7,Seller Fulfilled,18.154761904761905,35710.1295,22.62,30.6,Low Risk
SELL02428,36,0.3055555555555556,4.2,Platform Fulfilled,10.0,85160.268,30.56,26.1,Low Risk
SELL02429,51,0.09803921568627451,4.0,Platform Fulfilled,15.490196078431373,9910.3665,9.8,20.4,Low Risk
SELL02430,7,0.0,4.1,Seller Fulfilled,15.714285714285714,0.0,0.0,14.9,Low Risk
SELL02431,12,0.25,3.9,Seller Fulfilled,16.25,3286.5494999999996,25.0,29.2,Low Risk
SELL02432,78,0.2692307692307692,4.0,Seller Fulfilled,16.41025641025641,103652.21999999999,26.92,29.5,Low Risk
SELL02433,33,0.24242424242424243,3.4,Seller Fulfilled,13.030303030303031,41465.2155,24.24,30.6,Low Risk
SELL02434,34,0.14705882352941177,4.2,Seller Fulfilled,21.323529411764707,4576.9439999999995,14.71,24.8,Low Risk
SELL02435,43,0.627906976744186,2.8,Seller Fulfilled,18.372093023255815,197472.5835,62.79,57.6,Medium Risk
SELL02436,44,0.5227272727272727,2.3,Seller Fulfilled,16.022727272727273,205039.10099999997,52.27,54.7,Medium Risk
SELL02437,23,0.13043478260869565,4.5,Platform Fulfilled,10.652173913043478,2179.0695,13.04,15.4,Low Risk
SELL02438,85,0.24705882352941178,3.4,Seller Fulfilled,17.764705882352942,22252.012499999997,24.71,33.7,Medium Risk
SELL02439,45,0.17777777777777778,4.8,Platform Fulfilled,17.555555555555557,57535.143,17.78,19.6,Low Risk
SELL02440,58,0.20689655172413793,4.1,Seller Fulfilled,17.155172413793103,68702.59049999999,20.69,26.1,Low Risk
SELL02441,60,0.25,3.6,Platform Fulfilled,17.416666666666668,6401.217,25.0,32.1,Low Risk
SELL02442,34,0.29411764705882354,4.3,Seller Fulfilled,15.0,18133.757999999998,29.41,27.6,Low Risk
SELL02443,56,0.21428571428571427,3.7,Seller Fulfilled,14.553571428571429,117438.927,21.43,27.9,Low Risk
SELL02444,32,0.21875,3.7,Seller Fulfilled,15.9375,100719.045,21.88,28.9,Low Risk
SELL02445,76,0.40789473684210525,3.1,Seller Fulfilled,14.671052631578947,102645.80550000002,40.79,42.2,Medium Risk
SELL02446,20,0.25,4.1,Platform Fulfilled,9.5,1541.397,25.0,23.7,Low Risk
SELL02447,50,0.48,3.2,Seller Fulfilled,12.3,143672.967,48.0,43.6,Medium Risk
SELL02448,45,0.15555555555555556,4.8,Platform Fulfilled,16.555555555555557,27149.914499999995,15.56,17.9,Low Risk
SELL02449,36,0.25,3.2,Seller Fulfilled,13.194444444444445,3267.8969999999995,25.0,32.6,Low Risk
SELL02450,20,0.4,3.3,Seller Fulfilled,18.25,23239.023,40.0,42.4,Medium Risk
SELL02451,107,0.4672897196261682,2.9,Seller Fulfilled,19.065420560747665,222879.7485,46.73,49.2,Medium Risk
SELL02452,76,0.21052631578947367,4.0,Seller Fulfilled,14.605263157894736,45387.993,21.05,25.5,Low Risk
SELL02453,30,0.16666666666666666,4.0,Seller Fulfilled,17.0,3842.193,16.67,24.7,Low Risk
SELL02454,24,0.4166666666666667,3.6,Platform Fulfilled,16.25,16754.403,41.67,39.8,Medium Risk
SELL02455,41,0.21951219512195122,4.1,Seller Fulfilled,16.463414634146343,76436.9325,21.95,26.3,Low Risk
SELL02456,41,0.34146341463414637,3.7,Seller Fulfilled,18.048780487804876,15297.523500000001,34.15,36.3,Medium Risk
SELL02457,44,0.25,3.4,Seller Fulfilled,16.022727272727273,948.8715,25.0,32.8,Low Risk
SELL02458,23,0.391304347826087,2.8,Platform Fulfilled,10.0,7515.783,39.13,40.8,Medium Risk
SELL02459,52,0.17307692307692307,3.6,Platform Fulfilled,18.75,9178.509,17.31,29.0,Low Risk
SELL02460,22,0.2727272727272727,3.6,Platform Fulfilled,12.272727272727273,4064.9894999999997,27.27,30.2,Low Risk
SELL02461,58,0.1724137931034483,4.0,Platform Fulfilled,16.379310344827587,18972.729,17.24,24.6,Low Risk
SELL02462,74,0.5540540540540541,2.6,Seller Fulfilled,17.5,132152.9115,55.41,54.9,Medium Risk
SELL02463,32,0.21875,4.7,Seller Fulfilled,19.375,87496.39199999999,21.88,23.5,Low Risk
SELL02464,73,0.1917808219178082,4.4,Seller Fulfilled,15.753424657534246,181324.2375,19.18,22.2,Low Risk
SELL02465,38,0.2894736842105263,4.2,Platform Fulfilled,12.763157894736842,63522.568499999994,28.95,26.8,Low Risk
SELL02466,17,0.11764705882352941,4.2,Seller Fulfilled,17.647058823529413,259.8315,11.76,21.1,Low Risk
SELL02467,24,0.16666666666666666,3.2,Seller Fulfilled,11.666666666666666,3697.0229999999997,16.67,27.6,Low Risk
SELL02468,13,0.23076923076923078,4.0,Seller Fulfilled,16.153846153846153,45048.603,23.08,27.4,Low Risk
SELL02469,15,0.26666666666666666,3.5,Seller Fulfilled,6.333333333333333,45507.861,26.67,27.2,Low Risk
SELL02470,27,0.3333333333333333,3.8,Seller Fulfilled,23.333333333333332,18322.071,33.33,38.2,Medium Risk
SELL02471,83,0.0963855421686747,4.6,Platform Fulfilled,16.325301204819276,38827.003500000006,9.64,16.3,Low Risk
SELL02472,11,0.5454545454545454,3.4,Seller Fulfilled,33.63636363636363,74016.3525,54.55,57.9,Medium Risk
SELL02473,24,0.16666666666666666,4.6,Platform Fulfilled,18.125,9791.58,16.67,20.9,Low Risk
SELL02474,31,0.1935483870967742,3.6,Seller Fulfilled,19.35483870967742,12704.695499999998,19.35,30.4,Low Risk
SELL02475,35,0.2857142857142857,3.0,Platform Fulfilled,11.428571428571429,164989.899,28.57,34.9,Medium Risk
SELL02476,18,0.1111111111111111,4.3,Seller Fulfilled,10.277777777777779,3756.042,11.11,15.7,Low Risk
SELL02477,70,0.24285714285714285,4.3,Seller Fulfilled,13.285714285714286,31539.147,24.29,24.1,Low Risk
SELL02478,61,0.18032786885245902,3.8,Platform Fulfilled,15.0,103118.93549999999,18.03,25.7,Low Risk
SELL02479,31,0.5806451612903226,3.1,Seller Fulfilled,15.806451612903226,116530.26299999998,58.06,51.5,Medium Risk
SELL02480,43,0.3023255813953488,4.5,Seller Fulfilled,12.906976744186046,18027.2565,30.23,25.3,Low Risk
SELL02481,43,0.37209302325581395,3.6,Seller Fulfilled,14.186046511627907,49193.5545,37.21,36.3,Medium Risk
SELL02482,39,0.1794871794871795,4.3,Seller Fulfilled,17.82051282051282,6524.2755,17.95,23.5,Low Risk
SELL02483,38,0.42105263157894735,3.0,Seller Fulfilled,15.263157894736842,121680.4485,42.11,43.9,Medium Risk
SELL02484,85,0.09411764705882353,5.0,Seller Fulfilled,10.882352941176471,33810.747,9.41,10.0,Low Risk
SELL02485,63,0.20634920634920634,4.5,Platform Fulfilled,17.142857142857142,36883.611,20.63,23.0,Low Risk
SELL02486,38,0.21052631578947367,4.5,Platform Fulfilled,15.394736842105264,42774.3915,21.05,22.2,Low Risk
SELL02487,61,0.32786885245901637,2.9,Seller Fulfilled,16.147540983606557,124775.157,32.79,40.5,Medium Risk
SELL02488,32,0.125,3.3,Platform Fulfilled,15.15625,751.5840000000001,12.5,26.8,Low Risk
SELL02489,25,0.32,5.0,Seller Fulfilled,22.4,48797.88149999999,32.0,28.0,Low Risk
SELL02490,37,0.16216216216216217,5.0,Platform Fulfilled,18.91891891891892,1926.8715,16.22,18.1,Low Risk
SELL02491,18,0.3888888888888889,3.2,Seller Fulfilled,13.333333333333334,68039.07,38.89,39.7,Medium Risk
SELL02492,63,0.1746031746031746,3.7,Seller Fulfilled,12.777777777777779,32088.218999999997,17.46,24.9,Low Risk
SELL02493,44,0.38636363636363635,3.3,Seller Fulfilled,14.886363636363637,94155.642,38.64,39.7,Medium Risk
SELL02494,31,0.2903225806451613,4.5,Seller Fulfilled,22.258064516129032,50076.894,29.03,30.2,Low Risk
SELL02495,102,0.3431372549019608,4.0,Seller Fulfilled,14.019607843137255,133423.04849999998,34.31,31.8,Low Risk
SELL02496,31,0.0967741935483871,4.8,Platform Fulfilled,10.806451612903226,7580.286,9.68,11.6,Low Risk
SELL02497,60,0.13333333333333333,4.0,Seller Fulfilled,15.833333333333334,16905.642,13.33,22.3,Low Risk
SELL02498,52,0.15384615384615385,4.4,Platform Fulfilled,17.21153846153846,4490.613,15.38,21.2,Low Risk
SELL02499,49,0.14285714285714285,3.7,Seller Fulfilled,14.693877551020408,8653.737,14.29,24.4,Low Risk
SELL02500,80,0.1375,4.6,Seller Fulfilled,18.1875,47462.31,13.75,19.5,Low Risk
SELL02501,59,0.11864406779661017,5.0,Platform Fulfilled,13.05084745762712,37386.1485,11.86,12.5,Low Risk
SELL02502,30,0.3333333333333333,4.5,Seller Fulfilled,7.166666666666667,64789.89149999999,33.33,23.5,Low Risk
SELL02503,11,0.36363636363636365,4.4,Seller Fulfilled,15.454545454545455,75455.385,36.36,30.7,Low Risk
SELL02504,32,0.125,4.5,Platform Fulfilled,10.625,1977.2444999999998,12.5,15.1,Low Risk
SELL02505,22,0.13636363636363635,4.4,Seller Fulfilled,13.636363636363637,53982.538499999995,13.64,18.2,Low Risk
SELL02506,30,0.1,3.6,Platform Fulfilled,19.5,10334.1195,10.0,25.8,Low Risk
SELL02507,20,0.55,3.2,Seller Fulfilled,16.25,131310.762,55.0,49.4,Medium Risk
SELL02508,39,0.5128205128205128,2.8,Seller Fulfilled,15.512820512820513,18060.7005,51.28,50.2,Medium Risk
SELL02509,50,0.3,3.8,Platform Fulfilled,14.6,28694.7045,30.0,31.5,Low Risk
SELL02510,65,0.12307692307692308,3.6,Seller Fulfilled,19.53846153846154,16524.601499999997,12.31,27.0,Low Risk
SELL02511,58,0.1724137931034483,4.1,Seller Fulfilled,14.224137931034482,6898.794,17.24,22.6,Low Risk
SELL02512,40,0.175,4.0,Platform Fulfilled,16.625,19914.527999999995,17.5,24.9,Low Risk
SELL02513,11,0.36363636363636365,3.8,Seller Fulfilled,23.636363636363637,1363.248,36.36,40.0,Medium Risk
SELL02514,60,0.06666666666666667,4.0,Seller Fulfilled,16.0,1076.6295,6.67,19.1,Low Risk
SELL02515,49,0.30612244897959184,3.6,Seller Fulfilled,17.551020408163264,7670.808,30.61,35.0,Medium Risk
SELL02516,15,0.3333333333333333,3.3,Seller Fulfilled,16.666666666666668,2519.469,33.33,38.1,Medium Risk
SELL02517,34,0.17647058823529413,3.7,Platform Fulfilled,14.117647058823529,38963.087999999996,17.65,25.7,Low Risk
SELL02518,55,0.12727272727272726,4.3,Seller Fulfilled,16.454545454545453,32874.240000000005,12.73,20.1,Low Risk
SELL02519,46,0.1956521739130435,4.8,Seller Fulfilled,20.869565217391305,12907.623000000001,19.57,22.4,Low Risk
SELL02520,51,0.27450980392156865,5.0,Seller Fulfilled,12.647058823529411,67328.9145,27.45,20.1,Low Risk
SELL02521,34,0.17647058823529413,4.4,Seller Fulfilled,18.235294117647058,8016.218999999999,17.65,22.9,Low Risk
SELL02522,13,0.0,3.2,Platform Fulfilled,7.6923076923076925,0.0,0.0,16.9,Low Risk
SELL02523,57,0.12280701754385964,3.8,Seller Fulfilled,17.017543859649123,10534.6005,12.28,24.0,Low Risk
SELL02524,26,0.07692307692307693,4.5,Platform Fulfilled,13.846153846153847,4281.0045,7.69,14.6,Low Risk
SELL02525,25,0.32,4.5,Platform Fulfilled,18.6,115353.27149999999,32.0,29.6,Low Risk
SELL02526,65,0.5230769230769231,2.8,Platform Fulfilled,15.076923076923077,86252.2815,52.31,50.4,Medium Risk
SELL02527,56,0.35714285714285715,4.1,Seller Fulfilled,10.535714285714286,208643.6265,35.71,29.7,Low Risk
SELL02528,44,0.4090909090909091,2.7,Platform Fulfilled,16.931818181818183,94484.034,40.91,46.5,Medium Risk
SELL02529,49,0.1836734693877551,4.6,Seller Fulfilled,17.959183673469386,81029.81699999998,18.37,21.6,Low Risk
SELL02530,35,0.45714285714285713,4.2,Seller Fulfilled,12.0,10749.976499999999,45.71,34.8,Medium Risk
SELL02531,26,0.23076923076923078,1.5,Seller Fulfilled,17.115384615384617,100059.186,23.08,46.7,Medium Risk
SELL02532,66,0.19696969696969696,4.4,Seller Fulfilled,16.136363636363637,89056.12049999999,19.7,22.7,Low Risk
SELL02533,72,0.18055555555555555,4.6,Platform Fulfilled,17.5,65186.953499999996,18.06,21.2,Low Risk
SELL02534,25,0.12,3.6,Seller Fulfilled,16.0,918.648,12.0,24.8,Low Risk
SELL02535,26,0.11538461538461539,4.8,Seller Fulfilled,12.884615384615385,5776.245000000001,11.54,13.7,Low Risk
SELL02536,37,0.2972972972972973,3.7,Platform Fulfilled,18.10810810810811,88730.58450000001,29.73,34.1,Medium Risk
SELL02537,52,0.2692307692307692,4.0,Seller Fulfilled,14.807692307692308,91303.95,26.92,28.5,Low Risk
SELL02538,38,0.15789473684210525,3.7,Seller Fulfilled,17.236842105263158,4030.5074999999997,15.79,26.6,Low Risk
SELL02539,37,0.24324324324324326,3.8,Platform Fulfilled,13.513513513513514,4543.5405,24.32,28.0,Low Risk
SELL02540,35,0.2857142857142857,4.5,Seller Fulfilled,14.142857142857142,63115.98299999999,28.57,25.2,Low Risk
SELL02541,44,0.5454545454545454,2.9,Seller Fulfilled,15.113636363636363,32251.550999999992,54.55,50.8,Medium Risk
SELL02542,63,0.23809523809523808,4.5,Platform Fulfilled,16.904761904761905,79630.18199999999,23.81,24.5,Low Risk
SELL02543,34,0.08823529411764706,5.0,Seller Fulfilled,17.647058823529413,1781.2199999999998,8.82,13.6,Low Risk
SELL02544,34,0.14705882352941177,3.0,Platform Fulfilled,18.970588235294116,3360.2625,14.71,32.4,Low Risk
SELL02545,26,0.5,2.7,Platform Fulfilled,14.23076923076923,24667.59,50.0,49.5,Medium Risk
SELL02546,61,0.22950819672131148,4.3,Seller Fulfilled,16.80327868852459,63505.231499999994,22.95,25.5,Low Risk
SELL02547,8,0.125,3.0,Platform Fulfilled,26.25,59.317499999999995,12.5,35.5,Medium Risk
SELL02548,46,0.21739130434782608,3.9,Platform Fulfilled,15.434782608695652,69946.36499999999,21.74,27.0,Low Risk
SELL02549,44,0.18181818181818182,5.0,Seller Fulfilled,11.931818181818182,59184.402,18.18,15.0,Low Risk
SELL02550,71,0.08450704225352113,4.6,Platform Fulfilled,17.464788732394368,8984.9175,8.45,16.4,Low Risk
SELL02551,61,0.32786885245901637,4.5,Platform Fulfilled,14.344262295081966,178855.53600000002,32.79,27.4,Low Risk
SELL02552,35,0.08571428571428572,3.8,Seller Fulfilled,13.142857142857142,874.905,8.57,19.9,Low Risk
SELL02553,38,0.13157894736842105,3.5,Seller Fulfilled,16.44736842105263,2851.4115,13.16,26.4,Low Risk
SELL02554,69,0.2753623188405797,4.5,Platform Fulfilled,18.26086956521739,11305.1235,27.54,27.1,Low Risk
SELL02555,30,0.13333333333333333,5.0,Seller Fulfilled,19.0,9565.198499999999,13.33,16.7,Low Risk
SELL02556,84,0.10714285714285714,4.1,Platform Fulfilled,16.25,13300.3695,10.71,20.5,Low Risk
SELL02557,17,0.6470588235294118,3.3,Seller Fulfilled,18.529411764705884,72820.34999999999,64.71,54.9,Medium Risk
SELL02558,31,0.3225806451612903,3.6,Seller Fulfilled,13.870967741935484,70882.6125,32.26,33.7,Medium Risk
SELL02560,42,0.21428571428571427,4.9,Seller Fulfilled,17.738095238095237,40767.28049999999,21.43,20.8,Low Risk
SELL02561,10,0.0,4.9,Seller Fulfilled,13.5,0.0,0.0,7.6,Low Risk
SELL02562,66,0.24242424242424243,3.8,Seller Fulfilled,16.28787878787879,166250.7345,24.24,29.5,Low Risk
SELL02563,19,0.631578947368421,3.2,Platform Fulfilled,21.31578947368421,84953.334,63.16,56.5,Medium Risk
SELL02564,31,0.5806451612903226,2.4,Platform Fulfilled,19.35483870967742,101719.5405,58.06,58.8,Medium Risk
SELL02565,51,0.2549019607843137,3.4,Seller Fulfilled,12.647058823529411,43608.444,25.49,31.1,Low Risk
SELL02566,24,0.125,4.7,Platform Fulfilled,19.166666666666668,1782.1125,12.5,18.6,Low Risk
SELL02567,38,0.2631578947368421,3.6,Seller Fulfilled,11.842105263157896,5606.470499999999,26.32,29.5,Low Risk
SELL02568,51,0.13725490196078433,4.7,Seller Fulfilled,15.098039215686274,13363.196999999998,13.73,16.8,Low Risk
SELL02569,49,0.46938775510204084,3.2,Seller Fulfilled,14.693877551020408,152105.877,46.94,44.5,Medium Risk
SELL02570,19,0.5263157894736842,3.4,Seller Fulfilled,18.42105263157895,20187.777000000002,52.63,48.0,Medium Risk
SELL02571,19,0.0,4.2,Platform Fulfilled,22.105263157894736,0.0,0.0,17.9,Low Risk
SELL02572,37,0.21621621621621623,3.2,Seller Fulfilled,15.81081081081081,59742.9825,21.62,32.5,Low Risk
SELL02573,20,0.05,4.1,Platform Fulfilled,18.5,2518.0815,5.0,19.0,Low Risk
SELL02574,26,0.34615384615384615,3.3,Seller Fulfilled,22.115384615384617,60551.146499999995,34.62,41.9,Medium Risk
SELL02575,46,0.2391304347826087,4.1,Seller Fulfilled,18.152173913043477,74873.6775,23.91,28.2,Low Risk
SELL02576,41,0.34146341463414637,3.2,Platform Fulfilled,21.70731707317073,102774.54000000001,34.15,42.2,Medium Risk
SELL02577,74,0.12162162162162163,3.9,Seller Fulfilled,16.14864864864865,32944.06049999999,12.16,22.7,Low Risk
SELL02578,49,0.20408163265306123,4.4,Seller Fulfilled,18.46938775510204,18345.7515,20.41,24.4,Low Risk
SELL02579,55,0.2909090909090909,4.4,Seller Fulfilled,18.272727272727273,66164.877,29.09,28.7,Low Risk
SELL02580,45,0.17777777777777778,3.2,Seller Fulfilled,17.0,50630.31749999999,17.78,31.3,Low Risk
SELL02581,61,0.4426229508196721,2.8,Seller Fulfilled,16.557377049180328,17460.905999999995,44.26,47.2,Medium Risk
SELL02582,91,0.34065934065934067,3.4,Seller Fulfilled,15.43956043956044,125762.81699999998,34.07,37.0,Medium Risk
SELL02583,13,0.0,3.0,Platform Fulfilled,18.46153846153846,0.0,0.0,24.7,Low Risk
SELL02584,28,0.2857142857142857,4.5,Platform Fulfilled,26.071428571428573,3518.4435,28.57,32.2,Low Risk
SELL02585,26,0.34615384615384615,2.9,Seller Fulfilled,10.384615384615385,42105.1005,34.62,38.0,Medium Risk
SELL02586,41,0.36585365853658536,3.2,Seller Fulfilled,16.70731707317073,74109.765,36.59,40.5,Medium Risk
SELL02587,50,0.28,4.4,Platform Fulfilled,14.9,11982.305999999999,28.0,26.1,Low Risk
SELL02588,38,0.3157894736842105,4.0,Platform Fulfilled,15.263157894736842,114925.779,31.58,31.1,Low Risk
SELL02589,57,0.07017543859649122,5.0,Seller Fulfilled,15.175438596491228,32209.8735,7.02,11.3,Low Risk
SELL02590,38,0.42105263157894735,3.2,Platform Fulfilled,12.763157894736842,35532.284999999996,42.11,40.9,Medium Risk
SELL02591,65,0.4,2.8,Platform Fulfilled,17.153846153846153,73022.03099999999,40.0,45.5,Medium Risk
SELL02592,18,0.2777777777777778,3.6,Seller Fulfilled,12.777777777777779,340.35749999999996,27.78,30.8,Low Risk
SELL02593,33,0.24242424242424243,3.5,Platform Fulfilled,13.333333333333334,10681.030499999999,24.24,30.1,Low Risk
SELL02594,71,0.23943661971830985,4.0,Seller Fulfilled,15.492957746478874,10421.803499999998,23.94,27.4,Low Risk
SELL02595,32,0.1875,3.1,Platform Fulfilled,15.15625,6167.219999999999,18.75,31.4,Low Risk
SELL02596,10,0.3,4.1,Seller Fulfilled,7.0,44693.0205,30.0,24.8,Low Risk
SELL02597,39,0.28205128205128205,3.7,Seller Fulfilled,21.666666666666668,2764.995,28.21,35.4,Medium Risk
SELL02598,31,0.12903225806451613,4.7,Seller Fulfilled,13.548387096774194,21220.29,12.9,15.5,Low Risk
SELL02599,57,0.3157894736842105,4.4,Seller Fulfilled,14.912280701754385,263731.73399999994,31.58,27.9,Low Risk
SELL02600,49,0.14285714285714285,3.7,Seller Fulfilled,18.26530612244898,57959.131499999996,14.29,26.5,Low Risk
SELL02601,33,0.21212121212121213,3.6,Seller Fulfilled,12.272727272727273,2578.956,21.21,27.2,Low Risk
SELL02602,90,0.16666666666666666,3.8,Seller Fulfilled,16.11111111111111,64784.742,16.67,25.7,Low Risk
SELL02603,24,0.4166666666666667,3.0,Seller Fulfilled,15.833333333333334,7712.205,41.67,44.0,Medium Risk
SELL02604,42,0.21428571428571427,3.6,Platform Fulfilled,21.428571428571427,55355.5305,21.43,32.7,Low Risk
SELL02605,12,0.3333333333333333,4.0,Seller Fulfilled,5.833333333333333,2017.1429999999998,33.33,26.5,Low Risk
SELL02606,33,0.15151515151515152,4.3,Seller Fulfilled,16.96969696969697,846.387,15.15,21.7,Low Risk
SELL02607,24,0.3333333333333333,4.9,Seller Fulfilled,7.916666666666667,32483.644500000002,33.33,20.9,Low Risk
SELL02608,44,0.13636363636363635,4.9,Platform Fulfilled,16.704545454545453,3840.4709999999995,13.64,16.2,Low Risk
SELL02609,45,0.13333333333333333,4.7,Seller Fulfilled,18.0,4379.394,13.33,18.4,Low Risk
SELL02610,36,0.4166666666666667,3.4,Seller Fulfilled,13.194444444444445,16007.1465,41.67,39.5,Medium Risk
SELL02611,70,0.18571428571428572,4.3,Seller Fulfilled,15.928571428571429,37147.927500000005,18.57,22.8,Low Risk
SELL02612,80,0.225,4.1,Seller Fulfilled,17.75,75064.713,22.5,27.3,Low Risk
SELL02613,40,0.125,4.5,Platform Fulfilled,11.75,3144.6555,12.5,15.8,Low Risk
SELL02614,62,0.27419354838709675,4.5,Seller Fulfilled,18.629032258064516,69782.508,27.42,27.3,Low Risk
SELL02615,78,0.23076923076923078,3.4,Platform Fulfilled,18.012820512820515,10531.793999999998,23.08,33.0,Low Risk
SELL02616,22,0.18181818181818182,4.2,Platform Fulfilled,13.409090909090908,5814.0165,18.18,21.9,Low Risk
SELL02617,46,0.21739130434782608,3.7,Seller Fulfilled,18.26086956521739,3622.0350000000003,21.74,30.2,Low Risk
SELL02618,37,0.10810810810810811,4.8,Seller Fulfilled,12.027027027027026,4722.514499999999,10.81,12.8,Low Risk
SELL02619,23,0.34782608695652173,3.1,Platform Fulfilled,17.82608695652174,4073.8109999999997,34.78,41.0,Medium Risk
SELL02620,48,0.3541666666666667,3.8,Platform Fulfilled,21.041666666666668,251839.2315,35.42,37.9,Medium Risk
SELL02621,38,0.13157894736842105,4.3,Platform Fulfilled,16.57894736842105,6055.5734999999995,13.16,20.5,Low Risk
SELL02622,35,0.2,4.2,Platform Fulfilled,13.857142857142858,58901.9835,20.0,23.0,Low Risk
SELL02623,44,0.5454545454545454,2.9,Seller Fulfilled,13.75,21771.7365,54.55,50.0,Medium Risk
SELL02624,43,0.13953488372093023,4.3,Platform Fulfilled,17.325581395348838,1149.2655,13.95,21.3,Low Risk
SELL02625,37,0.16216216216216217,4.4,Seller Fulfilled,12.567567567567568,53879.754,16.22,18.9,Low Risk
SELL02626,53,0.22641509433962265,3.1,Platform Fulfilled,13.867924528301886,71164.3665,22.64,32.6,Low Risk
SELL02627,31,0.22580645161290322,3.9,Seller Fulfilled,11.451612903225806,4475.1045,22.58,25.2,Low Risk
SELL02628,51,0.21568627450980393,4.0,Seller Fulfilled,11.96078431372549,24750.4875,21.57,24.2,Low Risk
SELL02629,35,0.14285714285714285,3.5,Seller Fulfilled,14.857142857142858,4327.349999999999,14.29,26.0,Low Risk
SELL02630,31,0.25806451612903225,3.7,Platform Fulfilled,18.70967741935484,6013.150499999999,25.81,32.5,Low Risk
SELL02631,10,0.1,2.0,Platform Fulfilled,7.0,136.3995,10.0,30.5,Low Risk
SELL02632,9,0.3333333333333333,4.6,Platform Fulfilled,14.444444444444445,84474.44399999999,33.33,27.0,Low Risk
SELL02633,37,0.24324324324324326,3.8,Seller Fulfilled,21.486486486486488,29667.916500000003,24.32,32.6,Low Risk
SELL02634,50,0.26,4.1,Seller Fulfilled,15.0,275779.2765,26.0,27.4,Low Risk
SELL02635,46,0.30434782608695654,3.4,Seller Fulfilled,18.043478260869566,48806.8395,30.43,36.7,Medium Risk
SELL02636,12,0.08333333333333333,3.1,Platform Fulfilled,10.833333333333334,304.3725,8.33,23.7,Low Risk
SELL02637,42,0.11904761904761904,4.1,Seller Fulfilled,22.61904761904762,2974.0125000000003,11.9,24.9,Low Risk
SELL02638,35,0.34285714285714286,4.1,Seller Fulfilled,14.142857142857142,108240.11399999999,34.29,31.1,Low Risk
SELL02639,51,0.6078431372549019,3.1,Seller Fulfilled,15.980392156862745,269011.1625,60.78,52.9,Medium Risk
SELL02640,29,0.13793103448275862,3.5,Seller Fulfilled,14.655172413793103,3716.7765,13.79,25.6,Low Risk
SELL02641,38,0.0,4.1,Seller Fulfilled,11.18421052631579,0.0,0.0,12.2,Low Risk
SELL02642,46,0.21739130434782608,4.6,Seller Fulfilled,20.869565217391305,48168.08699999999,21.74,25.0,Low Risk
SELL02643,16,0.1875,2.8,Seller Fulfilled,11.25,21355.863,18.75,31.4,Low Risk
SELL02644,7,0.2857142857142857,3.6,Seller Fulfilled,21.428571428571427,3134.5965000000006,28.57,36.3,Medium Risk
SELL02645,12,0.08333333333333333,4.8,Platform Fulfilled,20.0,20136.1965,8.33,16.3,Low Risk
SELL02646,33,0.45454545454545453,3.2,Platform Fulfilled,15.606060606060606,36367.629,45.45,44.3,Medium Risk
SELL02647,52,0.19230769230769232,4.0,Seller Fulfilled,15.576923076923077,12710.112,19.23,25.1,Low Risk
SELL02648,28,0.39285714285714285,3.1,Seller Fulfilled,20.714285714285715,142849.0125,39.29,44.9,Medium Risk
SELL02649,34,0.35294117647058826,3.2,Seller Fulfilled,14.558823529411764,9954.684,35.29,38.6,Medium Risk
SELL02650,43,0.3488372093023256,3.8,Seller Fulfilled,14.767441860465116,102641.274,34.88,34.0,Medium Risk
SELL02651,48,0.22916666666666666,4.4,Platform Fulfilled,9.479166666666666,14068.298999999999,22.92,20.4,Low Risk
SELL02652,25,0.44,3.3,Seller Fulfilled,20.2,7924.312499999999,44.0,45.5,Medium Risk
SELL02653,39,0.2564102564102564,4.1,Seller Fulfilled,13.205128205128204,39933.77849999999,25.64,26.2,Low Risk
SELL02654,31,0.12903225806451613,5.0,Platform Fulfilled,10.483870967741936,28484.944499999998,12.9,11.5,Low Risk
SELL02655,59,0.3389830508474576,3.6,Seller Fulfilled,12.627118644067796,42978.133499999996,33.9,33.8,Medium Risk
SELL02656,47,0.2127659574468085,4.3,Seller Fulfilled,16.914893617021278,97934.57699999999,21.28,24.7,Low Risk
SELL02657,5,0.0,3.8,Seller Fulfilled,25.0,0.0,0.0,22.6,Low Risk
SELL02658,67,0.13432835820895522,4.1,Platform Fulfilled,20.074626865671643,35311.5,13.43,24.1,Low Risk
SELL02659,79,0.189873417721519,4.5,Platform Fulfilled,16.329113924050635,51329.652,18.99,21.7,Low Risk
SELL02660,54,0.24074074074074073,2.8,Seller Fulfilled,14.907407407407407,12280.787999999999,24.07,36.2,Medium Risk
SELL02661,25,0.2,4.0,Seller Fulfilled,15.4,8296.143,20.0,25.4,Low Risk
SELL02662,69,0.34782608695652173,2.6,Seller Fulfilled,16.3768115942029,166357.45349999997,34.78,43.9,Medium Risk
SELL02663,40,0.2,5.0,Platform Fulfilled,16.375,82296.69,20.0,18.5,Low Risk
SELL02664,23,0.30434782608695654,4.4,Seller Fulfilled,11.08695652173913,3562.389,30.43,25.1,Low Risk
SELL02665,34,0.17647058823529413,4.1,Platform Fulfilled,16.029411764705884,50020.674,17.65,23.8,Low Risk
SELL02666,68,0.1323529411764706,3.5,Seller Fulfilled,15.367647058823529,18995.2605,13.24,25.8,Low Risk
SELL02667,60,0.3,3.9,Platform Fulfilled,17.083333333333332,94578.10949999999,30.0,32.2,Low Risk
SELL02668,58,0.10344827586206896,3.5,Platform Fulfilled,18.879310344827587,39634.368,10.34,26.4,Low Risk
SELL02669,59,0.1016949152542373,4.5,Platform Fulfilled,16.1864406779661,24785.782499999998,10.17,17.2,Low Risk
SELL02670,11,0.18181818181818182,4.0,Platform Fulfilled,29.545454545454547,44477.34449999999,18.18,32.8,Low Risk
SELL02671,37,0.10810810810810811,3.9,Seller Fulfilled,14.054054054054054,5188.59,10.81,20.8,Low Risk
SELL02672,8,0.0,3.9,Seller Fulfilled,8.75,0.0,0.0,12.3,Low Risk
SELL02673,37,0.0,4.7,Seller Fulfilled,16.486486486486488,0.0,0.0,10.8,Low Risk
SELL02674,38,0.23684210526315788,3.7,Seller Fulfilled,12.763157894736842,105467.2605,23.68,28.0,Low Risk
SELL02675,37,0.21621621621621623,4.1,Seller Fulfilled,13.91891891891892,30447.609,21.62,24.6,Low Risk
SELL02676,53,0.2830188679245283,4.2,Seller Fulfilled,15.660377358490566,33304.506,28.3,28.2,Low Risk
SELL02677,37,0.08108108108108109,5.0,Platform Fulfilled,18.64864864864865,11520.6405,8.11,13.9,Low Risk
SELL02678,44,0.18181818181818182,3.7,Seller Fulfilled,23.068181818181817,19002.0975,18.18,31.3,Low Risk
SELL02679,25,0.24,4.3,Seller Fulfilled,15.0,83286.78450000001,24.0,25.0,Low Risk
SELL02680,15,0.06666666666666667,4.3,Seller Fulfilled,11.333333333333334,1130.694,6.67,14.1,Low Risk
SELL02681,66,0.25757575757575757,5.0,Seller Fulfilled,15.454545454545455,51677.382,25.76,20.9,Low Risk
SELL02682,50,0.22,4.1,Seller Fulfilled,16.9,2596.6199999999994,22.0,26.6,Low Risk
SELL02683,45,0.35555555555555557,3.8,Seller Fulfilled,11.0,156587.00249999997,35.56,32.1,Low Risk
SELL02684,60,0.15,3.9,Platform Fulfilled,13.25,92524.63199999998,15.0,22.4,Low Risk
SELL02685,9,0.7777777777777778,2.5,Platform Fulfilled,21.666666666666668,7759.038,77.78,69.2,High Risk
SELL02686,21,0.47619047619047616,3.7,Seller Fulfilled,14.047619047619047,115274.169,47.62,40.7,Medium Risk
SELL02687,56,0.07142857142857142,4.6,Seller Fulfilled,14.821428571428571,505.27199999999993,7.14,14.1,Low Risk
SELL02688,28,0.17857142857142858,4.6,Platform Fulfilled,18.928571428571427,39780.0585,17.86,22.0,Low Risk
SELL02689,23,0.08695652173913043,4.0,Seller Fulfilled,15.217391304347826,9612.521999999999,8.7,19.7,Low Risk
SELL02690,22,0.45454545454545453,3.2,Platform Fulfilled,18.863636363636363,144801.52049999998,45.45,46.2,Medium Risk
SELL02691,34,0.35294117647058826,3.0,Platform Fulfilled,12.5,103306.74449999999,35.29,38.9,Medium Risk
SELL02692,8,0.5,3.0,Platform Fulfilled,22.5,28677.5625,50.0,52.1,Medium Risk
SELL02693,31,0.22580645161290322,4.1,Seller Fulfilled,15.0,3789.0855,22.58,25.8,Low Risk
SELL02694,27,0.3333333333333333,3.2,Seller Fulfilled,19.814814814814813,17300.2455,33.33,40.7,Medium Risk
SELL02695,54,0.3333333333333333,4.1,Seller Fulfilled,16.944444444444443,9751.768499999998,33.33,32.2,Low Risk
SELL02696,34,0.29411764705882354,3.9,Platform Fulfilled,14.852941176470589,45518.484,29.41,30.6,Low Risk
SELL02697,46,0.17391304347826086,5.0,Seller Fulfilled,16.73913043478261,3863.9474999999998,17.39,17.4,Low Risk
SELL02698,41,0.2926829268292683,4.5,Platform Fulfilled,12.439024390243903,75615.26999999999,29.27,24.6,Low Risk
SELL02699,60,0.23333333333333334,3.8,Seller Fulfilled,18.166666666666668,20588.949,23.33,30.2,Low Risk
SELL02701,29,0.2413793103448276,3.6,Seller Fulfilled,13.448275862068966,2725.1325,24.14,29.3,Low Risk
SELL02702,61,0.4262295081967213,3.1,Platform Fulfilled,16.311475409836067,237169.599,42.62,44.0,Medium Risk
SELL02703,32,0.34375,3.1,Platform Fulfilled,12.65625,65672.013,34.38,37.8,Medium Risk
SELL02704,25,0.2,3.4,Platform Fulfilled,21.8,4104.045,20.0,33.7,Medium Risk
SELL02705,40,0.1,4.7,Seller Fulfilled,18.125,6810.8205,10.0,16.8,Low Risk
SELL02706,74,0.24324324324324326,4.5,Seller Fulfilled,14.054054054054054,92893.965,24.32,23.0,Low Risk
SELL02707,32,0.0625,4.7,Platform Fulfilled,13.4375,1789.3334999999997,6.25,12.1,Low Risk
SELL02708,51,0.3333333333333333,3.7,Platform Fulfilled,17.84313725490196,122911.503,33.33,35.8,Medium Risk
SELL02709,34,0.23529411764705882,4.3,Platform Fulfilled,12.058823529411764,7144.1355,23.53,23.0,Low Risk
SELL02710,42,0.2857142857142857,5.0,Seller Fulfilled,19.166666666666668,48109.992,28.57,24.4,Low Risk
SELL02711,36,0.1388888888888889,3.8,Platform Fulfilled,18.47222222222222,22049.076,13.89,25.7,Low Risk
SELL02712,22,0.5,2.9,Seller Fulfilled,14.545454545454545,173863.83149999997,50.0,48.2,Medium Risk
SELL02713,32,0.5,3.1,Platform Fulfilled,13.90625,215191.38149999996,50.0,46.3,Medium Risk
SELL02714,66,0.3787878787878788,4.5,Seller Fulfilled,18.636363636363637,88934.331,37.88,32.5,Low Risk
SELL02715,65,0.12307692307692308,3.0,Platform Fulfilled,18.0,3865.4565000000002,12.31,30.6,Low Risk
SELL02716,44,0.20454545454545456,3.5,Platform Fulfilled,17.727272727272727,123281.0985,20.45,30.8,Low Risk
SELL02717,68,0.3235294117647059,3.6,Platform Fulfilled,13.529411764705882,206823.17249999996,32.35,33.5,Medium Risk
SELL02718,19,0.3157894736842105,3.5,Seller Fulfilled,16.05263157894737,46624.272,31.58,35.4,Medium Risk
SELL02719,80,0.275,3.8,Seller Fulfilled,19.0625,143086.36049999998,27.5,32.8,Low Risk
SELL02720,45,0.1111111111111111,4.5,Seller Fulfilled,15.222222222222221,3019.7429999999995,11.11,17.1,Low Risk
SELL02721,42,0.2619047619047619,3.9,Seller Fulfilled,17.261904761904763,25600.364999999998,26.19,30.4,Low Risk
SELL02722,11,0.18181818181818182,3.8,Platform Fulfilled,14.545454545454545,27.073500000000003,18.18,25.5,Low Risk
SELL02723,8,0.25,3.4,Platform Fulfilled,20.0,1033.812,25.0,35.1,Medium Risk
SELL02724,16,0.25,5.0,Platform Fulfilled,16.875,41331.8235,25.0,21.3,Low Risk
SELL02725,31,0.0967741935483871,3.8,Seller Fulfilled,15.806451612903226,2569.8599999999997,9.68,22.0,Low Risk
SELL02726,18,0.1111111111111111,4.4,Seller Fulfilled,16.38888888888889,34516.1985,11.11,18.6,Low Risk
SELL02727,40,0.2,3.7,Seller Fulfilled,14.375,14132.295,20.0,27.1,Low Risk
SELL02728,68,0.27941176470588236,3.1,Seller Fulfilled,15.955882352941176,31426.889999999996,27.94,36.5,Medium Risk
SELL02729,35,0.22857142857142856,4.0,Seller Fulfilled,15.0,46764.4695,22.86,26.6,Low Risk
SELL02730,18,0.3888888888888889,3.2,Seller Fulfilled,15.833333333333334,40458.38249999999,38.89,41.1,Medium Risk
SELL02731,9,0.5555555555555556,4.0,Seller Fulfilled,21.666666666666668,77013.18299999999,55.56,46.9,Medium Risk
SELL02732,35,0.6857142857142857,2.7,Seller Fulfilled,20.571428571428573,327807.921,68.57,62.5,Medium Risk
SELL02733,97,0.4536082474226804,2.8,Platform Fulfilled,16.443298969072163,155469.30299999999,45.36,47.7,Medium Risk
SELL02734,26,0.34615384615384615,4.0,Seller Fulfilled,19.615384615384617,50831.498999999996,34.62,35.2,Medium Risk
SELL02735,31,0.2903225806451613,3.7,Seller Fulfilled,15.96774193548387,98013.46649999998,29.03,32.5,Low Risk
SELL02736,37,0.40540540540540543,4.1,Seller Fulfilled,15.0,149184.84,40.54,34.7,Medium Risk
SELL02738,86,0.37209302325581395,3.3,Seller Fulfilled,18.313953488372093,179655.7065,37.21,41.0,Medium Risk
SELL02739,81,0.2345679012345679,3.2,Platform Fulfilled,13.024691358024691,77577.58499999999,23.46,31.8,Low Risk
SELL02740,44,0.36363636363636365,3.9,Seller Fulfilled,14.659090909090908,197186.0835,36.36,34.0,Medium Risk
SELL02741,24,0.2916666666666667,3.5,Seller Fulfilled,16.25,133270.593,29.17,34.3,Medium Risk
SELL02742,34,0.11764705882352941,4.1,Platform Fulfilled,17.647058823529413,1288.002,11.76,21.9,Low Risk
SELL02743,78,0.14102564102564102,3.8,Seller Fulfilled,14.551282051282051,26067.822,14.1,23.5,Low Risk
SELL02744,43,0.3023255813953488,3.9,Seller Fulfilled,13.13953488372093,74105.478,30.23,30.0,Low Risk
SELL02745,24,0.25,5.0,Platform Fulfilled,11.041666666666666,73375.506,25.0,17.9,Low Risk
SELL02746,61,0.21311475409836064,4.2,Seller Fulfilled,14.754098360655737,87491.9535,21.31,24.2,Low Risk
SELL02747,34,0.38235294117647056,3.1,Platform Fulfilled,17.205882352941178,10761.096000000001,38.24,42.3,Medium Risk
SELL02748,12,0.3333333333333333,3.2,Seller Fulfilled,17.916666666666668,4031.6879999999996,33.33,39.6,Medium Risk
SELL02749,24,0.2916666666666667,4.3,Seller Fulfilled,14.375,31055.539500000003,29.17,27.2,Low Risk
SELL02750,31,0.7096774193548387,2.8,Seller Fulfilled,17.580645161290324,103658.33999999998,70.97,61.2,Medium Risk
SELL02751,24,0.125,4.7,Platform Fulfilled,22.916666666666668,4312.4625,12.5,20.8,Low Risk
SELL02752,45,0.37777777777777777,4.2,Platform Fulfilled,14.88888888888889,77790.68699999999,37.78,32.5,Low Risk
SELL02753,26,0.3076923076923077,3.8,Seller Fulfilled,10.76923076923077,76444.6035,30.77,29.6,Low Risk
SELL02754,56,0.14285714285714285,4.4,Platform Fulfilled,16.428571428571427,49992.004499999995,14.29,20.2,Low Risk
SELL02755,91,0.18681318681318682,4.3,Seller Fulfilled,17.36263736263736,96013.83899999999,18.68,23.7,Low Risk
SELL02756,16,0.0625,3.1,Platform Fulfilled,14.6875,551.5424999999999,6.25,24.8,Low Risk
SELL02757,79,0.11392405063291139,4.4,Seller Fulfilled,11.455696202531646,12363.6645,11.39,15.8,Low Risk
SELL02758,28,0.21428571428571427,3.8,Seller Fulfilled,12.142857142857142,8447.418,21.43,25.7,Low Risk
SELL02759,46,0.15217391304347827,3.8,Platform Fulfilled,18.152173913043477,2855.4959999999996,15.22,26.1,Low Risk
SELL02760,38,0.4473684210526316,3.4,Platform Fulfilled,17.63157894736842,93835.2465,44.74,43.6,Medium Risk
SELL02761,42,0.5238095238095238,3.3,Seller Fulfilled,13.333333333333334,93415.7895,52.38,45.7,Medium Risk
SELL02762,92,0.13043478260869565,4.4,Seller Fulfilled,14.347826086956522,9163.692,13.04,18.3,Low Risk
SELL02763,27,0.1111111111111111,4.3,Platform Fulfilled,12.962962962962964,2472.78,11.11,17.3,Low Risk
SELL02764,19,0.5263157894736842,2.9,Seller Fulfilled,14.210526315789474,6240.9225,52.63,49.3,Medium Risk
SELL02765,83,0.1566265060240964,3.7,Seller Fulfilled,18.795180722891565,136122.378,15.66,27.5,Low Risk
SELL02766,29,0.06896551724137931,5.0,Platform Fulfilled,18.103448275862068,1386.78,6.9,13.0,Low Risk
SELL02767,10,0.8,2.7,Seller Fulfilled,13.0,94877.49900000001,80.0,63.8,Medium Risk
SELL02768,17,0.4117647058823529,3.5,Seller Fulfilled,17.352941176470587,24347.31,41.18,40.9,Medium Risk
SELL02769,107,0.35514018691588783,3.1,Platform Fulfilled,14.813084112149532,174543.732,35.51,39.6,Medium Risk
SELL02770,59,0.288135593220339,4.3,Seller Fulfilled,14.745762711864407,56087.0235,28.81,27.2,Low Risk
SELL02771,40,0.25,3.7,Seller Fulfilled,18.625,8392.77,25.0,32.1,Low Risk
SELL02772,52,0.4230769230769231,2.0,Platform Fulfilled,15.192307692307692,193895.9085,42.31,51.4,Medium Risk
SELL02773,107,0.2897196261682243,4.1,Seller Fulfilled,17.710280373831775,225322.7625,28.97,30.5,Low Risk
SELL02774,63,0.5238095238095238,3.2,Seller Fulfilled,18.80952380952381,349857.195,52.38,49.6,Medium Risk
SELL02775,20,0.35,2.7,Seller Fulfilled,16.25,1833.015,35.0,43.2,Medium Risk
SELL02776,29,0.13793103448275862,5.0,Platform Fulfilled,22.24137931034483,5597.49,13.79,18.8,Low Risk
SELL02777,58,0.3275862068965517,3.3,Seller Fulfilled,15.431034482758621,25398.159,32.76,37.1,Medium Risk
SELL02778,33,0.06060606060606061,4.4,Seller Fulfilled,19.696969696969695,11314.353,6.06,18.0,Low Risk
SELL02779,17,0.17647058823529413,4.0,Platform Fulfilled,11.176470588235293,26557.222499999996,17.65,21.8,Low Risk
SELL02780,41,0.24390243902439024,3.1,Platform Fulfilled,15.0,54992.138999999996,24.39,34.2,Medium Risk
SELL02781,46,0.2391304347826087,3.7,Seller Fulfilled,18.47826086956522,26056.035,23.91,31.4,Low Risk
SELL02782,57,0.21052631578947367,5.0,Platform Fulfilled,16.403508771929825,22645.014,21.05,19.1,Low Risk
SELL02783,37,0.2702702702702703,2.6,Platform Fulfilled,15.81081081081081,21845.143500000002,27.03,39.7,Medium Risk
SELL02784,20,0.1,5.0,Seller Fulfilled,17.75,13556.554500000002,10.0,14.3,Low Risk
SELL02785,34,0.17647058823529413,3.9,Seller Fulfilled,18.529411764705884,43870.386,17.65,26.8,Low Risk
SELL02786,29,0.5172413793103449,3.1,Platform Fulfilled,18.448275862068964,9925.7535,51.72,49.8,Medium Risk
SELL02787,37,0.21621621621621623,3.5,Platform Fulfilled,15.135135135135135,32531.284499999994,21.62,29.8,Low Risk
SELL02788,73,0.2328767123287671,4.2,Seller Fulfilled,14.58904109589041,85918.62899999999,23.29,25.1,Low Risk
SELL02789,23,0.13043478260869565,4.7,Seller Fulfilled,13.695652173913043,1362.9524999999999,13.04,15.7,Low Risk
SELL02790,52,0.1346153846153846,3.0,Platform Fulfilled,15.48076923076923,10169.007,13.46,29.7,Low Risk
SELL02791,30,0.36666666666666664,4.4,Seller Fulfilled,15.833333333333334,56735.83949999999,36.67,31.0,Low Risk
SELL02792,32,0.21875,4.5,Seller Fulfilled,11.5625,22500.4305,21.88,20.4,Low Risk
SELL02793,68,0.20588235294117646,3.8,Platform Fulfilled,15.955882352941176,113046.9975,20.59,27.6,Low Risk
SELL02794,36,0.4166666666666667,3.4,Platform Fulfilled,18.333333333333332,66467.17949999998,41.67,42.5,Medium Risk
SELL02795,46,0.2608695652173913,3.7,Platform Fulfilled,15.652173913043478,94930.3935,26.09,30.9,Low Risk
SELL02796,15,0.0,3.3,Platform Fulfilled,19.666666666666668,0.0,0.0,23.2,Low Risk
SELL02797,31,0.1935483870967742,4.0,Seller Fulfilled,15.32258064516129,44297.63250000001,19.35,25.1,Low Risk
SELL02798,87,0.13793103448275862,4.2,Platform Fulfilled,13.908045977011493,32287.238999999998,13.79,20.0,Low Risk
SELL02799,48,0.20833333333333334,3.8,Seller Fulfilled,12.1875,13976.245499999999,20.83,25.4,Low Risk
SELL02800,57,0.12280701754385964,4.6,Seller Fulfilled,18.42105263157895,24798.6525,12.28,18.8,Low Risk
SELL02801,16,0.3125,3.6,Platform Fulfilled,15.9375,50818.932,31.25,34.3,Medium Risk
SELL02802,56,0.05357142857142857,4.8,Platform Fulfilled,16.696428571428573,1782.9255,5.36,12.9,Low Risk
SELL02803,26,0.5384615384615384,2.5,Seller Fulfilled,13.846153846153847,7272.742499999999,53.85,52.7,Medium Risk
SELL02804,107,0.14018691588785046,4.4,Platform Fulfilled,13.08411214953271,30766.402499999997,14.02,18.1,Low Risk
SELL02805,38,0.15789473684210525,4.0,Platform Fulfilled,16.31578947368421,7093.397999999999,15.79,23.9,Low Risk
SELL02806,44,0.29545454545454547,3.5,Seller Fulfilled,20.113636363636363,25782.6345,29.55,36.7,Medium Risk
SELL02807,18,0.2222222222222222,3.5,Platform Fulfilled,12.222222222222221,6196.6425,22.22,28.4,Low Risk
SELL02808,30,0.3,3.2,Seller Fulfilled,17.666666666666668,3880.419,30.0,37.8,Medium Risk
SELL02809,33,0.12121212121212122,4.4,Platform Fulfilled,17.424242424242426,7616.951999999999,12.12,19.7,Low Risk
SELL02810,34,0.17647058823529413,4.7,Platform Fulfilled,17.205882352941178,8167.314,17.65,20.0,Low Risk
SELL02811,42,0.047619047619047616,4.5,Seller Fulfilled,12.261904761904763,2022.3179999999998,4.76,12.2,Low Risk
SELL02812,47,0.2765957446808511,4.4,Seller Fulfilled,15.74468085106383,69845.25000000001,27.66,26.5,Low Risk
SELL02813,30,0.2,3.8,Platform Fulfilled,14.166666666666666,24860.5875,20.0,26.2,Low Risk
SELL02814,100,0.27,3.9,Seller Fulfilled,16.15,149964.95850000004,27.0,30.1,Low Risk
SELL02815,62,0.20967741935483872,4.0,Seller Fulfilled,17.822580645161292,108561.36599999998,20.97,27.3,Low Risk
SELL02816,27,0.37037037037037035,2.6,Platform Fulfilled,12.037037037037036,30603.485999999997,37.04,42.5,Medium Risk
SELL02817,53,0.32075471698113206,3.3,Platform Fulfilled,19.056603773584907,115810.1715,32.08,38.9,Medium Risk
SELL02818,13,0.46153846153846156,3.6,Seller Fulfilled,13.846153846153847,1354.551,46.15,40.6,Medium Risk
SELL02819,56,0.14285714285714285,4.0,Seller Fulfilled,18.839285714285715,1483.791,14.29,24.6,Low Risk
SELL02820,29,0.13793103448275862,4.7,Seller Fulfilled,17.75862068965517,4669.971,13.79,18.5,Low Risk
SELL02821,76,0.4605263157894737,2.4,Seller Fulfilled,12.631578947368421,23759.688000000002,46.05,48.8,Medium Risk
SELL02822,21,0.19047619047619047,3.0,Seller Fulfilled,13.095238095238095,1943.7089999999998,19.05,31.1,Low Risk
SELL02823,45,0.2222222222222222,4.7,Platform Fulfilled,16.555555555555557,5028.6615,22.22,22.0,Low Risk
SELL02824,29,0.06896551724137931,5.0,Platform Fulfilled,24.137931034482758,197.64749999999998,6.9,16.5,Low Risk
SELL02825,49,0.20408163265306123,3.6,Seller Fulfilled,12.142857142857142,80063.094,20.41,26.7,Low Risk
SELL02826,33,0.30303030303030304,4.5,Seller Fulfilled,18.03030303030303,51780.13799999999,30.3,28.4,Low Risk
SELL02827,11,0.36363636363636365,3.9,Platform Fulfilled,17.727272727272727,1934.766,36.36,35.8,Medium Risk
SELL02828,32,0.15625,4.3,Seller Fulfilled,10.625,3189.618,15.62,18.2,Low Risk
SELL02829,101,0.25742574257425743,3.9,Seller Fulfilled,13.861386138613861,77338.3035,25.74,28.1,Low Risk
SELL02830,32,0.125,5.0,Platform Fulfilled,15.3125,5139.487499999999,12.5,14.1,Low Risk
SELL02831,45,0.3333333333333333,4.5,Seller Fulfilled,15.666666666666666,68935.69950000002,33.33,28.5,Low Risk
SELL02832,29,0.20689655172413793,4.7,Platform Fulfilled,14.310344827586206,49130.5485,20.69,19.9,Low Risk
SELL02833,29,0.27586206896551724,3.4,Platform Fulfilled,18.79310344827586,8805.1755,27.59,35.7,Medium Risk
SELL02834,18,0.1111111111111111,4.0,Platform Fulfilled,11.666666666666666,1183.7939999999999,11.11,18.8,Low Risk
SELL02835,34,0.35294117647058826,3.4,Seller Fulfilled,12.205882352941176,60756.46349999999,35.29,35.7,Medium Risk
SELL02836,43,0.16279069767441862,4.7,Platform Fulfilled,14.069767441860465,38448.06,16.28,17.5,Low Risk
SELL02837,64,0.09375,4.4,Seller Fulfilled,14.375,1924.6335000000001,9.38,16.5,Low Risk
SELL02838,56,0.30357142857142855,4.2,Platform Fulfilled,12.857142857142858,98402.976,30.36,27.6,Low Risk
SELL02839,24,0.20833333333333334,3.0,Platform Fulfilled,21.458333333333332,109626.44699999999,20.83,36.9,Medium Risk
SELL02840,58,0.22413793103448276,3.5,Seller Fulfilled,15.775862068965518,33233.3415,22.41,30.6,Low Risk
SELL02841,24,0.4166666666666667,2.9,Platform Fulfilled,17.5,9080.7795,41.67,45.8,Medium Risk
SELL02842,77,0.14285714285714285,3.5,Seller Fulfilled,16.363636363636363,33988.947,14.29,26.9,Low Risk
SELL02843,31,0.16129032258064516,3.7,Seller Fulfilled,17.096774193548388,992.361,16.13,26.7,Low Risk
SELL02844,55,0.21818181818181817,3.4,Seller Fulfilled,15.636363636363637,62597.883,21.82,31.0,Low Risk
SELL02845,78,0.2692307692307692,2.9,Seller Fulfilled,17.756410256410255,155540.0895,26.92,38.5,Medium Risk
SELL02846,38,0.07894736842105263,4.2,Platform Fulfilled,14.078947368421053,5890.327499999999,7.89,17.1,Low Risk
SELL02848,76,0.34210526315789475,4.2,Seller Fulfilled,18.486842105263158,86068.26000000001,34.21,32.8,Low Risk
SELL02849,24,0.25,3.7,Platform Fulfilled,13.958333333333334,48401.589,25.0,29.3,Low Risk
SELL02850,25,0.28,2.9,Platform Fulfilled,16.2,73446.7095,28.0,38.2,Medium Risk
SELL02852,16,0.0625,4.5,Platform Fulfilled,16.875,639.1784999999999,6.25,15.6,Low Risk
SELL02853,9,0.2222222222222222,4.1,Seller Fulfilled,12.777777777777779,15987.779999999999,22.22,24.2,Low Risk
SELL02854,57,0.12280701754385964,4.4,Platform Fulfilled,15.43859649122807,6386.9385,12.28,18.6,Low Risk
SELL02855,48,0.20833333333333334,4.4,Seller Fulfilled,14.479166666666666,50489.8965,20.83,22.3,Low Risk
SELL02856,35,0.3142857142857143,3.7,Seller Fulfilled,19.142857142857142,7266.550499999999,31.43,35.6,Medium Risk
SELL02857,76,0.14473684210526316,3.9,Platform Fulfilled,15.789473684210526,6189.591,14.47,23.7,Low Risk
SELL02858,8,0.375,3.7,Seller Fulfilled,11.25,263.958,37.5,34.0,Medium Risk
SELL02859,93,0.1827956989247312,4.4,Platform Fulfilled,18.548387096774192,156311.898,18.28,23.4,Low Risk
SELL02860,15,0.6666666666666666,3.5,Seller Fulfilled,9.0,7747.4039999999995,66.67,48.8,Medium Risk
SELL02861,40,0.375,2.4,Seller Fulfilled,18.125,5473.834499999999,37.5,47.8,Medium Risk
SELL02862,6,0.3333333333333333,3.6,Seller Fulfilled,12.5,7051.279500000001,33.33,33.4,Medium Risk
SELL02863,31,0.25806451612903225,3.7,Seller Fulfilled,15.96774193548387,7827.9645,25.81,30.9,Low Risk
SELL02864,11,0.0,5.0,Platform Fulfilled,12.272727272727273,0.0,0.0,6.1,Low Risk
SELL02865,59,0.22033898305084745,5.0,Seller Fulfilled,16.10169491525424,49436.10749999999,22.03,19.3,Low Risk
SELL02866,72,0.125,3.8,Seller Fulfilled,15.694444444444445,15473.228999999998,12.5,23.4,Low Risk
SELL02867,22,0.2727272727272727,5.0,Platform Fulfilled,14.772727272727273,79473.873,27.27,21.2,Low Risk
SELL02868,14,0.5,2.7,Seller Fulfilled,16.428571428571427,120448.8195,50.0,50.8,Medium Risk
SELL02869,26,0.07692307692307693,3.2,Platform Fulfilled,15.0,976.8659999999999,7.69,25.0,Low Risk
SELL02870,48,0.6041666666666666,1.8,Platform Fulfilled,19.583333333333332,28398.4455,60.42,64.6,Medium Risk
SELL02871,20,0.1,4.4,Seller Fulfilled,18.5,3377.904,10.0,19.2,Low Risk
SELL02872,52,0.19230769230769232,4.4,Platform Fulfilled,17.21153846153846,74932.28400000001,19.23,23.1,Low Risk
SELL02873,59,0.3898305084745763,3.0,Seller Fulfilled,15.423728813559322,129889.36499999999,38.98,42.4,Medium Risk
SELL02874,32,0.125,4.3,Platform Fulfilled,17.1875,910.0695,12.5,20.5,Low Risk
SELL02875,18,0.0,4.1,Platform Fulfilled,18.88888888888889,0.0,0.0,16.7,Low Risk
SELL02876,41,0.24390243902439024,4.0,Platform Fulfilled,16.829268292682926,132012.1125,24.39,28.5,Low Risk
SELL02877,38,0.3157894736842105,3.7,Seller Fulfilled,18.157894736842106,8572.449,31.58,35.1,Medium Risk
SELL02878,43,0.11627906976744186,4.2,Seller Fulfilled,16.27906976744186,3199.29,11.63,20.2,Low Risk
SELL02879,17,0.23529411764705882,4.7,Seller Fulfilled,11.470588235294118,12693.5085,23.53,19.6,Low Risk
SELL02880,21,0.047619047619047616,3.7,Platform Fulfilled,13.333333333333334,242.71649999999997,4.76,18.9,Low Risk
SELL02881,69,0.18840579710144928,4.4,Platform Fulfilled,12.681159420289855,8788.707,18.84,20.2,Low Risk
SELL02882,36,0.4444444444444444,3.4,Seller Fulfilled,15.694444444444445,6307.9485,44.44,42.3,Medium Risk
SELL02883,29,0.20689655172413793,3.6,Seller Fulfilled,17.413793103448278,48246.0975,20.69,30.0,Low Risk
SELL02884,23,0.043478260869565216,4.5,Seller Fulfilled,23.26086956521739,57.8475,4.35,18.4,Low Risk
SELL02885,62,0.3709677419354839,3.4,Seller Fulfilled,15.0,11183.980499999998,37.1,38.2,Medium Risk
SELL02886,57,0.3157894736842105,2.3,Platform Fulfilled,15.964912280701755,11904.5445,31.58,44.3,Medium Risk
SELL02888,63,0.25396825396825395,4.0,Seller Fulfilled,13.571428571428571,138628.6515,25.4,27.1,Low Risk
SELL02889,115,0.24347826086956523,3.5,Seller Fulfilled,13.608695652173912,164347.236,24.35,30.3,Low Risk
SELL02890,19,0.47368421052631576,3.7,Seller Fulfilled,15.789473684210526,2437.956,47.37,41.6,Medium Risk
SELL02891,61,0.21311475409836064,4.0,Platform Fulfilled,15.40983606557377,77619.0405,21.31,26.1,Low Risk
SELL02892,46,0.1956521739130435,4.0,Seller Fulfilled,14.673913043478262,181144.7625,19.57,24.8,Low Risk
SELL02893,22,0.045454545454545456,3.9,Platform Fulfilled,15.681818181818182,2499.4245,4.55,18.6,Low Risk
SELL02894,23,0.21739130434782608,3.8,Seller Fulfilled,21.73913043478261,2795.865,21.74,31.5,Low Risk
SELL02895,33,0.30303030303030304,3.3,Seller Fulfilled,16.060606060606062,14187.095999999998,30.3,36.2,Medium Risk
SELL02896,31,0.3870967741935484,3.4,Seller Fulfilled,19.193548387096776,13490.140499999998,38.71,41.5,Medium Risk
SELL02898,55,0.43636363636363634,3.3,Seller Fulfilled,19.818181818181817,121080.49500000001,43.64,45.1,Medium Risk
SELL02899,41,0.14634146341463414,3.4,Seller Fulfilled,14.512195121951219,3545.238,14.63,26.7,Low Risk
SELL02900,50,0.2,5.0,Platform Fulfilled,14.6,132486.3135,20.0,17.5,Low Risk
SELL02901,9,0.2222222222222222,4.4,Platform Fulfilled,16.11111111111111,530.574,22.22,23.9,Low Risk
SELL02902,35,0.22857142857142856,5.0,Seller Fulfilled,18.571428571428573,64551.399000000005,22.86,21.2,Low Risk
SELL02903,63,0.14285714285714285,3.8,Platform Fulfilled,13.095238095238095,44349.723000000005,14.29,22.7,Low Risk
SELL02904,38,0.21052631578947367,4.7,Seller Fulfilled,12.894736842105264,6904.635,21.05,19.3,Low Risk
SELL02905,44,0.4090909090909091,2.7,Seller Fulfilled,17.613636363636363,108793.89899999999,40.91,46.9,Medium Risk
SELL02906,57,0.17543859649122806,5.0,Seller Fulfilled,12.280701754385966,41366.5065,17.54,14.8,Low Risk
SELL02907,36,0.25,3.3,Platform Fulfilled,17.77777777777778,79474.698,25.0,34.6,Medium Risk
SELL02908,26,0.2692307692307692,3.3,Seller Fulfilled,11.73076923076923,1727.019,26.92,32.0,Low Risk
SELL02909,8,0.125,5.0,Seller Fulfilled,20.0,517.842,12.5,16.9,Low Risk
SELL02910,44,0.09090909090909091,3.8,Platform Fulfilled,20.454545454545453,20010.591,9.09,24.4,Low Risk
SELL02911,31,0.1935483870967742,2.8,Platform Fulfilled,17.741935483870968,6629.415,19.35,35.5,Medium Risk
SELL02912,62,0.08064516129032258,5.0,Platform Fulfilled,16.693548387096776,32746.389,8.06,12.7,Low Risk
SELL02913,33,0.6363636363636364,3.2,Seller Fulfilled,12.272727272727273,303187.404,63.64,51.4,Medium Risk
SELL02914,39,0.3076923076923077,3.6,Seller Fulfilled,13.717948717948717,76572.50099999999,30.77,32.8,Low Risk
SELL02915,55,0.16363636363636364,4.0,Platform Fulfilled,15.454545454545455,58828.17450000001,16.36,23.7,Low Risk
SELL02916,45,0.28888888888888886,4.1,Seller Fulfilled,15.222222222222221,41616.012,28.89,29.0,Low Risk
SELL02917,27,0.14814814814814814,4.0,Platform Fulfilled,16.48148148148148,34104.951,14.81,23.5,Low Risk
SELL02918,39,0.41025641025641024,2.2,Platform Fulfilled,13.717948717948717,235172.46150000003,41.03,48.4,Medium Risk
SELL02919,12,0.5,2.9,Seller Fulfilled,11.666666666666666,9028.005,50.0,46.5,Medium Risk
SELL02920,14,0.35714285714285715,4.2,Seller Fulfilled,13.571428571428571,3114.8639999999996,35.71,30.7,Low Risk
SELL02921,45,0.13333333333333333,2.9,Platform Fulfilled,17.11111111111111,3427.1115,13.33,31.3,Low Risk
SELL02922,54,0.3888888888888889,2.9,Seller Fulfilled,12.5,119880.009,38.89,41.4,Medium Risk
SELL02923,27,0.4074074074074074,3.7,Seller Fulfilled,17.037037037037038,9675.903,40.74,39.0,Medium Risk
SELL02924,29,0.2413793103448276,5.0,Seller Fulfilled,15.517241379310345,83129.3925,24.14,20.0,Low Risk
SELL02925,29,0.10344827586206896,3.8,Platform Fulfilled,20.17241379310345,815.0174999999999,10.34,24.9,Low Risk
SELL02926,50,0.24,4.3,Platform Fulfilled,18.9,45737.7345,24.0,27.2,Low Risk
SELL02927,24,0.08333333333333333,5.0,Platform Fulfilled,15.833333333333334,1284.945,8.33,12.3,Low Risk
SELL02928,40,0.15,4.6,Platform Fulfilled,11.125,9315.8025,15.0,15.9,Low Risk
SELL02929,75,0.5333333333333333,3.3,Platform Fulfilled,17.0,281458.5135,53.33,48.3,Medium Risk
SELL02930,21,0.09523809523809523,4.1,Seller Fulfilled,16.19047619047619,4524.5205000000005,9.52,19.9,Low Risk
SELL02931,45,0.13333333333333333,5.0,Platform Fulfilled,17.555555555555557,52603.16099999999,13.33,15.8,Low Risk
SELL02932,27,0.14814814814814814,3.7,Seller Fulfilled,15.0,16414.3935,14.81,24.8,Low Risk
SELL02933,79,0.26582278481012656,3.6,Seller Fulfilled,18.164556962025316,11886.502499999999,26.58,33.3,Medium Risk
SELL02934,65,0.24615384615384617,3.8,Platform Fulfilled,18.692307692307693,24286.084499999997,24.62,31.2,Low Risk
SELL02935,73,0.273972602739726,3.8,Seller Fulfilled,11.712328767123287,206325.00749999998,27.4,28.5,Low Risk
SELL02936,21,0.19047619047619047,4.0,Seller Fulfilled,16.428571428571427,3459.807,19.05,25.5,Low Risk
SELL02937,13,0.15384615384615385,4.3,Platform Fulfilled,13.846153846153847,5431.416,15.38,20.0,Low Risk
SELL02938,30,0.2,3.7,Seller Fulfilled,19.166666666666668,28006.993499999997,20.0,29.9,Low Risk
SELL02939,28,0.14285714285714285,4.9,Platform Fulfilled,17.5,10033.914,14.29,17.1,Low Risk
SELL02940,65,0.2923076923076923,3.7,Seller Fulfilled,18.23076923076923,111144.97049999998,29.23,33.9,Medium Risk
SELL02941,7,0.14285714285714285,3.9,Platform Fulfilled,12.857142857142858,548.895,14.29,21.8,Low Risk
SELL02942,36,0.19444444444444445,3.6,Platform Fulfilled,20.0,4205.184,19.44,30.8,Low Risk
SELL02943,42,0.21428571428571427,1.9,Seller Fulfilled,17.261904761904763,15847.1475,21.43,43.0,Medium Risk
SELL02944,131,0.17557251908396945,4.5,Seller Fulfilled,14.083969465648854,229449.04799999995,17.56,19.7,Low Risk
SELL02945,67,0.2835820895522388,3.1,Platform Fulfilled,13.805970149253731,156381.9075,28.36,35.4,Medium Risk
SELL02946,36,0.08333333333333333,3.7,Seller Fulfilled,15.555555555555555,5729.772000000001,8.33,21.9,Low Risk
SELL02947,53,0.4716981132075472,2.8,Seller Fulfilled,12.735849056603774,25949.952,47.17,46.5,Medium Risk
SELL02948,41,0.2682926829268293,3.8,Platform Fulfilled,15.0,6161.9085,26.83,30.1,Low Risk
SELL02949,89,0.21348314606741572,4.1,Seller Fulfilled,17.696629213483146,5501.674499999999,21.35,26.7,Low Risk
SELL02950,53,0.16981132075471697,3.4,Platform Fulfilled,14.622641509433961,110125.42050000001,16.98,28.0,Low Risk
SELL02951,43,0.23255813953488372,3.6,Seller Fulfilled,17.093023255813954,53059.4355,23.26,31.1,Low Risk
SELL02952,20,0.25,4.2,Platform Fulfilled,18.25,24054.843000000004,25.0,28.1,Low Risk
SELL02953,9,0.5555555555555556,3.4,Platform Fulfilled,3.888888888888889,10709.244,55.56,41.0,Medium Risk
SELL02954,18,0.2777777777777778,4.1,Seller Fulfilled,11.944444444444445,17704.4655,27.78,26.6,Low Risk
SELL02955,31,0.22580645161290322,3.6,Seller Fulfilled,17.419354838709676,11356.3125,22.58,30.9,Low Risk
SELL02956,45,0.13333333333333333,4.2,Seller Fulfilled,18.11111111111111,41346.596999999994,13.33,22.2,Low Risk
SELL02957,61,0.45901639344262296,3.0,Platform Fulfilled,13.032786885245901,118739.406,45.9,44.5,Medium Risk
SELL02958,42,0.40476190476190477,3.2,Seller Fulfilled,14.523809523809524,90129.59250000001,40.48,41.2,Medium Risk
SELL02959,22,0.22727272727272727,5.0,Platform Fulfilled,19.545454545454547,12472.000499999998,22.73,21.7,Low Risk
SELL02960,10,0.2,3.7,Seller Fulfilled,10.0,40382.7045,20.0,24.5,Low Risk
SELL02961,37,0.5405405405405406,2.9,Seller Fulfilled,18.64864864864865,125140.87799999998,54.05,52.6,Medium Risk
SELL02962,47,0.5531914893617021,2.7,Platform Fulfilled,17.127659574468087,60660.38549999999,55.32,53.8,Medium Risk
SELL02963,56,0.19642857142857142,4.2,Platform Fulfilled,14.017857142857142,64657.820999999996,19.64,22.9,Low Risk
SELL02964,17,0.35294117647058826,3.7,Seller Fulfilled,17.352941176470587,65542.707,35.29,36.5,Medium Risk
SELL02965,40,0.125,4.0,Platform Fulfilled,16.5,840.7589999999998,12.5,22.3,Low Risk
SELL02966,13,0.0,3.8,Platform Fulfilled,20.76923076923077,0.0,0.0,20.1,Low Risk
SELL02967,29,0.2413793103448276,3.2,Platform Fulfilled,13.793103448275861,3235.9664999999995,24.14,32.5,Low Risk
SELL02968,20,0.3,4.6,Seller Fulfilled,17.0,14626.534500000002,30.0,26.9,Low Risk
SELL02969,26,0.2692307692307692,3.8,Seller Fulfilled,9.807692307692308,3410.031,26.92,27.1,Low Risk
SELL02970,34,0.058823529411764705,4.8,Seller Fulfilled,15.882352941176471,220.7955,5.88,12.7,Low Risk
SELL02971,11,0.18181818181818182,5.0,Platform Fulfilled,23.636363636363637,476.98949999999996,18.18,21.9,Low Risk
SELL02972,40,0.225,5.0,Seller Fulfilled,18.5,91134.19499999999,22.5,21.0,Low Risk
SELL02973,45,0.06666666666666667,5.0,Platform Fulfilled,11.88888888888889,2432.4480000000003,6.67,9.2,Low Risk
SELL02974,16,0.125,3.8,Seller Fulfilled,14.0625,1193.943,12.5,22.4,Low Risk
SELL02975,43,0.37209302325581395,3.2,Platform Fulfilled,15.813953488372093,95255.3505,37.21,40.3,Medium Risk
SELL02976,22,0.09090909090909091,4.9,Seller Fulfilled,13.636363636363637,21653.612999999998,9.09,12.2,Low Risk
SELL02977,37,0.2702702702702703,5.0,Seller Fulfilled,16.486486486486488,124422.65849999999,27.03,22.1,Low Risk
SELL02978,10,0.0,3.9,Seller Fulfilled,9.0,0.0,0.0,12.4,Low Risk
SELL02979,7,0.14285714285714285,3.8,Seller Fulfilled,7.857142857142857,304.8675,14.29,19.6,Low Risk
SELL02980,48,0.14583333333333334,3.8,Platform Fulfilled,16.354166666666668,2331.6045,14.58,24.8,Low Risk
SELL02981,41,0.2926829268292683,3.7,Seller Fulfilled,16.341463414634145,89951.7585,29.27,32.9,Low Risk
SELL02983,20,0.25,4.4,Seller Fulfilled,23.0,6875.545499999999,25.0,29.4,Low Risk
SELL02984,28,0.14285714285714285,4.2,Seller Fulfilled,15.0,270.6825,14.29,20.8,Low Risk
SELL02985,64,0.140625,4.1,Platform Fulfilled,17.03125,78607.23749999999,14.06,22.7,Low Risk
SELL02986,8,0.125,3.4,Platform Fulfilled,8.75,5731.7955,12.5,22.3,Low Risk
SELL02987,27,0.5925925925925926,3.1,Seller Fulfilled,16.11111111111111,100893.336,59.26,52.2,Medium Risk
SELL02988,25,0.16,3.7,Platform Fulfilled,19.0,34675.86749999999,16.0,27.8,Low Risk
SELL02989,53,0.2641509433962264,3.4,Platform Fulfilled,13.962264150943396,38595.8235,26.42,32.3,Low Risk
SELL02990,17,0.11764705882352941,4.2,Seller Fulfilled,16.470588235294116,2220.8894999999998,11.76,20.5,Low Risk
SELL02992,18,0.3888888888888889,2.2,Seller Fulfilled,15.833333333333334,5776.32,38.89,48.6,Medium Risk
SELL02993,14,0.07142857142857142,4.2,Seller Fulfilled,11.071428571428571,106.5915,7.14,14.9,Low Risk
SELL02994,78,0.44871794871794873,2.4,Platform Fulfilled,17.884615384615383,399495.516,44.87,51.3,Medium Risk
SELL02995,22,0.22727272727272727,4.4,Platform Fulfilled,18.863636363636363,64936.056000000004,22.73,25.8,Low Risk
SELL02996,18,0.2777777777777778,4.9,Platform Fulfilled,19.166666666666668,46665.163499999995,27.78,24.8,Low Risk
SELL02997,77,0.15584415584415584,4.9,Seller Fulfilled,14.87012987012987,43153.785,15.58,16.2,Low Risk
SELL02998,17,0.17647058823529413,3.8,Seller Fulfilled,24.11764705882353,16221.357,17.65,30.8,Low Risk
SELL02999,48,0.20833333333333334,3.6,Seller Fulfilled,19.375,51262.4445,20.83,31.2,Low Risk
SELL03000,77,0.33766233766233766,2.9,Platform Fulfilled,17.92207792207792,255647.193,33.77,42.0,Medium Risk
SELL03001,23,0.43478260869565216,3.0,Seller Fulfilled,16.304347826086957,2815.605,43.48,45.2,Medium Risk
SELL03002,49,0.10204081632653061,4.9,Platform Fulfilled,13.16326530612245,13682.175,10.2,12.5,Low Risk
SELL03003,18,0.2222222222222222,3.5,Platform Fulfilled,20.555555555555557,50821.7385,22.22,33.3,Medium Risk
SELL03004,28,0.32142857142857145,3.7,Seller Fulfilled,14.642857142857142,122960.6055,32.14,33.3,Medium Risk
SELL03005,69,0.2463768115942029,5.0,Seller Fulfilled,14.565217391304348,47984.22899999999,24.64,19.7,Low Risk
SELL03006,80,0.1,5.0,Seller Fulfilled,14.5625,1639.464,10.0,12.4,Low Risk
SELL03007,57,0.38596491228070173,2.2,Seller Fulfilled,15.175438596491228,69969.246,38.6,48.1,Medium Risk
SELL03008,30,0.16666666666666666,4.5,Platform Fulfilled,18.833333333333332,2304.1139999999996,16.67,22.0,Low Risk
SELL03009,51,0.17647058823529413,3.8,Seller Fulfilled,14.803921568627452,135445.392,17.65,25.4,Low Risk
SELL03010,36,0.3333333333333333,3.3,Seller Fulfilled,14.444444444444445,5169.606,33.33,36.8,Medium Risk
SELL03011,43,0.09302325581395349,4.7,Seller Fulfilled,13.837209302325581,2604.4875,9.3,13.9,Low Risk
SELL03012,63,0.3492063492063492,4.0,Seller Fulfilled,15.396825396825397,310827.41099999996,34.92,32.9,Low Risk
SELL03013,52,0.28846153846153844,3.1,Seller Fulfilled,21.73076923076923,15145.870499999999,28.85,40.3,Medium Risk
SELL03014,23,0.30434782608695654,4.5,Seller Fulfilled,13.695652173913043,55428.817500000005,30.43,25.9,Low Risk
SELL03015,19,0.5263157894736842,2.8,Platform Fulfilled,12.368421052631579,3639.912,52.63,48.9,Medium Risk
SELL03016,22,0.09090909090909091,4.6,Seller Fulfilled,13.181818181818182,534.381,9.09,14.2,Low Risk
SELL03017,27,0.18518518518518517,4.2,Platform Fulfilled,16.296296296296298,765.912,18.52,23.7,Low Risk
SELL03018,48,0.1875,3.6,Platform Fulfilled,18.854166666666668,46465.515,18.75,29.9,Low Risk
SELL03019,44,0.20454545454545456,3.1,Seller Fulfilled,15.454545454545455,5212.313999999999,20.45,32.5,Low Risk
SELL03020,64,0.125,4.7,Platform Fulfilled,17.890625,64235.931,12.5,17.9,Low Risk
SELL03021,50,0.14,3.6,Platform Fulfilled,17.9,36470.2245,14.0,26.9,Low Risk
SELL03022,13,0.38461538461538464,4.0,Seller Fulfilled,14.23076923076923,29558.1195,38.46,34.0,Medium Risk
SELL03023,53,0.41509433962264153,2.5,Seller Fulfilled,15.566037735849056,10451.994,41.51,47.5,Medium Risk
SELL03024,76,0.06578947368421052,4.4,Platform Fulfilled,16.710526315789473,3660.4605,6.58,16.5,Low Risk
SELL03025,43,0.2558139534883721,4.1,Platform Fulfilled,16.74418604651163,78718.6425,25.58,28.3,Low Risk
SELL03026,37,0.24324324324324326,3.5,Seller Fulfilled,14.45945945945946,47758.966499999995,24.32,30.8,Low Risk
SELL03027,33,0.3333333333333333,3.3,Seller Fulfilled,17.87878787878788,8514.99,33.33,38.8,Medium Risk
SELL03028,11,0.18181818181818182,5.0,Platform Fulfilled,18.636363636363637,1219.173,18.18,18.9,Low Risk
SELL03029,51,0.19607843137254902,4.7,Platform Fulfilled,15.0,200145.693,19.61,19.8,Low Risk
SELL03030,34,0.08823529411764706,4.2,Seller Fulfilled,13.823529411764707,2246.682,8.82,17.4,Low Risk
SELL03031,59,0.22033898305084745,4.4,Platform Fulfilled,13.728813559322035,77087.51249999998,22.03,22.4,Low Risk
SELL03032,16,0.1875,4.1,Seller Fulfilled,16.875,1826.7825,18.75,25.0,Low Risk
SELL03033,7,0.2857142857142857,2.8,Seller Fulfilled,25.0,2894.5395,28.57,44.4,Medium Risk
SELL03034,35,0.2,4.4,Seller Fulfilled,13.571428571428571,17120.6535,20.0,21.4,Low Risk
SELL03035,35,0.2571428571428571,3.5,Platform Fulfilled,22.714285714285715,15824.608499999998,25.71,36.3,Medium Risk
SELL03036,31,0.3225806451612903,3.1,Platform Fulfilled,15.483870967741936,17015.2275,32.26,38.4,Medium Risk
SELL03037,39,0.1794871794871795,4.5,Platform Fulfilled,11.666666666666666,13947.497999999998,17.95,18.4,Low Risk
SELL03039,97,0.28865979381443296,4.3,Seller Fulfilled,16.649484536082475,179026.6935,28.87,28.4,Low Risk
SELL03040,55,0.43636363636363634,3.1,Seller Fulfilled,15.727272727272727,35943.447,43.64,44.2,Medium Risk
SELL03041,52,0.2692307692307692,4.5,Seller Fulfilled,16.634615384615383,92463.3885,26.92,25.9,Low Risk
SELL03042,11,0.0,3.8,Platform Fulfilled,18.181818181818183,0.0,0.0,18.6,Low Risk
SELL03043,64,0.171875,4.0,Platform Fulfilled,16.875,11106.801,17.19,24.9,Low Risk
SELL03044,49,0.32653061224489793,4.3,Seller Fulfilled,14.183673469387756,23444.923499999997,32.65,28.8,Low Risk
SELL03045,29,0.3448275862068966,3.3,Seller Fulfilled,15.862068965517242,96398.556,34.48,38.2,Medium Risk
SELL03046,39,0.23076923076923078,4.5,Platform Fulfilled,13.58974358974359,129667.02149999999,23.08,22.2,Low Risk
SELL03047,53,0.24528301886792453,4.5,Seller Fulfilled,13.773584905660377,9969.913499999999,24.53,23.0,Low Risk
SELL03048,36,0.1388888888888889,4.6,Seller Fulfilled,15.0,3083.094,13.89,17.6,Low Risk
SELL03049,20,0.3,3.3,Seller Fulfilled,18.75,138827.568,30.0,37.6,Medium Risk
SELL03050,51,0.37254901960784315,3.0,Seller Fulfilled,17.254901960784313,88842.753,37.25,42.7,Medium Risk
SELL03051,13,0.15384615384615385,3.9,Seller Fulfilled,19.615384615384617,273.90749999999997,15.38,26.4,Low Risk
SELL03052,7,0.14285714285714285,3.6,Platform Fulfilled,4.285714285714286,1500.054,14.29,19.1,Low Risk
SELL03053,15,0.26666666666666666,4.5,Seller Fulfilled,14.666666666666666,1300.533,26.67,24.6,Low Risk
SELL03054,49,0.20408163265306123,4.3,Seller Fulfilled,14.387755102040817,40109.413499999995,20.41,22.8,Low Risk
SELL03055,48,0.16666666666666666,3.6,Seller Fulfilled,12.604166666666666,61916.7135,16.67,25.1,Low Risk
SELL03056,53,0.11320754716981132,5.0,Seller Fulfilled,13.773584905660377,31382.0715,11.32,12.6,Low Risk
SELL03057,28,0.21428571428571427,4.7,Seller Fulfilled,17.142857142857142,16943.772,21.43,21.9,Low Risk
SELL03058,57,0.3508771929824561,3.0,Platform Fulfilled,12.192982456140351,82404.46800000001,35.09,38.6,Medium Risk
SELL03059,25,0.48,3.3,Seller Fulfilled,14.0,135776.172,48.0,43.8,Medium Risk
SELL03060,36,0.1388888888888889,5.0,Seller Fulfilled,20.555555555555557,43664.8755,13.89,17.9,Low Risk
SELL03061,46,0.2608695652173913,3.1,Seller Fulfilled,16.956521739130434,4138.7564999999995,26.09,36.1,Medium Risk
SELL03062,19,0.2631578947368421,4.6,Seller Fulfilled,19.473684210526315,34158.034499999994,26.32,26.5,Low Risk
SELL03063,70,0.17142857142857143,4.1,Seller Fulfilled,14.642857142857142,94715.9625,17.14,22.8,Low Risk
SELL03064,34,0.35294117647058826,4.1,Seller Fulfilled,13.382352941176471,5790.5145,35.29,31.1,Low Risk
SELL03065,13,0.3076923076923077,5.0,Platform Fulfilled,11.538461538461538,522.0224999999999,30.77,21.1,Low Risk
SELL03066,40,0.125,3.9,Platform Fulfilled,16.375,4017.798,12.5,23.0,Low Risk
SELL03067,65,0.3076923076923077,2.9,Seller Fulfilled,11.307692307692308,12120.2985,30.77,36.7,Medium Risk
SELL03068,36,0.3611111111111111,3.0,Seller Fulfilled,14.583333333333334,87440.6265,36.11,40.5,Medium Risk
SELL03069,49,0.24489795918367346,4.5,Platform Fulfilled,17.346938775510203,63596.21999999999,24.49,25.1,Low Risk
SELL03070,45,0.15555555555555556,5.0,Platform Fulfilled,15.444444444444445,47342.3145,15.56,15.8,Low Risk
SELL03071,68,0.36764705882352944,3.3,Seller Fulfilled,14.191176470588236,99382.81949999998,36.76,38.4,Medium Risk
SELL03072,60,0.13333333333333333,5.0,Platform Fulfilled,18.166666666666668,15972.026999999996,13.33,16.2,Low Risk
SELL03073,42,0.35714285714285715,4.1,Platform Fulfilled,18.333333333333332,64356.8235,35.71,34.2,Medium Risk
SELL03074,37,0.35135135135135137,4.0,Seller Fulfilled,13.64864864864865,103099.0545,35.14,32.0,Low Risk
SELL03075,32,0.53125,2.1,Seller Fulfilled,18.28125,20345.0595,53.12,57.9,Medium Risk
SELL03076,34,0.5588235294117647,2.3,Seller Fulfilled,20.441176470588236,137769.972,55.88,59.1,Medium Risk
SELL03077,71,0.18309859154929578,3.6,Seller Fulfilled,16.408450704225352,81220.36050000001,18.31,28.2,Low Risk
SELL03078,29,0.1724137931034483,4.3,Platform Fulfilled,16.724137931034484,18912.601499999997,17.24,22.6,Low Risk
SELL03079,47,0.23404255319148937,4.8,Platform Fulfilled,16.382978723404257,14772.274500000001,23.4,21.7,Low Risk
SELL03080,29,0.1724137931034483,3.7,Seller Fulfilled,16.724137931034484,2038.6589999999999,17.24,27.1,Low Risk
SELL03081,68,0.22058823529411764,3.4,Seller Fulfilled,16.323529411764707,99210.222,22.06,31.5,Low Risk
SELL03082,32,0.1875,3.7,Platform Fulfilled,17.03125,1722.2115000000001,18.75,28.0,Low Risk
SELL03083,18,0.05555555555555555,3.8,Platform Fulfilled,14.166666666666666,4425.633,5.56,19.0,Low Risk
SELL03084,44,0.18181818181818182,4.6,Seller Fulfilled,14.659090909090908,2899.341,18.18,19.6,Low Risk
SELL03085,57,0.24561403508771928,3.8,Seller Fulfilled,17.105263157894736,191190.243,24.56,30.2,Low Risk
SELL03086,69,0.2028985507246377,3.5,Seller Fulfilled,17.536231884057973,38700.40499999999,20.29,30.6,Low Risk
SELL03087,38,0.07894736842105263,3.6,Seller Fulfilled,20.789473684210527,39530.5005,7.89,25.5,Low Risk
SELL03088,19,0.15789473684210525,3.3,Seller Fulfilled,11.31578947368421,4803.6134999999995,15.79,26.2,Low Risk
SELL03089,45,0.37777777777777777,3.9,Seller Fulfilled,18.77777777777778,112727.20349999999,37.78,37.0,Medium Risk
SELL03090,33,0.48484848484848486,2.9,Seller Fulfilled,13.93939393939394,8170.129499999999,48.48,47.1,Medium Risk
SELL03091,17,0.23529411764705882,4.4,Platform Fulfilled,14.705882352941176,36411.58499999999,23.53,23.8,Low Risk
SELL03092,50,0.18,3.9,Platform Fulfilled,13.7,82592.13749999998,18.0,24.2,Low Risk
SELL03093,56,0.21428571428571427,3.8,Platform Fulfilled,15.982142857142858,30422.596499999996,21.43,28.0,Low Risk
SELL03094,33,0.36363636363636365,3.0,Seller Fulfilled,12.575757575757576,93809.7765,36.36,39.5,Medium Risk
SELL03095,96,0.6145833333333334,2.5,Seller Fulfilled,20.0,357135.27449999994,61.46,60.1,Medium Risk
SELL03096,44,0.22727272727272727,4.7,Seller Fulfilled,15.0,15426.06,22.73,21.3,Low Risk
SELL03097,38,0.3684210526315789,2.4,Seller Fulfilled,14.078947368421053,64065.566999999995,36.84,45.1,Medium Risk
SELL03098,9,0.5555555555555556,3.6,Seller Fulfilled,26.666666666666668,51208.4475,55.56,52.8,Medium Risk
SELL03099,47,0.2553191489361702,3.5,Seller Fulfilled,21.70212765957447,12341.943,25.53,35.6,Medium Risk
SELL03100,55,0.2545454545454545,4.0,Seller Fulfilled,14.545454545454545,133259.4525,25.45,27.7,Low Risk
SELL03101,61,0.4262295081967213,3.4,Platform Fulfilled,18.524590163934427,194992.809,42.62,43.1,Medium Risk
SELL03102,43,0.4418604651162791,2.8,Seller Fulfilled,17.209302325581394,91955.7045,44.19,47.6,Medium Risk
SELL03103,67,0.5522388059701493,2.6,Seller Fulfilled,22.611940298507463,216150.72449999998,55.22,57.8,Medium Risk
SELL03104,29,0.034482758620689655,5.0,Seller Fulfilled,15.517241379310345,10475.5455,3.45,9.7,Low Risk
SELL03105,10,0.5,3.2,Platform Fulfilled,16.5,121738.59300000001,50.0,47.1,Medium Risk
SELL03106,27,0.14814814814814814,3.7,Seller Fulfilled,16.666666666666668,13168.944,14.81,25.8,Low Risk
SELL03108,25,0.12,4.5,Seller Fulfilled,20.0,1334.7675000000002,12.0,20.4,Low Risk
SELL03109,22,0.18181818181818182,4.1,Seller Fulfilled,16.363636363636363,1484.7029999999997,18.18,24.4,Low Risk
SELL03110,52,0.25,3.7,Platform Fulfilled,13.653846153846153,23353.345499999996,25.0,29.2,Low Risk
SELL03111,49,0.22448979591836735,3.1,Platform Fulfilled,17.244897959183675,42709.86,22.45,34.4,Medium Risk
SELL03112,44,0.09090909090909091,4.8,Seller Fulfilled,15.681818181818182,64840.1475,9.09,14.2,Low Risk
SELL03113,26,0.15384615384615385,3.6,Platform Fulfilled,14.23076923076923,17665.9335,15.38,25.4,Low Risk
SELL03114,27,0.37037037037037035,3.4,Seller Fulfilled,16.85185185185185,36124.893000000004,37.04,39.3,Medium Risk
SELL03115,23,0.08695652173913043,3.6,Platform Fulfilled,16.304347826086957,1356.1844999999998,8.7,23.3,Low Risk
SELL03116,31,0.3225806451612903,3.2,Platform Fulfilled,19.35483870967742,55813.294499999996,32.26,39.9,Medium Risk
SELL03117,32,0.3125,3.5,Seller Fulfilled,16.875,18164.19,31.25,35.7,Medium Risk
SELL03118,16,0.375,3.7,Seller Fulfilled,17.5,2657.001,37.5,37.7,Medium Risk
SELL03119,25,0.2,4.1,Seller Fulfilled,15.8,3899.2214999999997,20.0,24.9,Low Risk
SELL03120,26,0.23076923076923078,3.8,Seller Fulfilled,18.846153846153847,2245.326,23.08,30.5,Low Risk
SELL03121,14,0.5,3.2,Platform Fulfilled,11.428571428571429,775.7175000000001,50.0,44.1,Medium Risk
SELL03122,24,0.375,3.9,Seller Fulfilled,14.791666666666666,44025.682499999995,37.5,34.6,Medium Risk
SELL03123,12,0.0,5.0,Seller Fulfilled,13.333333333333334,0.0,0.0,6.7,Low Risk
SELL03124,28,0.4642857142857143,3.4,Seller Fulfilled,15.535714285714286,110605.02750000001,46.43,43.2,Medium Risk
SELL03125,42,0.2857142857142857,3.5,Platform Fulfilled,17.142857142857142,68111.99100000001,28.57,34.5,Medium Risk
SELL03126,31,0.3225806451612903,5.0,Seller Fulfilled,10.32258064516129,51185.64000000001,32.26,21.1,Low Risk
SELL03127,58,0.41379310344827586,2.7,Seller Fulfilled,19.482758620689655,41178.942,41.38,48.3,Medium Risk
SELL03128,50,0.26,3.5,Seller Fulfilled,17.2,39936.9015,26.0,33.2,Medium Risk
SELL03129,51,0.17647058823529413,3.5,Platform Fulfilled,18.235294117647058,44719.848,17.65,29.6,Low Risk
SELL03130,44,0.3181818181818182,3.7,Seller Fulfilled,14.090909090909092,8767.198499999999,31.82,32.8,Low Risk
SELL03131,36,0.1111111111111111,4.1,Platform Fulfilled,10.277777777777779,2811.6719999999996,11.11,17.2,Low Risk
SELL03132,52,0.40384615384615385,3.4,Seller Fulfilled,16.25,46718.374500000005,40.38,40.6,Medium Risk
SELL03133,125,0.256,3.7,Seller Fulfilled,14.8,143887.596,25.6,30.1,Low Risk
SELL03134,43,0.32558139534883723,3.1,Seller Fulfilled,9.883720930232558,150113.2965,32.56,35.2,Medium Risk
SELL03135,39,0.10256410256410256,3.7,Seller Fulfilled,17.435897435897434,15802.8675,10.26,24.0,Low Risk
SELL03136,30,0.23333333333333334,3.8,Seller Fulfilled,11.166666666666666,79145.01000000001,23.33,26.1,Low Risk
SELL03137,26,0.19230769230769232,3.9,Platform Fulfilled,24.615384615384617,56657.5305,19.23,31.2,Low Risk
SELL03138,32,0.15625,4.9,Seller Fulfilled,10.3125,98686.8555,15.62,13.5,Low Risk
SELL03139,23,0.2608695652173913,3.7,Seller Fulfilled,15.434782608695652,20621.16,26.09,30.7,Low Risk
SELL03140,23,0.30434782608695654,3.4,Seller Fulfilled,17.608695652173914,8114.351999999999,30.43,36.4,Medium Risk
SELL03141,21,0.2857142857142857,4.0,Seller Fulfilled,10.238095238095237,7309.808999999999,28.57,26.7,Low Risk
SELL03142,48,0.10416666666666667,4.5,Platform Fulfilled,13.645833333333334,5215.467000000001,10.42,15.8,Low Risk
SELL03143,45,0.17777777777777778,3.9,Seller Fulfilled,16.444444444444443,99197.1495,17.78,25.7,Low Risk
SELL03144,5,0.0,4.1,Seller Fulfilled,10.0,0.0,0.0,11.5,Low Risk
SELL03145,97,0.29896907216494845,3.4,Seller Fulfilled,16.391752577319586,224406.41549999997,29.9,35.4,Medium Risk
SELL03146,15,0.06666666666666667,4.7,Seller Fulfilled,10.666666666666666,11191.3635,6.67,10.8,Low Risk
SELL03147,59,0.3559322033898305,3.2,Platform Fulfilled,19.74576271186441,21613.764,35.59,41.8,Medium Risk
SELL03148,26,0.11538461538461539,4.0,Platform Fulfilled,16.53846153846154,1839.6735,11.54,21.8,Low Risk
SELL03149,33,0.18181818181818182,4.3,Seller Fulfilled,11.818181818181818,2934.3885,18.18,20.2,Low Risk
SELL03150,36,0.1111111111111111,3.9,Seller Fulfilled,18.61111111111111,3153.852,11.11,23.6,Low Risk
SELL03151,29,0.27586206896551724,4.4,Platform Fulfilled,18.96551724137931,18687.744,27.59,28.3,Low Risk
SELL03152,29,0.20689655172413793,4.0,Platform Fulfilled,17.24137931034483,3413.9625,20.69,26.8,Low Risk
SELL03153,43,0.023255813953488372,4.7,Platform Fulfilled,15.930232558139535,1110.6615,2.33,11.6,Low Risk
SELL03154,20,0.35,4.4,Platform Fulfilled,9.0,29542.9395,35.0,26.2,Low Risk
SELL03155,37,0.10810810810810811,4.1,Seller Fulfilled,17.2972972972973,5007.0825,10.81,21.2,Low Risk
SELL03156,19,0.05263157894736842,3.9,Seller Fulfilled,7.105263157894737,19738.315499999997,5.26,14.0,Low Risk
SELL03157,75,0.16,4.9,Seller Fulfilled,16.666666666666668,38787.792,16.0,17.4,Low Risk
SELL03158,16,0.0,3.4,Seller Fulfilled,17.1875,0.0,0.0,21.0,Low Risk
SELL03159,32,0.125,4.3,Platform Fulfilled,18.28125,1048.2779999999998,12.5,21.1,Low Risk
SELL03160,50,0.14,3.8,Seller Fulfilled,16.1,26371.031999999996,14.0,24.3,Low Risk
SELL03161,39,0.2564102564102564,4.0,Seller Fulfilled,11.538461538461538,8330.9385,25.64,26.0,Low Risk
SELL03162,61,0.36065573770491804,3.5,Seller Fulfilled,18.19672131147541,129733.10549999999,36.07,38.9,Medium Risk
SELL03163,21,0.19047619047619047,3.8,Seller Fulfilled,18.571428571428573,664.5809999999999,19.05,28.3,Low Risk
SELL03164,85,0.29411764705882354,3.4,Seller Fulfilled,12.058823529411764,180124.00950000001,29.41,32.7,Low Risk
SELL03165,48,0.125,4.0,Platform Fulfilled,21.666666666666668,17234.331,12.5,25.4,Low Risk
SELL03166,24,0.20833333333333334,4.0,Platform Fulfilled,7.708333333333333,1529.9924999999998,20.83,21.3,Low Risk
SELL03167,54,0.14814814814814814,4.5,Platform Fulfilled,14.074074074074074,96793.9335,14.81,18.3,Low Risk
SELL03168,47,0.2127659574468085,3.7,Platform Fulfilled,15.851063829787234,4148.315999999999,21.28,28.6,Low Risk
SELL03169,50,0.1,3.9,Platform Fulfilled,16.3,5339.775,10.0,21.7,Low Risk
SELL03170,17,0.0,3.3,Seller Fulfilled,12.647058823529411,0.0,0.0,19.1,Low Risk
SELL03171,16,0.125,3.5,Seller Fulfilled,24.375,9853.021499999999,12.5,30.7,Low Risk
SELL03172,27,0.3333333333333333,4.0,Seller Fulfilled,12.222222222222221,6652.644,33.33,30.2,Low Risk
SELL03173,62,0.2903225806451613,3.7,Seller Fulfilled,12.17741935483871,187225.72499999998,29.03,30.3,Low Risk
SELL03174,57,0.40350877192982454,3.7,Seller Fulfilled,15.701754385964913,186155.8965,40.35,38.0,Medium Risk
SELL03176,31,0.3870967741935484,2.9,Seller Fulfilled,12.741935483870968,11965.7115,38.71,41.5,Medium Risk
SELL03177,43,0.2558139534883721,3.8,Platform Fulfilled,16.3953488372093,91036.60499999998,25.58,30.3,Low Risk
SELL03178,59,0.1694915254237288,4.3,Seller Fulfilled,12.711864406779661,12748.978500000001,16.95,20.1,Low Risk
SELL03179,52,0.40384615384615385,2.7,Seller Fulfilled,25.0,248008.67699999997,40.38,51.0,Medium Risk
SELL03180,50,0.4,3.1,Platform Fulfilled,12.2,13234.178999999998,40.0,40.3,Medium Risk
SELL03181,36,0.05555555555555555,4.6,Seller Fulfilled,14.166666666666666,4245.8099999999995,5.56,13.0,Low Risk
SELL03182,58,0.3793103448275862,2.9,Seller Fulfilled,15.775862068965518,181209.95099999997,37.93,42.8,Medium Risk
SELL03183,11,0.0,4.5,Seller Fulfilled,14.090909090909092,0.0,0.0,10.9,Low Risk
SELL03184,37,0.21621621621621623,3.4,Seller Fulfilled,15.27027027027027,8138.256,21.62,30.7,Low Risk
SELL03185,22,0.36363636363636365,3.7,Platform Fulfilled,19.545454545454547,102189.54449999999,36.36,38.3,Medium Risk
SELL03186,42,0.14285714285714285,5.0,Platform Fulfilled,20.0,42750.2325,14.29,17.8,Low Risk
SELL03187,58,0.10344827586206896,4.6,Platform Fulfilled,16.810344827586206,3193.8810000000003,10.34,16.9,Low Risk
SELL03188,20,0.25,5.0,Seller Fulfilled,13.75,33885.3765,25.0,19.5,Low Risk
SELL03189,34,0.35294117647058826,4.4,Seller Fulfilled,14.558823529411764,5998.125,35.29,29.6,Low Risk
SELL03190,24,0.375,4.0,Seller Fulfilled,20.833333333333332,8401.704,37.5,37.4,Medium Risk
SELL03191,66,0.06060606060606061,4.6,Seller Fulfilled,16.666666666666668,841.0469999999999,6.06,14.7,Low Risk
SELL03192,12,0.16666666666666666,4.6,Seller Fulfilled,25.0,2393.9339999999997,16.67,24.9,Low Risk
SELL03194,39,0.46153846153846156,3.1,Platform Fulfilled,19.743589743589745,108810.07650000001,46.15,47.8,Medium Risk
SELL03195,28,0.07142857142857142,3.5,Seller Fulfilled,16.964285714285715,1036.4505,7.14,23.6,Low Risk
SELL03196,37,0.32432432432432434,3.1,Seller Fulfilled,14.324324324324325,33814.63050000001,32.43,37.8,Medium Risk
SELL03197,39,0.07692307692307693,4.1,Platform Fulfilled,13.974358974358974,1172.451,7.69,17.7,Low Risk
SELL03198,33,0.45454545454545453,3.4,Platform Fulfilled,23.78787878787879,26535.914999999997,45.45,47.6,Medium Risk
SELL03199,20,0.1,4.5,Platform Fulfilled,17.75,10472.922,10.0,18.0,Low Risk
SELL03200,45,0.2,3.5,Seller Fulfilled,13.88888888888889,5651.776499999999,20.0,28.3,Low Risk
SELL03201,21,0.14285714285714285,4.4,Platform Fulfilled,15.0,1677.0945,14.29,19.4,Low Risk
SELL03202,70,0.2857142857142857,3.6,Seller Fulfilled,16.071428571428573,137441.1675,28.57,33.1,Medium Risk
SELL03203,17,0.17647058823529413,4.5,Platform Fulfilled,24.41176470588235,665.5815,17.65,25.8,Low Risk
SELL03204,19,0.3684210526315789,2.5,Platform Fulfilled,11.052631578947368,15982.750499999998,36.84,42.5,Medium Risk
SELL03205,15,0.26666666666666666,3.1,Seller Fulfilled,20.0,18055.834499999997,26.67,38.2,Medium Risk
SELL03206,42,0.23809523809523808,3.6,Platform Fulfilled,20.833333333333332,95316.798,23.81,33.5,Medium Risk
SELL03207,79,0.31645569620253167,4.1,Seller Fulfilled,12.025316455696203,268068.3285,31.65,28.5,Low Risk
SELL03208,55,0.23636363636363636,4.4,Platform Fulfilled,12.272727272727273,133525.18649999998,23.64,22.4,Low Risk
SELL03209,43,0.3488372093023256,3.8,Platform Fulfilled,18.953488372093023,178363.51200000005,34.88,36.4,Medium Risk
SELL03210,68,0.1323529411764706,5.0,Platform Fulfilled,15.661764705882353,6789.2115,13.24,14.7,Low Risk
SELL03211,19,0.05263157894736842,3.3,Seller Fulfilled,17.63157894736842,883.2090000000001,5.26,24.6,Low Risk
SELL03212,40,0.15,3.2,Seller Fulfilled,15.625,36946.837499999994,15.0,29.1,Low Risk
SELL03213,70,0.22857142857142856,4.0,Platform Fulfilled,14.5,78132.00149999998,22.86,26.4,Low Risk
SELL03214,73,0.5616438356164384,2.8,Seller Fulfilled,15.205479452054794,362120.4375,56.16,52.4,Medium Risk
SELL03215,54,0.42592592592592593,3.1,Platform Fulfilled,15.092592592592593,224557.39199999996,42.59,43.3,Medium Risk
SELL03216,67,0.373134328358209,3.3,Platform Fulfilled,16.865671641791046,205993.7025,37.31,40.2,Medium Risk
SELL03217,61,0.19672131147540983,4.0,Seller Fulfilled,14.672131147540984,19979.904,19.67,24.8,Low Risk
SELL03218,44,0.1590909090909091,4.6,Seller Fulfilled,14.659090909090908,17849.181,15.91,18.4,Low Risk
SELL03219,50,0.26,2.9,Platform Fulfilled,19.7,64525.845,26.0,39.2,Medium Risk
SELL03220,54,0.2222222222222222,3.8,Seller Fulfilled,15.74074074074074,37349.8905,22.22,28.2,Low Risk
SELL03221,65,0.38461538461538464,1.6,Platform Fulfilled,19.53846153846154,9949.5075,38.46,55.1,Medium Risk
SELL03222,25,0.28,3.2,Seller Fulfilled,17.8,253.08149999999998,28.0,36.8,Medium Risk
SELL03224,55,0.32727272727272727,3.2,Seller Fulfilled,17.272727272727273,87779.47349999998,32.73,38.9,Medium Risk
SELL03225,19,0.5263157894736842,3.3,Platform Fulfilled,16.842105263157894,8310.4815,52.63,47.8,Medium Risk
SELL03227,64,0.234375,3.3,Platform Fulfilled,17.96875,74367.0705,23.44,33.9,Medium Risk
SELL03228,51,0.43137254901960786,3.4,Platform Fulfilled,13.627450980392156,35373.7695,43.14,40.4,Medium Risk
SELL03229,31,0.3548387096774194,3.3,Seller Fulfilled,17.419354838709676,11151.608999999999,35.48,39.6,Medium Risk
SELL03230,30,0.16666666666666666,3.9,Seller Fulfilled,17.0,22768.2915,16.67,25.5,Low Risk
SELL03231,24,0.2916666666666667,4.0,Platform Fulfilled,17.291666666666668,6780.2775,29.17,31.1,Low Risk
SELL03232,44,0.09090909090909091,4.7,Seller Fulfilled,15.0,12598.548,9.09,14.5,Low Risk
SELL03233,20,0.25,3.7,Seller Fulfilled,13.0,3809.2754999999997,25.0,28.8,Low Risk
SELL03234,15,0.3333333333333333,3.5,Seller Fulfilled,20.333333333333332,37794.225000000006,33.33,38.7,Medium Risk
SELL03235,53,0.3018867924528302,3.9,Seller Fulfilled,20.754716981132077,23911.137,30.19,34.4,Medium Risk
SELL03236,67,0.5074626865671642,2.9,Seller Fulfilled,15.149253731343284,90338.12849999999,50.75,48.9,Medium Risk
SELL03237,11,0.2727272727272727,5.0,Seller Fulfilled,4.090909090909091,1583.0655,27.27,15.0,Low Risk
SELL03238,41,0.0975609756097561,3.5,Platform Fulfilled,19.26829268292683,60505.395,9.76,26.4,Low Risk
SELL03239,60,0.23333333333333334,4.2,Platform Fulfilled,15.5,50328.804,23.33,25.6,Low Risk
SELL03240,85,0.12941176470588237,4.7,Platform Fulfilled,14.529411764705882,43924.469999999994,12.94,16.1,Low Risk
SELL03241,7,0.14285714285714285,4.9,Platform Fulfilled,17.857142857142858,10483.764,14.29,17.3,Low Risk
SELL03242,23,0.08695652173913043,3.7,Seller Fulfilled,14.782608695652174,4616.94,8.7,21.7,Low Risk
SELL03243,41,0.34146341463414637,3.6,Platform Fulfilled,18.414634146341463,112327.43099999998,34.15,37.2,Medium Risk
SELL03244,58,0.1896551724137931,4.6,Seller Fulfilled,16.46551724137931,119514.07800000001,18.97,21.1,Low Risk
SELL03245,38,0.3157894736842105,3.5,Seller Fulfilled,18.68421052631579,61383.277500000004,31.58,36.9,Medium Risk
SELL03246,29,0.20689655172413793,3.7,Platform Fulfilled,12.068965517241379,85990.57949999999,20.69,26.1,Low Risk
SELL03248,36,0.25,4.4,Seller Fulfilled,19.02777777777778,82402.29149999999,25.0,27.1,Low Risk
SELL03249,53,0.2830188679245283,4.3,Seller Fulfilled,15.660377358490566,116882.81099999999,28.3,27.5,Low Risk
SELL03250,49,0.2857142857142857,3.9,Seller Fulfilled,20.510204081632654,91066.2495,28.57,33.5,Medium Risk
SELL03251,35,0.22857142857142856,4.2,Platform Fulfilled,20.571428571428573,6609.9705,22.86,28.4,Low Risk
SELL03252,16,0.375,2.3,Platform Fulfilled,21.875,7690.329,37.5,50.7,Medium Risk
SELL03253,12,0.16666666666666666,4.0,Seller Fulfilled,25.833333333333332,1836.918,16.67,29.9,Low Risk
SELL03254,55,0.509090909090909,3.1,Seller Fulfilled,14.181818181818182,162769.467,50.91,46.9,Medium Risk
SELL03255,55,0.23636363636363636,4.3,Seller Fulfilled,22.181818181818183,48416.65350000001,23.64,29.0,Low Risk
SELL03256,36,0.3055555555555556,3.3,Seller Fulfilled,19.444444444444443,47075.471999999994,30.56,38.4,Medium Risk
SELL03257,51,0.37254901960784315,3.0,Platform Fulfilled,21.176470588235293,8287.4655,37.25,45.0,Medium Risk
SELL03258,57,0.2807017543859649,3.0,Seller Fulfilled,14.56140350877193,155957.925,28.07,36.5,Medium Risk
SELL03259,48,0.3333333333333333,3.7,Seller Fulfilled,17.708333333333332,11867.359499999999,33.33,35.7,Medium Risk
SELL03260,43,0.16279069767441862,5.0,Platform Fulfilled,17.790697674418606,18822.9885,16.28,17.5,Low Risk
SELL03261,13,0.46153846153846156,2.7,Seller Fulfilled,15.0,73395.90449999999,46.15,48.1,Medium Risk
SELL03262,27,0.18518518518518517,3.6,Platform Fulfilled,10.185185185185185,3111.0,18.52,24.6,Low Risk
SELL03263,34,0.2647058823529412,3.7,Seller Fulfilled,19.558823529411764,42386.146499999995,26.47,33.4,Medium Risk
SELL03264,12,0.3333333333333333,2.5,Platform Fulfilled,11.25,3263.9175,33.33,40.9,Medium Risk
SELL03265,16,0.5,2.9,Platform Fulfilled,18.125,49284.003,50.0,50.3,Medium Risk
SELL03266,26,0.11538461538461539,3.9,Seller Fulfilled,10.961538461538462,87942.858,11.54,19.3,Low Risk
SELL03267,48,0.1875,4.3,Seller Fulfilled,12.1875,55369.166999999994,18.75,20.7,Low Risk
SELL03268,32,0.09375,3.6,Seller Fulfilled,15.46875,4060.549499999999,9.38,23.2,Low Risk
SELL03269,22,0.5,3.4,Platform Fulfilled,12.045454545454545,75806.96699999999,50.0,43.0,Medium Risk
SELL03270,24,0.2916666666666667,3.2,Seller Fulfilled,16.666666666666668,3030.2655,29.17,36.8,Medium Risk
SELL03271,72,0.2222222222222222,3.7,Seller Fulfilled,14.583333333333334,47425.659,22.22,28.3,Low Risk
SELL03272,41,0.24390243902439024,3.1,Seller Fulfilled,12.682926829268293,6932.3235,24.39,32.8,Low Risk
SELL03273,42,0.42857142857142855,3.0,Platform Fulfilled,17.976190476190474,142753.02,42.86,45.9,Medium Risk
SELL03274,32,0.375,3.6,Seller Fulfilled,15.9375,107108.50949999999,37.5,37.5,Medium Risk
SELL03275,50,0.28,4.1,Seller Fulfilled,11.2,6224.005499999999,28.0,26.2,Low Risk
SELL03276,56,0.26785714285714285,3.1,Seller Fulfilled,17.589285714285715,50795.2095,26.79,36.8,Medium Risk
SELL03277,6,0.0,3.6,Seller Fulfilled,13.333333333333334,0.0,0.0,17.2,Low Risk
SELL03278,57,0.3157894736842105,4.1,Seller Fulfilled,14.912280701754385,190581.918,31.58,30.2,Low Risk
SELL03279,81,0.25925925925925924,3.6,Seller Fulfilled,11.11111111111111,141681.048,25.93,28.9,Low Risk
SELL03280,63,0.015873015873015872,4.7,Seller Fulfilled,17.3015873015873,754.8765,1.59,12.1,Low Risk
SELL03281,39,0.3076923076923077,3.8,Seller Fulfilled,17.17948717948718,55872.34349999999,30.77,33.4,Medium Risk
SELL03282,39,0.23076923076923078,3.7,Seller Fulfilled,17.564102564102566,43995.31199999999,23.08,30.5,Low Risk
SELL03283,36,0.16666666666666666,4.3,Platform Fulfilled,14.444444444444445,20468.180999999997,16.67,21.0,Low Risk
SELL03284,49,0.30612244897959184,3.6,Platform Fulfilled,14.081632653061224,86489.57699999999,30.61,33.0,Low Risk
SELL03285,33,0.24242424242424243,5.0,Platform Fulfilled,13.333333333333334,32171.851499999997,24.24,18.8,Low Risk
SELL03286,9,0.0,3.3,Platform Fulfilled,13.333333333333334,0.0,0.0,19.5,Low Risk
SELL03287,47,0.2127659574468085,3.9,Seller Fulfilled,17.76595744680851,82585.65599999999,21.28,28.2,Low Risk
SELL03288,26,0.19230769230769232,4.3,Seller Fulfilled,12.307692307692308,44976.543,19.23,21.0,Low Risk
SELL03289,16,0.125,4.2,Seller Fulfilled,20.625,4137.9,12.5,23.2,Low Risk
SELL03290,27,0.2222222222222222,4.1,Seller Fulfilled,19.074074074074073,47348.3895,22.22,27.9,Low Risk
SELL03291,31,0.06451612903225806,4.0,Seller Fulfilled,16.774193548387096,1956.339,6.45,19.5,Low Risk
SELL03292,30,0.5333333333333333,2.2,Seller Fulfilled,17.166666666666668,53338.5855,53.33,56.6,Medium Risk
SELL03293,89,0.43820224719101125,3.2,Seller Fulfilled,15.842696629213483,119732.9055,43.82,43.6,Medium Risk
SELL03294,70,0.2,4.5,Platform Fulfilled,17.785714285714285,80837.86800000002,20.0,23.1,Low Risk
SELL03295,16,0.1875,2.4,Platform Fulfilled,20.625,4578.42,18.75,39.9,Medium Risk
SELL03296,30,0.1,4.7,Seller Fulfilled,16.833333333333332,935.8184999999999,10.0,16.0,Low Risk
SELL03297,35,0.4,3.7,Seller Fulfilled,18.571428571428573,96834.34349999999,40.0,39.5,Medium Risk
SELL03298,51,0.19607843137254902,4.1,Platform Fulfilled,20.392156862745097,10521.114,19.61,27.4,Low Risk
SELL03299,62,0.16129032258064516,4.2,Seller Fulfilled,15.725806451612904,31604.8785,16.13,22.2,Low Risk
SELL03300,26,0.038461538461538464,3.9,Platform Fulfilled,18.653846153846153,308.814,3.85,20.0,Low Risk
SELL03301,54,0.14814814814814814,4.2,Seller Fulfilled,17.22222222222222,15683.261999999999,14.81,22.4,Low Risk
SELL03302,94,0.2553191489361702,4.2,Seller Fulfilled,16.43617021276596,142238.2125,25.53,27.3,Low Risk
SELL03303,35,0.34285714285714286,3.7,Seller Fulfilled,15.285714285714286,89521.0215,34.29,34.8,Medium Risk
SELL03304,25,0.32,4.2,Seller Fulfilled,8.6,64549.563,32.0,25.9,Low Risk
SELL03305,16,0.4375,4.4,Seller Fulfilled,17.1875,80965.1385,43.75,35.4,Medium Risk
SELL03306,40,0.25,3.9,Platform Fulfilled,17.75,43952.908500000005,25.0,30.0,Low Risk
SELL03307,16,0.1875,4.6,Seller Fulfilled,14.375,25790.1135,18.75,19.7,Low Risk
SELL03308,101,0.26732673267326734,3.8,Seller Fulfilled,14.455445544554456,150970.67549999998,26.73,29.7,Low Risk
SELL03309,50,0.22,4.4,Platform Fulfilled,16.0,59324.181,22.0,23.8,Low Risk
SELL03310,43,0.27906976744186046,3.1,Seller Fulfilled,16.3953488372093,13683.053999999998,27.91,36.7,Medium Risk
SELL03311,36,0.3333333333333333,4.4,Seller Fulfilled,15.0,146838.3945,33.33,28.8,Low Risk
SELL03312,31,0.3548387096774194,4.2,Platform Fulfilled,15.161290322580646,37906.308000000005,35.48,31.5,Low Risk
SELL03313,46,0.2391304347826087,3.4,Seller Fulfilled,15.108695652173912,30023.7345,23.91,31.7,Low Risk
SELL03314,37,0.08108108108108109,4.8,Seller Fulfilled,14.054054054054054,1503.8310000000001,8.11,12.7,Low Risk
SELL03315,58,0.3275862068965517,3.0,Seller Fulfilled,11.982758620689655,21039.5295,32.76,37.3,Medium Risk
SELL03316,73,0.2328767123287671,3.2,Platform Fulfilled,13.698630136986301,100374.8835,23.29,32.1,Low Risk
SELL03317,31,0.16129032258064516,5.0,Platform Fulfilled,20.161290322580644,19127.248499999998,16.13,18.8,Low Risk
SELL03318,24,0.20833333333333334,3.5,Seller Fulfilled,15.416666666666666,10530.837,20.83,29.6,Low Risk
SELL03319,26,0.34615384615384615,4.3,Seller Fulfilled,16.73076923076923,70915.608,34.62,31.2,Low Risk
SELL03320,11,0.45454545454545453,3.6,Seller Fulfilled,15.909090909090908,2561.4255,45.45,41.5,Medium Risk
SELL03321,52,0.5192307692307693,3.3,Platform Fulfilled,14.711538461538462,170923.572,51.92,46.2,Medium Risk
SELL03322,7,0.14285714285714285,4.0,Platform Fulfilled,23.571428571428573,168.3405,14.29,27.4,Low Risk
SELL03323,40,0.55,2.9,Seller Fulfilled,12.25,17791.359,55.0,49.3,Medium Risk
SELL03324,105,0.1523809523809524,4.4,Platform Fulfilled,16.761904761904763,17044.316999999995,15.24,20.8,Low Risk
SELL03325,52,0.2692307692307692,3.3,Seller Fulfilled,20.76923076923077,64408.771499999995,26.92,37.3,Medium Risk
SELL03326,56,0.4107142857142857,3.4,Seller Fulfilled,12.678571428571429,15225.280499999999,41.07,38.9,Medium Risk
SELL03327,29,0.2413793103448276,4.4,Seller Fulfilled,22.75862068965517,21184.818,24.14,28.8,Low Risk
SELL03328,57,0.17543859649122806,3.7,Platform Fulfilled,15.0,2885.2934999999998,17.54,26.2,Low Risk
SELL03329,31,0.12903225806451613,4.4,Seller Fulfilled,16.774193548387096,22853.281499999997,12.9,19.7,Low Risk
SELL03332,21,0.19047619047619047,3.7,Seller Fulfilled,17.142857142857142,3125.5575,19.05,28.2,Low Risk
SELL03333,28,0.2857142857142857,3.4,Seller Fulfilled,13.571428571428571,22529.9955,28.57,33.2,Medium Risk
SELL03334,51,0.1568627450980392,3.5,Platform Fulfilled,18.823529411764707,40536.646499999995,15.69,29.0,Low Risk
SELL03335,34,0.14705882352941177,4.1,Platform Fulfilled,13.529411764705882,9142.044000000002,14.71,20.9,Low Risk
SELL03336,46,0.30434782608695654,3.6,Platform Fulfilled,17.065217391304348,23119.264499999997,30.43,34.6,Medium Risk
SELL03337,79,0.21518987341772153,3.5,Seller Fulfilled,19.050632911392405,45484.9005,21.52,32.1,Low Risk
SELL03338,60,0.18333333333333332,3.6,Seller Fulfilled,18.166666666666668,9156.976499999999,18.33,29.2,Low Risk
SELL03339,42,0.14285714285714285,3.6,Platform Fulfilled,14.404761904761905,23428.812,14.29,25.0,Low Risk
SELL03340,44,0.2727272727272727,4.0,Seller Fulfilled,13.636363636363637,8383.444500000001,27.27,28.0,Low Risk
SELL03341,4,0.0,3.6,Seller Fulfilled,17.5,0.0,0.0,19.7,Low Risk
SELL03342,23,0.08695652173913043,4.2,Seller Fulfilled,19.782608695652176,605.3969999999999,8.7,20.8,Low Risk
SELL03343,46,0.30434782608695654,3.5,Seller Fulfilled,15.108695652173912,60452.32650000001,30.43,34.2,Medium Risk
SELL03344,67,0.3880597014925373,3.3,Seller Fulfilled,17.313432835820894,93534.00449999998,38.81,41.2,Medium Risk
SELL03345,35,0.11428571428571428,3.8,Platform Fulfilled,15.714285714285714,5307.798,11.43,22.8,Low Risk
SELL03346,32,0.34375,4.4,Seller Fulfilled,13.125,165990.17549999998,34.38,28.3,Low Risk
SELL03347,10,0.3,4.4,Platform Fulfilled,19.5,28007.114999999998,30.0,29.8,Low Risk
SELL03348,86,0.19767441860465115,4.2,Platform Fulfilled,15.116279069767442,57050.528999999995,19.77,23.7,Low Risk
SELL03349,40,0.125,4.6,Platform Fulfilled,20.875,1816.2390000000003,12.5,20.4,Low Risk
SELL03350,29,0.3448275862068966,4.1,Platform Fulfilled,19.482758620689655,12213.046499999997,34.48,34.3,Medium Risk
SELL03351,51,0.2549019607843137,4.0,Platform Fulfilled,14.901960784313726,49148.0865,25.49,27.9,Low Risk
SELL03352,44,0.2727272727272727,4.5,Seller Fulfilled,11.704545454545455,71014.58549999999,27.27,23.2,Low Risk
SELL03353,75,0.37333333333333335,3.3,Seller Fulfilled,14.0,87856.23749999999,37.33,38.5,Medium Risk
SELL03354,65,0.16923076923076924,4.9,Seller Fulfilled,12.0,5344.548,16.92,15.1,Low Risk
SELL03355,29,0.2413793103448276,3.6,Seller Fulfilled,15.344827586206897,3579.858,24.14,30.4,Low Risk
SELL03356,47,0.19148936170212766,4.3,Platform Fulfilled,20.106382978723403,134152.059,19.15,25.5,Low Risk
SELL03357,24,0.25,3.9,Seller Fulfilled,16.666666666666668,59533.3965,25.0,29.4,Low Risk
SELL03358,47,0.1276595744680851,3.7,Platform Fulfilled,12.76595744680851,5679.010499999999,12.77,22.5,Low Risk
SELL03359,39,0.1794871794871795,4.0,Seller Fulfilled,19.615384615384617,40922.518500000006,17.95,26.8,Low Risk
SELL03360,42,0.2619047619047619,4.1,Seller Fulfilled,12.261904761904763,39664.087499999994,26.19,25.9,Low Risk
SELL03361,93,0.1935483870967742,4.6,Seller Fulfilled,14.56989247311828,23106.324,19.35,20.1,Low Risk
SELL03362,23,0.043478260869565216,5.0,Platform Fulfilled,14.347826086956522,576.885,4.35,9.5,Low Risk
SELL03363,55,0.36363636363636365,4.5,Seller Fulfilled,17.545454545454547,27388.055999999997,36.36,31.1,Low Risk
SELL03364,9,0.4444444444444444,2.9,Platform Fulfilled,21.11111111111111,587.97,44.44,49.2,Medium Risk
SELL03365,22,0.13636363636363635,3.9,Seller Fulfilled,13.409090909090908,1590.8039999999999,13.64,21.8,Low Risk
SELL03366,25,0.2,3.6,Seller Fulfilled,19.2,1028.0745,20.0,30.7,Low Risk
SELL03367,39,0.1282051282051282,3.5,Seller Fulfilled,15.76923076923077,15041.976,12.82,25.8,Low Risk
SELL03368,26,0.38461538461538464,4.2,Seller Fulfilled,15.76923076923077,154851.852,38.46,33.4,Medium Risk
SELL03369,35,0.11428571428571428,3.6,Seller Fulfilled,16.0,5961.139499999999,11.43,24.5,Low Risk
SELL03370,40,0.3,4.3,Platform Fulfilled,19.625,144742.392,30.0,30.6,Low Risk
SELL03371,9,0.0,3.3,Platform Fulfilled,19.444444444444443,0.0,0.0,23.0,Low Risk
SELL03372,13,0.38461538461538464,3.3,Seller Fulfilled,22.692307692307693,279.4365,38.46,44.2,Medium Risk
SELL03373,42,0.2619047619047619,3.7,Platform Fulfilled,18.214285714285715,150966.78599999996,26.19,32.4,Low Risk
SELL03375,31,0.3870967741935484,4.2,Seller Fulfilled,16.129032258064516,8882.982,38.71,33.7,Medium Risk
SELL03376,37,0.4864864864864865,4.0,Seller Fulfilled,16.35135135135135,122712.834,48.65,40.3,Medium Risk
SELL03377,47,0.10638297872340426,3.9,Seller Fulfilled,16.382978723404257,5537.1465,10.64,22.0,Low Risk
SELL03378,19,0.15789473684210525,4.6,Platform Fulfilled,12.631578947368421,18491.2365,15.79,17.2,Low Risk
SELL03379,47,0.23404255319148937,3.6,Seller Fulfilled,16.170212765957448,118386.0165,23.4,30.6,Low Risk
SELL03380,43,0.06976744186046512,5.0,Seller Fulfilled,14.418604651162791,30553.422,6.98,10.9,Low Risk
SELL03381,23,0.43478260869565216,3.3,Platform Fulfilled,11.73913043478261,76491.198,43.48,40.3,Medium Risk
SELL03382,23,0.5652173913043478,4.4,Seller Fulfilled,14.565217391304348,72779.643,56.52,40.2,Medium Risk
SELL03383,10,0.0,4.1,Seller Fulfilled,23.5,0.0,0.0,19.4,Low Risk
SELL03384,63,0.20634920634920634,5.0,Seller Fulfilled,18.88888888888889,81690.198,20.63,20.3,Low Risk
SELL03385,67,0.417910447761194,2.9,Platform Fulfilled,17.238805970149254,68225.511,41.79,45.6,Medium Risk
SELL03386,59,0.22033898305084745,3.6,Platform Fulfilled,16.271186440677965,15793.108499999998,22.03,29.9,Low Risk
SELL03387,48,0.4791666666666667,2.9,Seller Fulfilled,14.791666666666666,211838.45549999998,47.92,47.3,Medium Risk
SELL03388,27,0.2962962962962963,4.5,Seller Fulfilled,15.0,60490.6575,29.63,26.2,Low Risk
SELL03389,36,0.2222222222222222,4.0,Platform Fulfilled,17.22222222222222,62775.95849999999,22.22,27.6,Low Risk
SELL03390,15,0.2,4.4,Platform Fulfilled,11.666666666666666,5987.9025,20.0,20.2,Low Risk
SELL03391,26,0.11538461538461539,4.5,Seller Fulfilled,14.615384615384615,214.01399999999995,11.54,17.0,Low Risk
SELL03392,37,0.35135135135135137,4.3,Seller Fulfilled,17.2972972972973,132353.1435,35.14,31.8,Low Risk
SELL03393,49,0.32653061224489793,3.3,Seller Fulfilled,16.836734693877553,46756.64399999999,32.65,37.9,Medium Risk
SELL03394,51,0.39215686274509803,2.9,Seller Fulfilled,14.313725490196079,100354.59449999999,39.22,42.7,Medium Risk
SELL03395,29,0.13793103448275862,4.2,Platform Fulfilled,12.586206896551724,6839.8065,13.79,19.2,Low Risk
SELL03396,47,0.23404255319148937,3.7,Platform Fulfilled,11.595744680851064,65682.79499999998,23.4,27.2,Low Risk
SELL03397,28,0.32142857142857145,3.5,Seller Fulfilled,16.071428571428573,57472.087499999994,32.14,35.6,Medium Risk
SELL03398,30,0.26666666666666666,3.0,Seller Fulfilled,17.166666666666668,18076.275,26.67,37.3,Medium Risk
SELL03399,23,0.17391304347826086,4.3,Seller Fulfilled,15.0,5355.950999999999,17.39,21.6,Low Risk
SELL03400,60,0.03333333333333333,3.1,Platform Fulfilled,16.083333333333332,1467.024,3.33,24.2,Low Risk
SELL03401,52,0.21153846153846154,3.5,Platform Fulfilled,18.653846153846153,19328.6865,21.15,31.7,Low Risk
SELL03402,74,0.1891891891891892,4.7,Seller Fulfilled,14.662162162162161,135363.57749999998,18.92,19.2,Low Risk
SELL03403,62,0.2903225806451613,3.2,Platform Fulfilled,16.129032258064516,73040.3145,29.03,36.4,Medium Risk
SELL03404,71,0.352112676056338,4.1,Seller Fulfilled,14.154929577464788,219977.823,35.21,31.6,Low Risk
SELL03405,66,0.3333333333333333,3.0,Platform Fulfilled,18.484848484848484,110987.46150000002,33.33,41.4,Medium Risk
SELL03406,49,0.46938775510204084,3.7,Seller Fulfilled,16.632653061224488,205999.27649999998,46.94,41.8,Medium Risk
SELL03407,31,0.16129032258064516,5.0,Platform Fulfilled,20.967741935483872,13178.849999999999,16.13,19.2,Low Risk
SELL03408,28,0.25,3.7,Seller Fulfilled,26.071428571428573,3568.95,25.0,36.4,Medium Risk
SELL03409,82,0.24390243902439024,4.3,Seller Fulfilled,18.841463414634145,209337.67650000003,24.39,27.4,Low Risk
SELL03410,31,0.5483870967741935,3.4,Seller Fulfilled,15.483870967741936,16785.9465,54.84,47.4,Medium Risk
SELL03411,57,0.47368421052631576,3.3,Seller Fulfilled,15.263157894736842,171986.193,47.37,44.3,Medium Risk
SELL03412,42,0.30952380952380953,4.0,Seller Fulfilled,17.738095238095237,48507.60599999999,30.95,32.3,Low Risk
SELL03413,53,0.6792452830188679,2.4,Seller Fulfilled,14.90566037735849,274628.33400000003,67.92,61.1,Medium Risk
SELL03414,66,0.3939393939393939,2.7,Seller Fulfilled,14.545454545454545,271933.728,39.39,44.4,Medium Risk
SELL03415,43,0.3488372093023256,4.0,Platform Fulfilled,19.302325581395348,125149.677,34.88,35.2,Medium Risk
SELL03416,63,0.3492063492063492,3.4,Platform Fulfilled,12.936507936507937,71759.06999999999,34.92,35.9,Medium Risk
SELL03417,38,0.3157894736842105,2.9,Platform Fulfilled,15.394736842105264,12689.223,31.58,39.5,Medium Risk
SELL03418,56,0.30357142857142855,4.3,Seller Fulfilled,15.714285714285714,88167.69,30.36,28.6,Low Risk
SELL03419,48,0.3333333333333333,4.1,Seller Fulfilled,16.770833333333332,28626.2235,33.33,32.1,Low Risk
SELL03420,39,0.20512820512820512,4.5,Seller Fulfilled,16.53846153846154,4690.6455,20.51,22.6,Low Risk
SELL03421,14,0.35714285714285715,3.7,Seller Fulfilled,11.428571428571429,4677.9465,35.71,33.2,Medium Risk
SELL03422,45,0.3333333333333333,3.7,Seller Fulfilled,17.0,5373.372,33.33,35.3,Medium Risk
SELL03423,43,0.23255813953488372,3.5,Platform Fulfilled,15.0,59604.538499999995,23.26,30.6,Low Risk
SELL03424,41,0.1951219512195122,4.4,Platform Fulfilled,20.73170731707317,10684.8135,19.51,25.3,Low Risk
SELL03425,22,0.3181818181818182,4.2,Seller Fulfilled,14.545454545454545,5939.271000000001,31.82,29.3,Low Risk
SELL03426,50,0.06,4.9,Seller Fulfilled,19.6,32001.586499999998,6.0,14.1,Low Risk
SELL03427,34,0.35294117647058826,4.0,Seller Fulfilled,13.970588235294118,33291.9075,35.29,32.2,Low Risk
SELL03428,12,0.08333333333333333,5.0,Platform Fulfilled,14.166666666666666,1620.072,8.33,11.4,Low Risk
SELL03429,26,0.07692307692307693,4.3,Platform Fulfilled,15.76923076923077,4387.8705,7.69,17.2,Low Risk
SELL03430,17,0.0,3.6,Platform Fulfilled,14.411764705882353,0.0,0.0,17.8,Low Risk
SELL03431,49,0.3469387755102041,3.3,Platform Fulfilled,20.306122448979593,138893.29799999998,34.69,40.9,Medium Risk
SELL03432,41,0.12195121951219512,3.7,Seller Fulfilled,16.097560975609756,1626.435,12.2,24.2,Low Risk
SELL03433,41,0.14634146341463414,5.0,Platform Fulfilled,13.414634146341463,4937.911499999999,14.63,14.1,Low Risk
SELL03434,35,0.37142857142857144,2.6,Platform Fulfilled,13.142857142857142,26198.208000000002,37.14,43.2,Medium Risk
SELL03435,52,0.5384615384615384,2.9,Seller Fulfilled,14.326923076923077,138579.5325,53.85,50.0,Medium Risk
SELL03436,58,0.29310344827586204,4.8,Seller Fulfilled,21.46551724137931,10915.842,29.31,27.6,Low Risk
SELL03437,47,0.3191489361702128,4.2,Seller Fulfilled,21.80851063829787,39603.19499999999,31.91,33.6,Medium Risk
SELL03438,12,0.16666666666666666,3.5,Platform Fulfilled,15.0,2861.493,16.67,27.3,Low Risk
SELL03439,27,0.18518518518518517,4.7,Seller Fulfilled,15.925925925925926,35307.267,18.52,19.7,Low Risk
SELL03440,47,0.3617021276595745,3.2,Platform Fulfilled,16.48936170212766,65532.25649999999,36.17,40.2,Medium Risk
SELL03441,41,0.1951219512195122,3.8,Seller Fulfilled,17.804878048780488,5091.5595,19.51,28.1,Low Risk
SELL03442,21,0.047619047619047616,4.5,Seller Fulfilled,15.476190476190476,745.1909999999999,4.76,14.1,Low Risk
SELL03443,46,0.2826086956521739,4.2,Seller Fulfilled,20.0,105288.5295,28.26,30.8,Low Risk
SELL03444,30,0.13333333333333333,4.6,Platform Fulfilled,14.5,50304.306,13.33,17.0,Low Risk
SELL03445,61,0.22950819672131148,3.6,Seller Fulfilled,15.573770491803279,33278.304,22.95,30.0,Low Risk
SELL03446,7,0.0,4.5,Seller Fulfilled,10.0,0.0,0.0,8.5,Low Risk
SELL03447,60,0.31666666666666665,3.3,Platform Fulfilled,14.0,41918.01449999999,31.67,35.7,Medium Risk
SELL03448,27,0.14814814814814814,3.6,Platform Fulfilled,13.333333333333334,2102.307,14.81,24.6,Low Risk
SELL03449,9,0.4444444444444444,3.4,Seller Fulfilled,17.22222222222222,1342.254,44.44,43.2,Medium Risk
SELL03450,75,0.08,4.0,Seller Fulfilled,16.8,23402.661,8.0,20.2,Low Risk
SELL03451,60,0.16666666666666666,4.6,Platform Fulfilled,18.083333333333332,58472.77949999999,16.67,20.8,Low Risk
SELL03452,30,0.3333333333333333,3.5,Platform Fulfilled,10.333333333333334,77108.7,33.33,32.9,Low Risk
SELL03453,27,0.2962962962962963,4.1,Seller Fulfilled,13.333333333333334,58411.8525,29.63,28.3,Low Risk
SELL03454,49,0.3469387755102041,3.1,Platform Fulfilled,11.73469387755102,61392.34949999998,34.69,37.4,Medium Risk
SELL03455,38,0.23684210526315788,4.7,Platform Fulfilled,18.42105263157895,40036.005,23.68,23.8,Low Risk
SELL03456,20,0.15,4.6,Platform Fulfilled,18.75,53530.9485,15.0,20.4,Low Risk
SELL03457,19,0.15789473684210525,5.0,Seller Fulfilled,21.842105263157894,8159.3655,15.79,19.6,Low Risk
SELL03458,52,0.5576923076923077,2.6,Seller Fulfilled,21.442307692307693,140205.474,55.77,57.4,Medium Risk
SELL03459,16,0.0625,3.5,Platform Fulfilled,12.8125,13465.317,6.25,20.8,Low Risk
SELL03460,27,0.18518518518518517,3.5,Seller Fulfilled,19.62962962962963,3377.0864999999994,18.52,30.9,Low Risk
SELL03461,64,0.34375,3.1,Platform Fulfilled,18.515625,238988.8395,34.38,41.2,Medium Risk
SELL03462,60,0.2833333333333333,3.2,Platform Fulfilled,14.25,36036.196500000005,28.33,34.9,Medium Risk
SELL03463,19,0.21052631578947367,4.2,Platform Fulfilled,14.736842105263158,14889.232499999998,21.05,24.1,Low Risk
SELL03464,25,0.16,3.8,Seller Fulfilled,11.6,2094.3585,16.0,22.7,Low Risk
SELL03465,37,0.08108108108108109,3.9,Platform Fulfilled,18.91891891891892,4022.0984999999996,8.11,22.3,Low Risk
SELL03466,76,0.27631578947368424,3.3,Platform Fulfilled,19.80263157894737,117121.566,27.63,37.0,Medium Risk
SELL03467,16,0.25,3.9,Seller Fulfilled,13.4375,13768.981499999998,25.0,27.5,Low Risk
SELL03468,30,0.26666666666666666,3.9,Seller Fulfilled,16.166666666666668,4024.6110000000003,26.67,30.0,Low Risk
SELL03469,61,0.18032786885245902,4.2,Seller Fulfilled,19.34426229508197,67135.299,18.03,25.2,Low Risk
SELL03470,42,0.14285714285714285,3.6,Seller Fulfilled,15.476190476190476,12083.446499999998,14.29,25.6,Low Risk
SELL03471,40,0.225,3.9,Platform Fulfilled,17.5,2983.2225,22.5,28.7,Low Risk
SELL03472,44,0.3181818181818182,3.4,Seller Fulfilled,14.431818181818182,7652.467500000001,31.82,35.3,Medium Risk
SELL03473,44,0.18181818181818182,3.9,Seller Fulfilled,20.34090909090909,3510.4844999999996,18.18,28.2,Low Risk
SELL03474,47,0.23404255319148937,4.1,Seller Fulfilled,20.425531914893618,42518.8275,23.4,29.3,Low Risk
SELL03475,23,0.13043478260869565,3.5,Seller Fulfilled,13.043478260869565,22972.35,13.04,24.3,Low Risk
SELL03476,21,0.5714285714285714,3.0,Platform Fulfilled,18.80952380952381,142514.9805,57.14,53.5,Medium Risk
SELL03477,4,0.0,3.5,Platform Fulfilled,8.75,0.0,0.0,15.3,Low Risk
SELL03478,22,0.45454545454545453,3.2,Platform Fulfilled,14.090909090909092,172442.0355,45.45,43.4,Medium Risk
SELL03479,37,0.4594594594594595,3.3,Seller Fulfilled,13.378378378378379,136137.921,45.95,42.4,Medium Risk
SELL03480,49,0.16326530612244897,4.1,Platform Fulfilled,18.571428571428573,58435.209,16.33,24.7,Low Risk
SELL03481,52,0.4230769230769231,2.6,Seller Fulfilled,17.5,12516.6585,42.31,48.3,Medium Risk
SELL03482,31,0.3225806451612903,3.8,Seller Fulfilled,14.35483870967742,48842.505000000005,32.26,32.5,Low Risk
SELL03483,49,0.1836734693877551,3.8,Seller Fulfilled,11.326530612244898,12957.893999999998,18.37,23.7,Low Risk
SELL03484,41,0.12195121951219512,4.2,Seller Fulfilled,16.463414634146343,15174.793500000002,12.2,20.6,Low Risk
SELL03485,41,0.24390243902439024,2.9,Platform Fulfilled,13.78048780487805,8996.4975,24.39,34.9,Medium Risk
SELL03486,32,0.21875,3.7,Seller Fulfilled,18.125,7254.8475,21.88,30.2,Low Risk
SELL03487,33,0.5454545454545454,2.9,Platform Fulfilled,16.818181818181817,154437.2415,54.55,51.8,Medium Risk
SELL03488,48,0.041666666666666664,3.5,Platform Fulfilled,13.4375,11885.206499999998,4.17,20.1,Low Risk
SELL03489,36,0.3611111111111111,3.4,Seller Fulfilled,13.75,13314.3015,36.11,37.0,Medium Risk
SELL03490,13,0.3076923076923077,1.9,Seller Fulfilled,18.46153846153846,1888.2105,30.77,48.4,Medium Risk
SELL03491,36,0.1111111111111111,4.0,Seller Fulfilled,17.77777777777778,2966.8680000000004,11.11,22.4,Low Risk
SELL03492,59,0.1694915254237288,4.2,Seller Fulfilled,17.627118644067796,10348.484999999999,16.95,23.7,Low Risk
SELL03493,49,0.24489795918367346,4.4,Seller Fulfilled,17.244897959183675,126093.3825,24.49,25.8,Low Risk
SELL03494,65,0.26153846153846155,4.5,Seller Fulfilled,13.692307692307692,58099.0905,26.15,23.8,Low Risk
SELL03495,24,0.2916666666666667,3.8,Seller Fulfilled,16.041666666666668,5412.276,29.17,31.9,Low Risk
SELL03496,48,0.1875,5.0,Seller Fulfilled,18.645833333333332,66564.7335,18.75,19.2,Low Risk
SELL03497,58,0.39655172413793105,4.0,Seller Fulfilled,15.172413793103448,105673.37099999998,39.66,35.2,Medium Risk
SELL03498,6,0.6666666666666666,3.1,Seller Fulfilled,25.0,48393.07199999999,66.67,61.2,Medium Risk
SELL03499,25,0.12,4.0,Platform Fulfilled,12.4,2030.463,12.0,19.7,Low Risk
SELL03500,22,0.13636363636363635,3.7,Seller Fulfilled,18.863636363636363,530.0595,13.64,26.5,Low Risk
SELL03501,55,0.2909090909090909,4.2,Seller Fulfilled,17.545454545454547,59661.667499999996,29.09,29.7,Low Risk
SELL03502,42,0.2857142857142857,3.0,Seller Fulfilled,15.476190476190476,7669.223999999999,28.57,37.3,Medium Risk
SELL03503,49,0.22448979591836735,3.6,Seller Fulfilled,15.0,104729.13149999999,22.45,29.4,Low Risk
SELL03504,44,0.36363636363636365,4.6,Platform Fulfilled,17.045454545454547,8911.7925,36.36,30.1,Low Risk
SELL03505,58,0.39655172413793105,3.2,Platform Fulfilled,13.017241379310345,87853.09950000001,39.66,39.9,Medium Risk
SELL03506,49,0.1836734693877551,5.0,Seller Fulfilled,22.040816326530614,15570.892500000002,18.37,21.0,Low Risk
SELL03507,49,0.2857142857142857,3.5,Platform Fulfilled,12.448979591836734,46056.286499999995,28.57,31.8,Low Risk
SELL03508,16,0.0625,3.4,Platform Fulfilled,15.625,114.447,6.25,23.2,Low Risk
SELL03509,58,0.3103448275862069,3.3,Seller Fulfilled,16.551724137931036,93966.04349999999,31.03,36.8,Medium Risk
SELL03510,21,0.19047619047619047,2.6,Platform Fulfilled,15.952380952380953,4732.959,19.05,35.8,Medium Risk
SELL03511,29,0.2413793103448276,4.8,Seller Fulfilled,12.068965517241379,3224.5095,24.14,19.5,Low Risk
SELL03512,52,0.09615384615384616,4.6,Seller Fulfilled,14.711538461538462,15016.028999999999,9.62,15.3,Low Risk
SELL03513,34,0.3235294117647059,4.1,Seller Fulfilled,17.058823529411764,10935.140999999998,32.35,31.8,Low Risk
SELL03514,59,0.2033898305084746,4.1,Seller Fulfilled,15.59322033898305,135615.162,20.34,24.9,Low Risk
SELL03515,67,0.23880597014925373,3.8,Seller Fulfilled,19.70149253731343,125691.20999999999,23.88,31.4,Low Risk
SELL03516,43,0.18604651162790697,3.4,Platform Fulfilled,15.348837209302326,77018.4915,18.6,29.2,Low Risk
SELL03517,35,0.34285714285714286,3.1,Platform Fulfilled,16.0,49708.056,34.29,39.7,Medium Risk
SELL03518,50,0.3,4.4,Seller Fulfilled,14.3,22731.502500000002,30.0,26.8,Low Risk
SELL03519,49,0.24489795918367346,4.5,Platform Fulfilled,13.979591836734693,164050.08000000002,24.49,23.1,Low Risk
SELL03520,30,0.2,3.1,Seller Fulfilled,15.166666666666666,5533.0485,20.0,32.0,Low Risk
SELL03521,66,0.19696969696969696,4.3,Platform Fulfilled,16.818181818181817,27606.402000000002,19.7,23.9,Low Risk
SELL03522,36,0.19444444444444445,3.2,Seller Fulfilled,16.944444444444443,40736.532,19.44,32.0,Low Risk
SELL03523,38,0.07894736842105263,3.7,Seller Fulfilled,22.105263157894736,8423.287499999999,7.89,25.6,Low Risk
SELL03524,28,0.42857142857142855,3.2,Platform Fulfilled,16.071428571428573,188160.135,42.86,43.3,Medium Risk
SELL03525,42,0.40476190476190477,4.2,Platform Fulfilled,21.30952380952381,63823.4595,40.48,37.6,Medium Risk
SELL03526,25,0.48,3.2,Platform Fulfilled,17.4,105015.1905,48.0,46.6,Medium Risk
SELL03527,34,0.5294117647058824,3.2,Platform Fulfilled,13.235294117647058,18974.2155,52.94,46.6,Medium Risk
SELL03528,62,0.3064516129032258,4.5,Seller Fulfilled,14.919354838709678,101914.70099999999,30.65,26.7,Low Risk
SELL03529,50,0.16,3.7,Platform Fulfilled,18.8,25544.093999999997,16.0,27.7,Low Risk
SELL03530,48,0.1875,4.1,Seller Fulfilled,17.708333333333332,66747.82800000001,18.75,25.4,Low Risk
SELL03531,22,0.18181818181818182,3.2,Seller Fulfilled,17.5,370.02450000000005,18.18,31.8,Low Risk
SELL03532,56,0.23214285714285715,3.5,Seller Fulfilled,10.267857142857142,131871.0645,23.21,27.8,Low Risk
SELL03533,45,0.35555555555555557,4.4,Seller Fulfilled,14.11111111111111,35568.1215,35.56,29.5,Low Risk
SELL03534,69,0.07246376811594203,4.3,Platform Fulfilled,16.159420289855074,7744.378500000001,7.25,17.2,Low Risk
SELL03535,77,0.3116883116883117,2.5,Platform Fulfilled,15.12987012987013,72481.044,31.17,42.1,Medium Risk
SELL03536,57,0.45614035087719296,2.3,Platform Fulfilled,17.719298245614034,331542.6315,45.61,52.3,Medium Risk
SELL03537,25,0.28,5.0,Seller Fulfilled,17.6,11875.8705,28.0,23.2,Low Risk
SELL03538,41,0.21951219512195122,3.7,Seller Fulfilled,14.390243902439025,6576.844499999999,21.95,28.1,Low Risk
SELL03539,53,0.2641509433962264,3.4,Platform Fulfilled,18.11320754716981,48566.769,26.42,34.7,Medium Risk
SELL03540,66,0.3484848484848485,4.1,Seller Fulfilled,14.166666666666666,182414.679,34.85,31.4,Low Risk
SELL03541,39,0.23076923076923078,2.8,Seller Fulfilled,16.153846153846153,15373.993499999999,23.08,36.4,Medium Risk
SELL03542,67,0.1791044776119403,3.7,Platform Fulfilled,17.238805970149254,5364.0255,17.91,27.7,Low Risk
SELL03543,55,0.23636363636363636,3.2,Platform Fulfilled,12.818181818181818,9523.9485,23.64,31.7,Low Risk
SELL03544,28,0.14285714285714285,3.0,Seller Fulfilled,13.035714285714286,949.4519999999999,14.29,28.7,Low Risk
SELL03545,16,0.3125,3.3,Seller Fulfilled,12.5,5901.123,31.25,34.6,Medium Risk
SELL03546,61,0.3114754098360656,2.4,Platform Fulfilled,16.39344262295082,51998.3055,31.15,43.6,Medium Risk
SELL03547,55,0.5818181818181818,2.5,Seller Fulfilled,15.727272727272727,76666.0155,58.18,56.0,Medium Risk
SELL03548,19,0.5789473684210527,3.9,Seller Fulfilled,15.0,94634.7495,57.89,44.9,Medium Risk
SELL03549,53,0.2641509433962264,2.5,Platform Fulfilled,14.245283018867925,36068.826,26.42,39.2,Medium Risk
SELL03550,25,0.0,4.2,Platform Fulfilled,13.6,0.0,0.0,12.9,Low Risk
SELL03551,35,0.2,4.2,Seller Fulfilled,14.0,46208.739,20.0,23.1,Low Risk
SELL03552,46,0.21739130434782608,4.1,Seller Fulfilled,14.021739130434783,46536.8685,21.74,24.7,Low Risk
SELL03553,52,0.019230769230769232,4.3,Platform Fulfilled,14.23076923076923,2403.7365,1.92,13.4,Low Risk
SELL03554,42,0.2619047619047619,4.2,Platform Fulfilled,14.523809523809524,53644.7925,26.19,26.5,Low Risk
SELL03555,36,0.3333333333333333,3.2,Platform Fulfilled,13.88888888888889,44565.856499999994,33.33,37.2,Medium Risk
SELL03556,47,0.5319148936170213,1.8,Seller Fulfilled,20.106382978723403,220633.36800000002,53.19,61.3,Medium Risk
SELL03557,23,0.34782608695652173,3.9,Platform Fulfilled,15.217391304347826,75417.4815,34.78,33.5,Medium Risk
SELL03558,36,0.1388888888888889,3.5,Platform Fulfilled,16.38888888888889,20599.150500000003,13.89,26.7,Low Risk
SELL03559,71,0.19718309859154928,4.2,Seller Fulfilled,14.295774647887324,63382.49249999999,19.72,23.1,Low Risk
SELL03560,59,0.3389830508474576,3.0,Seller Fulfilled,13.559322033898304,14343.2595,33.9,38.8,Medium Risk
SELL03561,33,0.18181818181818182,3.5,Platform Fulfilled,16.96969696969697,5105.5485,18.18,29.2,Low Risk
SELL03562,53,0.2830188679245283,2.6,Seller Fulfilled,15.943396226415095,9003.192,28.3,40.4,Medium Risk
SELL03563,33,0.24242424242424243,4.7,Platform Fulfilled,18.484848484848484,16756.794,24.24,24.1,Low Risk
SELL03564,59,0.0847457627118644,4.8,Platform Fulfilled,14.576271186440678,25369.44,8.47,13.2,Low Risk
SELL03565,42,0.23809523809523808,3.6,Seller Fulfilled,13.452380952380953,88033.911,23.81,29.2,Low Risk
SELL03566,21,0.047619047619047616,3.8,Seller Fulfilled,15.714285714285714,134.1765,4.76,19.5,Low Risk
SELL03567,65,0.24615384615384617,3.0,Platform Fulfilled,18.23076923076923,5010.5655,24.62,36.9,Medium Risk
SELL03568,39,0.28205128205128205,4.6,Platform Fulfilled,15.512820512820513,68862.261,28.21,25.1,Low Risk
SELL03569,67,0.11940298507462686,4.3,Platform Fulfilled,14.328358208955224,37341.186,11.94,18.5,Low Risk
SELL03570,21,0.42857142857142855,4.9,Seller Fulfilled,13.571428571428571,32080.073999999997,42.86,29.1,Low Risk
SELL03571,75,0.29333333333333333,3.2,Platform Fulfilled,17.8,241106.544,29.33,37.5,Medium Risk
SELL03572,43,0.5116279069767442,2.7,Seller Fulfilled,18.25581395348837,181743.141,51.16,52.4,Medium Risk
SELL03573,48,0.08333333333333333,4.9,Platform Fulfilled,15.0,36210.3705,8.33,12.6,Low Risk
SELL03574,49,0.32653061224489793,3.4,Platform Fulfilled,20.102040816326532,10877.949,32.65,39.0,Medium Risk
SELL03575,55,0.21818181818181817,4.4,Platform Fulfilled,15.636363636363637,57332.46599999999,21.82,23.5,Low Risk
SELL03576,18,0.4444444444444444,3.1,Seller Fulfilled,15.833333333333334,6232.4835,44.44,44.6,Medium Risk
SELL03577,49,0.12244897959183673,3.9,Seller Fulfilled,13.673469387755102,6548.984999999999,12.24,21.3,Low Risk
SELL03578,23,0.13043478260869565,3.3,Seller Fulfilled,16.08695652173913,3518.364,13.04,27.6,Low Risk
SELL03579,36,0.19444444444444445,4.1,Platform Fulfilled,12.5,5717.650500000001,19.44,22.7,Low Risk
SELL03580,91,0.23076923076923078,3.5,Seller Fulfilled,14.395604395604396,109335.47550000002,23.08,30.1,Low Risk
SELL03581,39,0.1282051282051282,4.0,Platform Fulfilled,19.743589743589745,39583.41,12.82,24.4,Low Risk
SELL03582,71,0.2676056338028169,3.7,Seller Fulfilled,16.760563380281692,134725.7205,26.76,31.9,Low Risk
SELL03583,57,0.43859649122807015,2.8,Platform Fulfilled,12.280701754385966,79980.2775,43.86,44.6,Medium Risk
SELL03584,42,0.47619047619047616,2.8,Seller Fulfilled,18.333333333333332,133981.74,47.62,49.9,Medium Risk
SELL03585,48,0.4166666666666667,4.2,Seller Fulfilled,15.0,163713.33299999998,41.67,34.6,Medium Risk
SELL03586,11,0.45454545454545453,4.3,Platform Fulfilled,6.363636363636363,90308.6685,45.45,30.6,Low Risk
SELL03587,49,0.22448979591836735,4.2,Platform Fulfilled,14.183673469387756,91583.1435,22.45,24.4,Low Risk
SELL03588,34,0.058823529411764705,3.7,Seller Fulfilled,17.941176470588236,16310.578500000001,5.88,22.1,Low Risk
SELL03589,40,0.2,3.6,Seller Fulfilled,12.375,73561.4625,20.0,26.7,Low Risk
SELL03590,26,0.19230769230769232,4.3,Seller Fulfilled,15.384615384615385,46511.110499999995,19.23,22.8,Low Risk
SELL03591,13,0.23076923076923078,3.8,Platform Fulfilled,19.615384615384617,1597.4279999999999,23.08,31.0,Low Risk
SELL03592,105,0.18095238095238095,4.7,Seller Fulfilled,16.333333333333332,197659.17149999997,18.1,19.8,Low Risk
SELL03593,78,0.10256410256410256,4.8,Seller Fulfilled,15.64102564102564,8737.3575,10.26,14.7,Low Risk
SELL03594,43,0.2558139534883721,3.5,Seller Fulfilled,10.465116279069768,55055.269499999995,25.58,29.1,Low Risk
SELL03595,106,0.2830188679245283,4.1,Seller Fulfilled,13.349056603773585,204458.85599999997,28.3,27.6,Low Risk
SELL03596,23,0.21739130434782608,5.0,Seller Fulfilled,17.608695652173914,49874.109,21.74,20.1,Low Risk
SELL03597,31,0.0967741935483871,5.0,Seller Fulfilled,18.06451612903226,797.8199999999999,9.68,14.3,Low Risk
SELL03598,41,0.21951219512195122,3.3,Platform Fulfilled,19.26829268292683,1109.232,21.95,34.0,Medium Risk
SELL03599,48,0.4166666666666667,2.9,Seller Fulfilled,14.583333333333334,137491.9275,41.67,44.0,Medium Risk
SELL03600,18,0.16666666666666666,4.5,Seller Fulfilled,12.5,22839.828,16.67,18.3,Low Risk
SELL03601,42,0.3333333333333333,4.2,Platform Fulfilled,16.904761904761905,77107.8555,33.33,31.4,Low Risk
SELL03602,33,0.15151515151515152,3.5,Seller Fulfilled,15.303030303030303,4733.4225,15.15,26.7,Low Risk
SELL03603,22,0.13636363636363635,3.6,Seller Fulfilled,13.636363636363637,23166.0435,13.64,24.2,Low Risk
SELL03604,28,0.35714285714285715,3.4,Seller Fulfilled,13.928571428571429,14688.8925,35.71,36.9,Medium Risk
SELL03605,39,0.20512820512820512,4.3,Seller Fulfilled,15.384615384615385,18450.718499999995,20.51,23.4,Low Risk
SELL03606,22,0.045454545454545456,3.7,Platform Fulfilled,11.590909090909092,100.2135,4.55,17.7,Low Risk
SELL03607,40,0.2,2.8,Platform Fulfilled,15.75,7757.0085,20.0,34.6,Medium Risk
SELL03608,23,0.30434782608695654,3.5,Seller Fulfilled,9.782608695652174,23110.462499999998,30.43,31.1,Low Risk
SELL03609,37,0.4594594594594595,2.5,Seller Fulfilled,12.837837837837839,65371.197,45.95,48.1,Medium Risk
SELL03610,62,0.25806451612903225,3.5,Seller Fulfilled,16.532258064516128,30380.3085,25.81,32.8,Low Risk
SELL03611,79,0.4050632911392405,3.4,Seller Fulfilled,17.025316455696203,104216.99850000002,40.51,41.1,Medium Risk
SELL03612,32,0.5625,2.5,Platform Fulfilled,14.375,32796.220499999996,56.25,54.2,Medium Risk
SELL03613,54,0.16666666666666666,3.3,Platform Fulfilled,14.351851851851851,5358.756,16.67,28.4,Low Risk
SELL03614,55,0.21818181818181817,3.8,Platform Fulfilled,16.818181818181817,90955.4625,21.82,28.7,Low Risk
SELL03615,29,0.034482758620689655,4.6,Seller Fulfilled,16.551724137931036,125.33099999999999,3.45,13.3,Low Risk
SELL03616,29,0.4482758620689655,1.8,Platform Fulfilled,12.931034482758621,13270.572,44.83,52.9,Medium Risk
SELL03617,54,0.3888888888888889,3.1,Platform Fulfilled,15.833333333333334,12093.618,38.89,41.9,Medium Risk
SELL03618,35,0.2571428571428571,4.3,Seller Fulfilled,17.857142857142858,77853.381,25.71,27.5,Low Risk
SELL03619,18,0.3888888888888889,3.1,Platform Fulfilled,16.11111111111111,4754.409,38.89,42.0,Medium Risk
SELL03620,43,0.16279069767441862,5.0,Platform Fulfilled,14.30232558139535,38426.439,16.28,15.4,Low Risk
SELL03621,10,0.4,2.5,Platform Fulfilled,9.5,60908.28599999999,40.0,43.2,Medium Risk
SELL03622,36,0.25,3.6,Seller Fulfilled,15.555555555555555,55488.50399999999,25.0,31.0,Low Risk
SELL03623,66,0.36363636363636365,4.2,Platform Fulfilled,16.28787878787879,16326.469500000001,36.36,32.6,Low Risk
SELL03624,50,0.28,3.8,Platform Fulfilled,17.2,5059.332,28.0,32.0,Low Risk
SELL03625,100,0.17,4.4,Seller Fulfilled,15.05,101629.8855,17.0,20.7,Low Risk
SELL03626,64,0.265625,3.8,Seller Fulfilled,13.4375,18454.372499999998,26.56,29.1,Low Risk
SELL03627,34,0.3235294117647059,3.1,Platform Fulfilled,15.588235294117647,36309.1395,32.35,38.5,Medium Risk
SELL03628,8,0.0,4.3,Platform Fulfilled,14.375,0.0,0.0,12.6,Low Risk
SELL03629,44,0.5227272727272727,1.7,Seller Fulfilled,19.772727272727273,115177.00799999999,52.27,61.4,Medium Risk
SELL03630,15,0.13333333333333333,3.0,Seller Fulfilled,16.666666666666668,892.9124999999999,13.33,30.3,Low Risk
SELL03631,36,0.4166666666666667,3.6,Seller Fulfilled,20.13888888888889,76706.96100000001,41.67,42.1,Medium Risk
SELL03632,42,0.16666666666666666,3.6,Platform Fulfilled,16.30952380952381,1727.1764999999998,16.67,27.3,Low Risk
SELL03633,34,0.058823529411764705,4.4,Platform Fulfilled,14.264705882352942,446.0324999999999,5.88,14.7,Low Risk
SELL03634,68,0.3088235294117647,3.6,Platform Fulfilled,18.014705882352942,159255.83999999997,30.88,35.4,Medium Risk
SELL03635,40,0.275,3.2,Seller Fulfilled,15.375,8204.182499999999,27.5,35.2,Medium Risk
SELL03636,60,0.15,4.8,Seller Fulfilled,15.75,23664.542999999998,15.0,17.1,Low Risk
SELL03637,33,0.09090909090909091,3.2,Platform Fulfilled,18.03030303030303,36553.8705,9.09,27.5,Low Risk
SELL03638,34,0.29411764705882354,4.3,Platform Fulfilled,11.911764705882353,93297.8715,29.41,25.8,Low Risk
SELL03639,32,0.34375,3.2,Platform Fulfilled,13.28125,18429.6285,34.38,37.4,Medium Risk
SELL03640,65,0.38461538461538464,2.7,Platform Fulfilled,15.307692307692308,222094.77300000002,38.46,44.4,Medium Risk
SELL03641,37,0.2972972972972973,5.0,Platform Fulfilled,19.594594594594593,27764.151,29.73,25.2,Low Risk
SELL03642,32,0.15625,5.0,Seller Fulfilled,18.59375,112549.87499999999,15.62,17.6,Low Risk
SELL03643,30,0.16666666666666666,4.2,Seller Fulfilled,16.5,3828.3495,16.67,22.9,Low Risk
SELL03645,40,0.325,4.2,Seller Fulfilled,23.25,41632.900499999996,32.5,34.8,Medium Risk
SELL03646,25,0.36,4.1,Seller Fulfilled,19.6,48511.356,36.0,35.1,Medium Risk
SELL03647,27,0.25925925925925924,3.9,Platform Fulfilled,20.555555555555557,59136.991500000004,25.93,32.1,Low Risk
SELL03648,39,0.2564102564102564,3.7,Seller Fulfilled,20.641025641025642,10298.887499999999,25.64,33.6,Medium Risk
SELL03649,45,0.4222222222222222,4.0,Seller Fulfilled,14.555555555555555,17973.205500000004,42.22,36.0,Medium Risk
SELL03650,54,0.2222222222222222,3.6,Platform Fulfilled,13.425925925925926,87130.78199999999,22.22,28.4,Low Risk
SELL03651,65,0.12307692307692308,4.0,Seller Fulfilled,17.307692307692307,73226.98049999999,12.31,22.7,Low Risk
SELL03652,33,0.3333333333333333,4.3,Seller Fulfilled,13.93939393939394,7618.837499999999,33.33,29.0,Low Risk
SELL03653,44,0.25,4.5,Seller Fulfilled,18.40909090909091,52265.534999999996,25.0,26.0,Low Risk
SELL03654,87,0.1724137931034483,3.6,Seller Fulfilled,15.977011494252874,47367.566999999995,17.24,27.4,Low Risk
SELL03655,34,0.11764705882352941,4.2,Platform Fulfilled,15.147058823529411,67094.148,11.76,19.7,Low Risk
SELL03656,29,0.13793103448275862,4.5,Platform Fulfilled,11.551724137931034,13898.618999999999,13.79,16.3,Low Risk
SELL03657,22,0.18181818181818182,4.6,Platform Fulfilled,10.227272727272727,941.679,18.18,17.0,Low Risk
SELL03658,10,0.2,2.6,Platform Fulfilled,12.5,575.4929999999999,20.0,34.2,Medium Risk
SELL03659,45,0.1111111111111111,4.1,Platform Fulfilled,16.444444444444443,7285.421999999999,11.11,20.8,Low Risk
SELL03660,51,0.3137254901960784,3.8,Seller Fulfilled,15.980392156862745,155888.943,31.37,33.0,Low Risk
SELL03661,27,0.48148148148148145,2.4,Seller Fulfilled,18.14814814814815,21293.234999999997,48.15,53.1,Medium Risk
SELL03662,7,0.2857142857142857,4.2,Platform Fulfilled,28.571428571428573,12559.2435,28.57,35.9,Medium Risk
SELL03663,34,0.3235294117647059,4.5,Seller Fulfilled,15.882352941176471,17798.6715,32.35,28.2,Low Risk
SELL03664,23,0.08695652173913043,3.5,Seller Fulfilled,19.347826086956523,594.9975,8.7,25.8,Low Risk
SELL03665,74,0.25675675675675674,3.6,Seller Fulfilled,17.83783783783784,79372.173,25.68,32.7,Low Risk
SELL03666,20,0.35,3.9,Platform Fulfilled,17.75,47082.42600000001,35.0,35.0,Medium Risk
SELL03667,36,0.3611111111111111,3.3,Seller Fulfilled,20.27777777777778,92761.812,36.11,41.6,Medium Risk
SELL03668,18,0.05555555555555555,3.6,Platform Fulfilled,25.0,412.0395,5.56,26.9,Low Risk
SELL03669,9,0.3333333333333333,3.4,Platform Fulfilled,12.222222222222221,231.1095,33.33,34.7,Medium Risk
SELL03670,65,0.49230769230769234,2.9,Platform Fulfilled,17.46153846153846,192853.1235,49.23,49.5,Medium Risk
SELL03671,14,0.21428571428571427,4.0,Seller Fulfilled,19.642857142857142,2692.4775,21.43,28.6,Low Risk
SELL03672,51,0.13725490196078433,3.6,Seller Fulfilled,15.686274509803921,8834.187000000002,13.73,25.5,Low Risk
SELL03673,67,0.16417910447761194,4.1,Platform Fulfilled,14.104477611940299,11877.893999999998,16.42,22.1,Low Risk
SELL03674,20,0.1,5.0,Seller Fulfilled,18.75,3592.698,10.0,14.9,Low Risk
SELL03675,17,0.4117647058823529,4.1,Seller Fulfilled,17.058823529411764,80342.01,41.18,36.2,Medium Risk
SELL03676,34,0.38235294117647056,4.4,Seller Fulfilled,17.941176470588236,114728.085,38.24,33.0,Low Risk
SELL03677,18,0.4444444444444444,3.7,Seller Fulfilled,15.0,169507.21949999998,44.44,39.6,Medium Risk
SELL03678,64,0.21875,4.3,Platform Fulfilled,18.125,109558.64850000001,21.88,25.7,Low Risk
SELL03679,34,0.23529411764705882,3.3,Seller Fulfilled,15.735294117647058,20515.2015,23.53,32.6,Low Risk
SELL03680,63,0.3968253968253968,4.1,Seller Fulfilled,11.26984126984127,78379.47900000002,39.68,32.1,Low Risk
SELL03681,40,0.05,4.6,Seller Fulfilled,14.25,3373.3499999999995,5.0,12.8,Low Risk
SELL03682,75,0.22666666666666666,3.2,Seller Fulfilled,18.4,105670.13999999998,22.67,34.5,Medium Risk
SELL03683,36,0.3055555555555556,3.5,Platform Fulfilled,14.583333333333334,3843.0315,30.56,34.0,Medium Risk
SELL03684,66,0.10606060606060606,4.8,Seller Fulfilled,11.212121212121213,35235.75149999999,10.61,12.3,Low Risk
SELL03685,31,0.22580645161290322,3.9,Seller Fulfilled,13.548387096774194,50219.2815,22.58,26.4,Low Risk
SELL03687,60,0.5666666666666667,3.2,Seller Fulfilled,18.833333333333332,171419.688,56.67,51.8,Medium Risk
SELL03688,26,0.3076923076923077,3.7,Platform Fulfilled,19.23076923076923,13781.91,30.77,35.3,Medium Risk
SELL03689,18,0.6666666666666666,2.9,Platform Fulfilled,15.555555555555555,5315.691,66.67,57.1,Medium Risk
SELL03690,16,0.1875,4.0,Seller Fulfilled,13.125,15793.462499999998,18.75,23.5,Low Risk
SELL03691,36,0.1111111111111111,3.5,Platform Fulfilled,19.02777777777778,28258.0965,11.11,26.9,Low Risk
SELL03692,39,0.2564102564102564,3.8,Seller Fulfilled,13.974358974358974,10710.3735,25.64,28.9,Low Risk
SELL03693,36,0.3055555555555556,3.9,Platform Fulfilled,17.36111111111111,9025.743,30.56,32.6,Low Risk
SELL03694,107,0.1308411214953271,3.5,Seller Fulfilled,15.560747663551401,26894.0265,13.08,25.8,Low Risk
SELL03695,37,0.1891891891891892,5.0,Platform Fulfilled,12.702702702702704,37055.448,18.92,15.8,Low Risk
SELL03696,50,0.24,4.4,Seller Fulfilled,14.8,24733.39649999999,24.0,24.1,Low Risk
SELL03697,24,0.20833333333333334,4.3,Platform Fulfilled,24.583333333333332,45483.0705,20.83,29.0,Low Risk
SELL03698,38,0.4473684210526316,3.4,Seller Fulfilled,14.868421052631579,22187.990999999998,44.74,42.0,Medium Risk
SELL03699,39,0.28205128205128205,3.5,Platform Fulfilled,17.05128205128205,141363.831,28.21,34.2,Medium Risk
SELL03700,17,0.35294117647058826,3.7,Platform Fulfilled,18.529411764705884,8483.439,35.29,37.2,Medium Risk
SELL03701,53,0.1320754716981132,4.1,Platform Fulfilled,18.77358490566038,4593.0555,13.21,23.2,Low Risk
SELL03702,41,0.0975609756097561,4.1,Seller Fulfilled,18.658536585365855,8204.3145,9.76,21.5,Low Risk
SELL03703,40,0.125,4.1,Platform Fulfilled,14.375,1604.7360000000003,12.5,20.3,Low Risk
SELL03704,72,0.2222222222222222,4.5,Platform Fulfilled,17.36111111111111,140906.307,22.22,23.9,Low Risk
SELL03705,19,0.05263157894736842,3.5,Platform Fulfilled,5.7894736842105265,571.3065,5.26,16.2,Low Risk
SELL03706,19,0.3157894736842105,4.3,Seller Fulfilled,23.68421052631579,4362.853499999999,31.58,33.8,Medium Risk
SELL03707,70,0.37142857142857144,2.8,Platform Fulfilled,16.571428571428573,25369.749,37.14,43.7,Medium Risk
SELL03708,25,0.24,4.7,Seller Fulfilled,16.0,5373.798,24.0,22.5,Low Risk
SELL03709,52,0.3269230769230769,4.5,Seller Fulfilled,15.865384615384615,24088.648499999996,32.69,28.3,Low Risk
SELL03710,56,0.26785714285714285,4.1,Seller Fulfilled,13.571428571428571,122557.20599999998,26.79,27.0,Low Risk
SELL03711,53,0.32075471698113206,3.8,Platform Fulfilled,18.11320754716981,102639.57749999998,32.08,34.6,Medium Risk
SELL03712,25,0.32,4.0,Seller Fulfilled,20.0,70726.59899999999,32.0,34.1,Medium Risk
SELL03713,62,0.2903225806451613,3.4,Platform Fulfilled,13.870967741935484,68868.9915,29.03,33.5,Medium Risk
SELL03714,63,0.31746031746031744,3.4,Seller Fulfilled,15.476190476190476,16125.817500000001,31.75,35.8,Medium Risk
SELL03715,10,0.0,3.5,Platform Fulfilled,9.5,0.0,0.0,15.7,Low Risk
SELL03716,66,0.12121212121212122,3.5,Platform Fulfilled,18.181818181818183,4177.941,12.12,26.9,Low Risk
SELL03717,37,0.2702702702702703,3.9,Platform Fulfilled,21.756756756756758,43163.651999999995,27.03,33.4,Medium Risk
SELL03718,21,0.09523809523809523,4.0,Platform Fulfilled,22.61904761904762,340.125,9.52,24.4,Low Risk
SELL03719,29,0.2413793103448276,4.3,Seller Fulfilled,17.93103448275862,12511.518,24.14,26.7,Low Risk
SELL03720,22,0.3181818181818182,3.8,Seller Fulfilled,18.863636363636363,95234.0265,31.82,34.9,Medium Risk
SELL03721,38,0.10526315789473684,3.8,Platform Fulfilled,18.94736842105263,1064.9789999999998,10.53,24.2,Low Risk
SELL03722,58,0.25862068965517243,4.2,Seller Fulfilled,16.724137931034484,6277.632,25.86,27.6,Low Risk
SELL03723,67,0.2537313432835821,4.1,Platform Fulfilled,13.134328358208956,103629.2805,25.37,26.0,Low Risk
SELL03724,42,0.2857142857142857,2.9,Platform Fulfilled,19.047619047619047,24505.1745,28.57,40.1,Medium Risk
SELL03725,58,0.13793103448275862,4.5,Seller Fulfilled,14.913793103448276,9678.4005,13.79,18.3,Low Risk
SELL03726,56,0.375,3.5,Seller Fulfilled,13.928571428571429,194985.0195,37.5,37.1,Medium Risk
SELL03727,23,0.43478260869565216,3.2,Platform Fulfilled,19.347826086956523,17838.456000000002,43.48,45.5,Medium Risk
SELL03728,45,0.17777777777777778,4.2,Seller Fulfilled,14.0,10700.425500000001,17.78,22.0,Low Risk
SELL03729,49,0.2653061224489796,3.1,Platform Fulfilled,17.448979591836736,77820.6405,26.53,36.6,Medium Risk
SELL03731,39,0.15384615384615385,4.7,Seller Fulfilled,13.205128205128204,66811.875,15.38,16.6,Low Risk
SELL03732,27,0.18518518518518517,3.2,Seller Fulfilled,15.925925925925926,500.169,18.52,31.0,Low Risk
SELL03733,39,0.02564102564102564,4.0,Platform Fulfilled,15.128205128205128,1893.4844999999998,2.56,16.6,Low Risk
SELL03734,77,0.37662337662337664,3.0,Platform Fulfilled,15.12987012987013,189283.8315,37.66,41.6,Medium Risk
SELL03735,67,0.5223880597014925,2.1,Platform Fulfilled,12.985074626865671,198633.34050000002,52.24,54.4,Medium Risk
SELL03736,28,0.42857142857142855,2.3,Platform Fulfilled,17.5,12993.815999999999,42.86,50.9,Medium Risk
SELL03737,49,0.30612244897959184,4.0,Seller Fulfilled,17.448979591836736,29266.913999999997,30.61,31.9,Low Risk
SELL03738,33,0.09090909090909091,4.0,Seller Fulfilled,12.878787878787879,2340.8535,9.09,18.5,Low Risk
SELL03739,37,0.2972972972972973,4.3,Platform Fulfilled,14.054054054054054,44122.212,29.73,27.2,Low Risk
SELL03740,39,0.46153846153846156,2.9,Platform Fulfilled,11.41025641025641,243016.30800000002,46.15,44.4,Medium Risk
SELL03741,35,0.4,3.1,Seller Fulfilled,16.428571428571427,21619.948500000002,40.0,42.8,Medium Risk
SELL03742,71,0.30985915492957744,3.7,Seller Fulfilled,13.943661971830986,153364.84200000003,30.99,32.3,Low Risk
SELL03743,43,0.20930232558139536,4.1,Seller Fulfilled,14.418604651162791,9179.019,20.93,24.6,Low Risk
SELL03744,31,0.06451612903225806,3.9,Platform Fulfilled,19.677419354838708,636.4949999999999,6.45,21.9,Low Risk
SELL03745,18,0.05555555555555555,4.8,Seller Fulfilled,11.38888888888889,976.4474999999999,5.56,9.9,Low Risk
SELL03746,44,0.22727272727272727,3.5,Platform Fulfilled,15.681818181818182,111386.388,22.73,30.7,Low Risk
SELL03747,36,0.4722222222222222,1.9,Seller Fulfilled,14.444444444444445,10152.498,47.22,54.2,Medium Risk
SELL03748,14,0.42857142857142855,3.9,Platform Fulfilled,22.5,7225.619999999999,42.86,41.8,Medium Risk
SELL03749,66,0.24242424242424243,4.5,Platform Fulfilled,20.151515151515152,32344.246499999997,24.24,26.6,Low Risk
SELL03750,17,0.11764705882352941,4.8,Platform Fulfilled,17.352941176470587,542.823,11.76,16.5,Low Risk
SELL03751,35,0.2857142857142857,4.3,Seller Fulfilled,20.428571428571427,61321.4115,28.57,30.4,Low Risk
SELL03752,72,0.3472222222222222,3.2,Seller Fulfilled,15.416666666666666,10839.36,34.72,38.8,Medium Risk
SELL03753,21,0.09523809523809523,4.5,Platform Fulfilled,22.61904761904762,366.3495,9.52,20.7,Low Risk
SELL03754,26,0.19230769230769232,4.6,Seller Fulfilled,14.807692307692308,71793.7365,19.23,20.2,Low Risk
SELL03755,47,0.1702127659574468,4.3,Platform Fulfilled,16.27659574468085,84580.8315,17.02,22.2,Low Risk
SELL03756,33,0.21212121212121213,4.7,Seller Fulfilled,14.393939393939394,46193.0205,21.21,20.2,Low Risk
SELL03757,71,0.28169014084507044,3.9,Platform Fulfilled,20.704225352112676,83204.29499999998,28.17,33.4,Medium Risk
SELL03758,27,0.3333333333333333,3.3,Seller Fulfilled,16.296296296296298,5836.273499999999,33.33,37.9,Medium Risk
SELL03759,36,0.25,3.0,Seller Fulfilled,11.527777777777779,22318.9305,25.0,33.2,Medium Risk
SELL03760,42,0.23809523809523808,4.5,Seller Fulfilled,13.571428571428571,33995.6205,23.81,22.5,Low Risk
SELL03761,21,0.14285714285714285,4.1,Seller Fulfilled,14.523809523809524,1417.401,14.29,21.3,Low Risk
SELL03762,62,0.27419354838709675,4.0,Platform Fulfilled,14.35483870967742,106599.3675,27.42,28.5,Low Risk
SELL03763,21,0.42857142857142855,2.9,Platform Fulfilled,22.61904761904762,54727.930499999995,42.86,49.4,Medium Risk
SELL03764,59,0.1864406779661017,4.2,Seller Fulfilled,17.627118644067796,18008.6925,18.64,24.5,Low Risk
SELL03765,30,0.2,3.7,Seller Fulfilled,18.666666666666668,80810.4645,20.0,29.6,Low Risk
SELL03766,68,0.5294117647058824,2.1,Seller Fulfilled,18.602941176470587,18101.9775,52.94,58.0,Medium Risk
SELL03767,30,0.23333333333333334,4.1,Platform Fulfilled,16.666666666666668,14505.895499999999,23.33,27.1,Low Risk
SELL03768,37,0.13513513513513514,4.5,Platform Fulfilled,14.864864864864865,18646.5795,13.51,18.1,Low Risk
SELL03769,31,0.4838709677419355,2.9,Platform Fulfilled,14.193548387096774,70021.2435,48.39,47.2,Medium Risk
SELL03770,19,0.631578947368421,2.9,Seller Fulfilled,17.36842105263158,51940.557,63.16,56.4,Medium Risk
SELL03771,44,0.045454545454545456,4.7,Platform Fulfilled,14.204545454545455,709.0725,4.55,11.7,Low Risk
SELL03772,64,0.28125,3.6,Seller Fulfilled,17.03125,30434.799000000003,28.12,33.4,Medium Risk
SELL03773,71,0.19718309859154928,4.5,Platform Fulfilled,17.816901408450704,14733.141,19.72,22.9,Low Risk
SELL03774,55,0.09090909090909091,4.9,Platform Fulfilled,13.727272727272727,26716.2195,9.09,12.2,Low Risk
SELL03775,20,0.1,4.9,Seller Fulfilled,21.5,3673.6544999999996,10.0,17.2,Low Risk
SELL03776,41,0.34146341463414637,4.3,Seller Fulfilled,20.121951219512194,67679.33249999999,34.15,33.0,Low Risk
SELL03777,23,0.30434782608695654,2.9,Seller Fulfilled,13.91304347826087,1192.512,30.43,38.0,Medium Risk
SELL03778,66,0.30303030303030304,3.4,Seller Fulfilled,13.181818181818182,163998.23099999997,30.3,33.8,Medium Risk
SELL03779,64,0.234375,4.5,Seller Fulfilled,16.40625,19317.1845,23.44,24.0,Low Risk
SELL03780,44,0.29545454545454547,4.2,Platform Fulfilled,19.204545454545453,93096.9255,29.55,30.9,Low Risk
SELL03781,67,0.22388059701492538,3.7,Platform Fulfilled,17.388059701492537,44008.699499999995,22.39,30.0,Low Risk
SELL03782,35,0.2857142857142857,4.1,Seller Fulfilled,15.142857142857142,54793.1565,28.57,28.8,Low Risk
SELL03783,56,0.26785714285714285,4.7,Seller Fulfilled,12.946428571428571,78586.806,26.79,22.1,Low Risk
SELL03784,56,0.14285714285714285,4.7,Seller Fulfilled,14.017857142857142,30499.062000000005,14.29,16.5,Low Risk
SELL03785,33,0.21212121212121213,4.8,Seller Fulfilled,14.545454545454545,79098.7095,21.21,19.5,Low Risk
SELL03786,35,0.2857142857142857,3.4,Seller Fulfilled,19.142857142857142,15908.5245,28.57,36.4,Medium Risk
SELL03787,44,0.2727272727272727,4.3,Platform Fulfilled,23.181818181818183,83825.631,27.27,31.4,Low Risk
SELL03788,40,0.425,2.5,Seller Fulfilled,18.125,66364.60500000001,42.5,49.5,Medium Risk
SELL03789,30,0.3,3.8,Seller Fulfilled,16.5,18665.8005,30.0,32.6,Low Risk
SELL03790,37,0.2972972972972973,3.4,Platform Fulfilled,17.2972972972973,40962.388499999994,29.73,35.9,Medium Risk
SELL03791,75,0.10666666666666667,5.0,Platform Fulfilled,17.733333333333334,5771.549999999999,10.67,14.6,Low Risk
SELL03792,10,0.5,3.4,Platform Fulfilled,16.0,10016.541000000001,50.0,45.3,Medium Risk
SELL03793,54,0.14814814814814814,2.4,Platform Fulfilled,14.444444444444445,3509.3189999999995,14.81,34.3,Medium Risk
SELL03794,34,0.20588235294117646,2.0,Seller Fulfilled,14.558823529411764,20603.375999999997,20.59,40.2,Medium Risk
SELL03795,22,0.22727272727272727,3.0,Seller Fulfilled,16.363636363636363,12472.425,22.73,34.8,Medium Risk
SELL03796,53,0.16981132075471697,3.7,Seller Fulfilled,12.924528301886792,2816.4615,16.98,24.7,Low Risk
SELL03797,73,0.2054794520547945,4.6,Seller Fulfilled,16.232876712328768,100380.1635,20.55,21.7,Low Risk
SELL03798,23,0.30434782608695654,2.8,Platform Fulfilled,20.0,21585.36,30.43,42.3,Medium Risk
SELL03799,8,0.125,3.7,Seller Fulfilled,6.875,7882.98,12.5,18.9,Low Risk
SELL03800,43,0.27906976744186046,3.6,Seller Fulfilled,20.58139534883721,57953.0685,27.91,35.4,Medium Risk
SELL03801,40,0.625,2.8,Seller Fulfilled,16.5,228610.91999999998,62.5,56.3,Medium Risk
SELL03802,12,0.08333333333333333,3.8,Platform Fulfilled,4.166666666666667,452.538,8.33,14.5,Low Risk
SELL03803,44,0.4090909090909091,3.1,Platform Fulfilled,15.681818181818182,166997.07,40.91,42.8,Medium Risk
SELL03804,37,0.24324324324324326,3.5,Platform Fulfilled,21.486486486486488,8044.045499999999,24.32,34.9,Medium Risk
SELL03805,45,0.35555555555555557,4.3,Seller Fulfilled,17.22222222222222,100084.53600000001,35.56,32.0,Low Risk
SELL03806,63,0.2857142857142857,4.1,Platform Fulfilled,16.746031746031747,80146.3695,28.57,29.8,Low Risk
SELL03807,36,0.2222222222222222,3.7,Seller Fulfilled,15.694444444444445,2277.417,22.22,29.0,Low Risk
SELL03808,71,0.2112676056338028,3.5,Platform Fulfilled,17.6056338028169,37065.9555,21.13,31.0,Low Risk
SELL03809,54,0.16666666666666666,3.4,Seller Fulfilled,15.648148148148149,53340.386999999995,16.67,28.4,Low Risk
SELL03811,17,0.29411764705882354,3.9,Platform Fulfilled,23.823529411764707,1043.8455,29.41,35.8,Medium Risk
SELL03812,58,0.1896551724137931,4.9,Seller Fulfilled,18.103448275862068,16910.0775,18.97,19.8,Low Risk
SELL03813,12,0.08333333333333333,3.5,Platform Fulfilled,12.5,5865.902999999999,8.33,21.6,Low Risk
SELL03814,16,0.25,3.7,Platform Fulfilled,21.875,449.80349999999993,25.0,34.0,Medium Risk
SELL03815,67,0.29850746268656714,3.3,Seller Fulfilled,12.91044776119403,12780.0405,29.85,34.2,Medium Risk
SELL03816,31,0.1935483870967742,5.0,Platform Fulfilled,16.612903225806452,17629.549499999997,19.35,18.3,Low Risk
SELL03817,10,0.4,4.9,Seller Fulfilled,21.5,2633.2815,40.0,32.2,Low Risk
SELL03818,17,0.8823529411764706,2.6,Seller Fulfilled,16.176470588235293,157709.20349999997,88.24,70.5,High Risk
SELL03819,57,0.14035087719298245,4.9,Seller Fulfilled,14.824561403508772,15171.2925,14.04,15.3,Low Risk
SELL03820,48,0.5625,2.9,Seller Fulfilled,17.395833333333332,79551.67649999999,56.25,53.0,Medium Risk
SELL03821,60,0.26666666666666666,4.3,Seller Fulfilled,18.5,95783.4255,26.67,28.3,Low Risk
SELL03822,58,0.08620689655172414,4.4,Seller Fulfilled,17.5,2091.516,8.62,18.0,Low Risk
SELL03823,37,0.4864864864864865,1.7,Platform Fulfilled,18.37837837837838,89972.14799999999,48.65,58.7,Medium Risk
SELL03824,36,0.4166666666666667,3.1,Seller Fulfilled,21.25,61572.97949999999,41.67,46.5,Medium Risk
SELL03825,37,0.1891891891891892,3.7,Platform Fulfilled,17.7027027027027,6420.442499999999,18.92,28.5,Low Risk
SELL03826,50,0.12,3.8,Platform Fulfilled,15.2,7327.638,12.0,22.8,Low Risk
SELL03827,12,0.0,4.7,Seller Fulfilled,10.833333333333334,0.0,0.0,7.5,Low Risk
SELL03828,16,0.0625,4.1,Platform Fulfilled,21.25,1421.9969999999998,6.25,21.2,Low Risk
SELL03829,43,0.09302325581395349,3.5,Platform Fulfilled,14.418604651162791,6298.062,9.3,23.3,Low Risk
SELL03830,12,0.08333333333333333,4.7,Seller Fulfilled,7.916666666666667,2552.298,8.33,9.9,Low Risk
SELL03831,15,0.4666666666666667,3.4,Seller Fulfilled,9.333333333333334,4531.857,46.67,39.7,Medium Risk
SELL03832,6,0.3333333333333333,2.4,Seller Fulfilled,20.0,4623.276,33.33,46.8,Medium Risk
SELL03833,53,0.33962264150943394,4.1,Seller Fulfilled,12.924528301886792,18879.4545,33.96,30.2,Low Risk
SELL03834,5,0.2,3.5,Platform Fulfilled,27.0,2030.8439999999998,20.0,36.0,Medium Risk
SELL03835,22,0.13636363636363635,2.7,Seller Fulfilled,12.727272727272727,177.91949999999997,13.64,30.4,Low Risk
SELL03836,48,0.2708333333333333,3.6,Seller Fulfilled,18.4375,78363.8805,27.08,33.8,Medium Risk
SELL03837,34,0.11764705882352941,4.3,Platform Fulfilled,14.705882352941176,48578.61,11.76,18.7,Low Risk
SELL03838,10,0.4,3.3,Seller Fulfilled,20.5,6083.043,40.0,43.7,Medium Risk
SELL03839,46,0.1956521739130435,5.0,Seller Fulfilled,18.91304347826087,107180.82299999999,19.57,19.8,Low Risk
SELL03840,79,0.12658227848101267,4.6,Platform Fulfilled,13.860759493670885,42323.30849999999,12.66,16.4,Low Risk
SELL03841,17,0.11764705882352941,4.2,Seller Fulfilled,14.705882352941176,496.34399999999994,11.76,19.4,Low Risk
SELL03842,8,0.125,3.5,Seller Fulfilled,17.5,14238.401999999998,12.5,26.7,Low Risk
SELL03843,7,0.2857142857142857,3.8,Platform Fulfilled,9.285714285714286,1029.156,28.57,27.6,Low Risk
SELL03844,57,0.2631578947368421,3.6,Platform Fulfilled,16.05263157894737,40639.510500000004,26.32,32.0,Low Risk
SELL03845,38,0.2631578947368421,3.5,Seller Fulfilled,14.342105263157896,8693.9715,26.32,31.7,Low Risk
SELL03846,34,0.35294117647058826,3.7,Platform Fulfilled,16.176470588235293,74486.22750000001,35.29,35.8,Medium Risk
SELL03847,34,0.08823529411764706,4.2,Seller Fulfilled,14.852941176470589,31571.922,8.82,18.0,Low Risk
SELL03848,19,0.2631578947368421,3.1,Seller Fulfilled,19.473684210526315,35896.8315,26.32,37.7,Medium Risk
SELL03849,37,0.0,4.1,Platform Fulfilled,14.18918918918919,0.0,0.0,14.0,Low Risk
SELL03850,13,0.6923076923076923,2.8,Platform Fulfilled,15.0,161110.7295,69.23,58.8,Medium Risk
SELL03851,17,0.4117647058823529,3.1,Seller Fulfilled,15.588235294117647,1490.7464999999997,41.18,42.9,Medium Risk
SELL03852,19,0.21052631578947367,4.4,Seller Fulfilled,12.631578947368421,1515.2054999999998,21.05,21.4,Low Risk
SELL03853,85,0.4117647058823529,3.1,Seller Fulfilled,12.941176470588236,189639.9165,41.18,41.3,Medium Risk
SELL03854,51,0.39215686274509803,2.8,Seller Fulfilled,12.647058823529411,107730.009,39.22,42.4,Medium Risk
SELL03855,11,0.0,3.4,Seller Fulfilled,16.818181818181817,0.0,0.0,20.8,Low Risk
SELL03856,23,0.5217391304347826,3.2,Seller Fulfilled,21.08695652173913,10757.218499999999,52.17,50.9,Medium Risk
SELL03857,40,0.05,4.6,Platform Fulfilled,16.875,19206.8175,5.0,14.3,Low Risk
SELL03858,58,0.3275862068965517,4.4,Seller Fulfilled,14.827586206896552,71445.972,32.76,28.5,Low Risk
SELL03859,16,0.5625,3.2,Seller Fulfilled,20.625,11391.453000000001,56.25,52.6,Medium Risk
SELL03860,70,0.37142857142857144,4.5,Platform Fulfilled,17.285714285714285,145249.28399999999,37.14,31.3,Low Risk
SELL03861,29,0.13793103448275862,2.9,Platform Fulfilled,12.758620689655173,800.1524999999999,13.79,29.0,Low Risk
SELL03862,16,0.375,3.5,Platform Fulfilled,17.8125,55337.650499999996,37.5,39.3,Medium Risk
SELL03863,22,0.045454545454545456,3.9,Platform Fulfilled,16.136363636363637,148.878,4.55,18.9,Low Risk
SELL03864,56,0.125,4.1,Platform Fulfilled,15.803571428571429,5839.491,12.5,21.2,Low Risk
SELL03865,60,0.35,3.8,Seller Fulfilled,19.416666666666668,134952.28949999998,35.0,36.8,Medium Risk
SELL03866,34,0.5,3.3,Seller Fulfilled,15.735294117647058,182831.538,50.0,45.9,Medium Risk
SELL03867,60,0.15,4.2,Seller Fulfilled,14.416666666666666,50800.6245,15.0,20.9,Low Risk
SELL03868,38,0.3157894736842105,3.3,Seller Fulfilled,16.31578947368421,39563.0505,31.58,37.0,Medium Risk
SELL03869,45,0.08888888888888889,4.9,Platform Fulfilled,19.11111111111111,2083.401,8.89,15.3,Low Risk
SELL03870,42,0.5,2.4,Seller Fulfilled,13.80952380952381,27315.061499999996,50.0,51.5,Medium Risk
SELL03871,39,0.5641025641025641,2.8,Platform Fulfilled,13.205128205128204,178800.31349999993,56.41,51.3,Medium Risk
SELL03872,35,0.05714285714285714,5.0,Seller Fulfilled,22.428571428571427,1030.5825,5.71,14.9,Low Risk
SELL03873,50,0.38,3.1,Seller Fulfilled,19.4,21895.629,38.0,43.5,Medium Risk
SELL03874,76,0.19736842105263158,3.6,Platform Fulfilled,16.18421052631579,42289.02,19.74,28.7,Low Risk
SELL03875,6,0.0,3.5,Seller Fulfilled,30.833333333333332,0.0,0.0,28.2,Low Risk
SELL03876,46,0.08695652173913043,3.8,Platform Fulfilled,21.52173913043478,15643.246499999997,8.7,24.9,Low Risk
SELL03877,37,0.35135135135135137,2.1,Seller Fulfilled,18.10810810810811,110505.59999999999,35.14,48.8,Medium Risk
SELL03878,37,0.21621621621621623,3.7,Platform Fulfilled,19.054054054054053,4748.6865,21.62,30.6,Low Risk
SELL03879,34,0.3235294117647059,3.1,Platform Fulfilled,21.764705882352942,7358.745,32.35,42.1,Medium Risk
SELL03880,31,0.12903225806451613,4.3,Seller Fulfilled,16.451612903225808,1938.9944999999998,12.9,20.2,Low Risk
SELL03881,34,0.23529411764705882,3.5,Seller Fulfilled,22.941176470588236,10940.5185,23.53,35.3,Medium Risk
SELL03882,64,0.28125,3.8,Seller Fulfilled,14.6875,30479.895,28.12,30.6,Low Risk
SELL03883,10,0.2,3.7,Seller Fulfilled,16.5,434.286,20.0,28.3,Low Risk
SELL03884,46,0.21739130434782608,3.6,Seller Fulfilled,15.108695652173912,89519.8245,21.74,29.1,Low Risk
SELL03885,17,0.5294117647058824,4.2,Seller Fulfilled,21.176470588235293,30550.0395,52.94,43.8,Medium Risk
SELL03886,48,0.14583333333333334,3.6,Platform Fulfilled,11.458333333333334,8222.503499999999,14.58,23.4,Low Risk
SELL03887,66,0.3484848484848485,3.3,Platform Fulfilled,12.272727272727273,137099.235,34.85,36.2,Medium Risk
SELL03888,44,0.13636363636363635,4.7,Platform Fulfilled,17.386363636363637,6870.377999999999,13.64,18.2,Low Risk
SELL03889,14,0.6428571428571429,3.5,Seller Fulfilled,15.0,38412.653999999995,64.29,51.1,Medium Risk
SELL03890,31,0.3225806451612903,4.9,Seller Fulfilled,20.161290322580644,164467.32,32.26,27.6,Low Risk
SELL03891,60,0.5666666666666667,1.8,Platform Fulfilled,16.083333333333332,138731.2065,56.67,60.7,Medium Risk
SELL03893,47,0.2978723404255319,3.6,Seller Fulfilled,13.297872340425531,15423.121499999997,29.79,32.1,Low Risk
SELL03894,89,0.16853932584269662,4.0,Seller Fulfilled,15.0,100351.71299999999,16.85,23.6,Low Risk
SELL03895,30,0.23333333333333334,3.8,Seller Fulfilled,19.166666666666668,26796.311999999998,23.33,30.8,Low Risk
SELL03896,22,0.13636363636363635,3.0,Platform Fulfilled,18.863636363636363,1857.5895,13.64,31.8,Low Risk
SELL03897,36,0.4444444444444444,3.4,Seller Fulfilled,14.722222222222221,9328.0155,44.44,41.7,Medium Risk
SELL03898,46,0.21739130434782608,4.0,Platform Fulfilled,17.065217391304348,21709.1955,21.74,27.2,Low Risk
SELL03899,63,0.23809523809523808,3.4,Seller Fulfilled,20.07936507936508,108718.014,23.81,34.6,Medium Risk
SELL03900,17,0.17647058823529413,2.6,Platform Fulfilled,10.588235294117647,2461.5764999999997,17.65,31.9,Low Risk
SELL03901,31,0.25806451612903225,5.0,Platform Fulfilled,15.806451612903226,20935.854,25.81,21.1,Low Risk
SELL03902,35,0.2571428571428571,3.9,Seller Fulfilled,18.428571428571427,30465.1485,25.71,30.8,Low Risk
SELL03903,34,0.11764705882352941,5.0,Seller Fulfilled,14.852941176470589,25454.6835,11.76,13.5,Low Risk
SELL03904,53,0.1320754716981132,4.6,Seller Fulfilled,15.943396226415095,41971.6035,13.21,17.8,Low Risk
SELL03905,14,0.21428571428571427,4.1,Platform Fulfilled,11.071428571428571,926.2515,21.43,22.8,Low Risk
SELL03906,63,0.15873015873015872,5.0,Seller Fulfilled,17.3015873015873,35642.674499999994,15.87,17.0,Low Risk
SELL03907,17,0.29411764705882354,3.9,Seller Fulfilled,15.0,6196.565999999999,29.41,30.6,Low Risk
SELL03908,30,0.1,3.9,Platform Fulfilled,14.0,3703.767,10.0,20.4,Low Risk
SELL03909,21,0.38095238095238093,2.9,Platform Fulfilled,10.0,7456.3485,38.1,39.6,Medium Risk
SELL03910,46,0.32608695652173914,3.8,Platform Fulfilled,15.217391304347826,16563.8715,32.61,33.1,Medium Risk
SELL03911,19,0.21052631578947367,3.5,Seller Fulfilled,18.157894736842106,1745.0639999999999,21.05,31.3,Low Risk
SELL03912,38,0.2631578947368421,4.4,Seller Fulfilled,14.868421052631579,51777.9075,26.32,25.3,Low Risk
SELL03913,77,0.07792207792207792,4.2,Platform Fulfilled,15.974025974025974,2998.7114999999994,7.79,18.2,Low Risk
SELL03914,46,0.6521739130434783,2.5,Seller Fulfilled,16.195652173913043,187072.07700000002,65.22,59.8,Medium Risk
SELL03915,37,0.2702702702702703,3.4,Seller Fulfilled,17.2972972972973,78963.8355,27.03,34.5,Medium Risk
SELL03916,28,0.32142857142857145,3.8,Platform Fulfilled,13.392857142857142,92506.0155,32.14,31.8,Low Risk
SELL03917,99,0.20202020202020202,4.7,Seller Fulfilled,14.94949494949495,225097.1415,20.2,20.0,Low Risk
SELL03918,37,0.16216216216216217,3.7,Platform Fulfilled,13.513513513513514,2673.18,16.22,24.7,Low Risk
SELL03919,58,0.5172413793103449,2.5,Platform Fulfilled,16.896551724137932,120499.79699999999,51.72,53.4,Medium Risk
SELL03920,22,0.09090909090909091,3.2,Seller Fulfilled,14.545454545454545,911.133,9.09,25.5,Low Risk
SELL03923,62,0.5483870967741935,3.3,Seller Fulfilled,16.451612903225808,260581.13549999997,54.84,48.7,Medium Risk
SELL03924,65,0.5076923076923077,3.2,Seller Fulfilled,15.153846153846153,114204.6525,50.77,46.7,Medium Risk
SELL03925,24,0.2916666666666667,3.6,Seller Fulfilled,16.458333333333332,5355.574500000001,29.17,33.6,Medium Risk
SELL03926,11,0.2727272727272727,4.1,Seller Fulfilled,19.545454545454547,60047.305499999995,27.27,30.8,Low Risk
SELL03927,47,0.2127659574468085,4.0,Platform Fulfilled,15.957446808510639,12466.541999999998,21.28,26.4,Low Risk
SELL03928,58,0.3275862068965517,3.3,Platform Fulfilled,20.603448275862068,53544.363,32.76,40.1,Medium Risk
SELL03929,29,0.2413793103448276,3.9,Platform Fulfilled,16.379310344827587,10417.617,24.14,28.8,Low Risk
SELL03930,62,0.4032258064516129,3.2,Platform Fulfilled,19.516129032258064,68232.093,40.32,44.0,Medium Risk
SELL03931,74,0.28378378378378377,3.3,Platform Fulfilled,13.175675675675675,16778.212499999998,28.38,33.6,Medium Risk
SELL03932,58,0.13793103448275862,3.5,Platform Fulfilled,16.810344827586206,30570.333,13.79,26.9,Low Risk
SELL03933,30,0.06666666666666667,4.4,Platform Fulfilled,9.333333333333334,87.8145,6.67,12.2,Low Risk
SELL03934,39,0.23076923076923078,3.7,Platform Fulfilled,18.58974358974359,44585.793000000005,23.08,31.1,Low Risk
SELL03935,61,0.47540983606557374,3.0,Seller Fulfilled,15.40983606557377,83581.63500000001,47.54,46.7,Medium Risk
SELL03936,18,0.8333333333333334,2.3,Platform Fulfilled,9.444444444444445,148877.7105,83.33,66.3,High Risk
SELL03937,50,0.14,3.0,Platform Fulfilled,14.3,6901.951500000001,14.0,29.3,Low Risk
SELL03938,28,0.32142857142857145,3.4,Platform Fulfilled,12.857142857142858,73082.457,32.14,34.5,Medium Risk
SELL03939,14,0.2857142857142857,4.6,Seller Fulfilled,22.857142857142858,25806.5745,28.57,29.6,Low Risk
SELL03940,22,0.2727272727272727,3.5,Platform Fulfilled,12.954545454545455,13278.630000000001,27.27,31.4,Low Risk
SELL03941,15,0.2,3.4,Platform Fulfilled,20.333333333333332,3797.082,20.0,32.8,Low Risk
SELL03942,13,0.0,3.5,Platform Fulfilled,20.384615384615383,0.0,0.0,22.1,Low Risk
SELL03943,44,0.25,3.5,Seller Fulfilled,15.681818181818182,21819.298499999997,25.0,31.8,Low Risk
SELL03944,56,0.48214285714285715,2.3,Platform Fulfilled,13.839285714285714,158597.64,48.21,51.4,Medium Risk
SELL03945,70,0.3,3.5,Seller Fulfilled,16.5,67457.85,30.0,34.8,Medium Risk
SELL03946,26,0.19230769230769232,4.2,Seller Fulfilled,16.73076923076923,4855.0605,19.23,24.3,Low Risk
SELL03947,67,0.2835820895522388,3.5,Platform Fulfilled,14.477611940298507,143790.1305,28.36,32.8,Low Risk
SELL03948,67,0.19402985074626866,4.1,Seller Fulfilled,10.746268656716419,130465.06949999998,19.4,21.6,Low Risk
SELL03949,34,0.2647058823529412,4.1,Platform Fulfilled,15.735294117647058,3962.6804999999995,26.47,28.1,Low Risk
SELL03950,9,0.4444444444444444,3.6,Seller Fulfilled,13.88888888888889,2391.0975,44.44,39.7,Medium Risk
SELL03951,60,0.1,4.4,Platform Fulfilled,15.083333333333334,7299.5565,10.0,17.2,Low Risk
SELL03952,18,0.05555555555555555,4.7,Platform Fulfilled,18.333333333333332,252.405,5.56,14.7,Low Risk
SELL03953,35,0.05714285714285714,4.0,Platform Fulfilled,11.0,4901.353499999999,5.71,15.7,Low Risk
SELL03954,38,0.18421052631578946,3.7,Platform Fulfilled,16.31578947368421,1933.7595000000001,18.42,27.4,Low Risk
SELL03955,61,0.21311475409836064,3.7,Platform Fulfilled,16.639344262295083,9834.9195,21.31,29.1,Low Risk
SELL03956,37,0.21621621621621623,3.6,Seller Fulfilled,21.756756756756758,18697.2195,21.62,33.0,Low Risk
SELL03957,20,0.25,3.2,Seller Fulfilled,18.0,29378.854499999998,25.0,35.5,Medium Risk
SELL03958,70,0.21428571428571427,4.2,Seller Fulfilled,14.642857142857142,53151.17999999999,21.43,24.2,Low Risk
SELL03959,67,0.1791044776119403,4.7,Platform Fulfilled,21.417910447761194,30107.3595,17.91,22.7,Low Risk
SELL03960,25,0.0,3.2,Platform Fulfilled,21.4,0.0,0.0,24.9,Low Risk
SELL03961,74,0.14864864864864866,4.6,Seller Fulfilled,14.72972972972973,5035.266,14.86,18.0,Low Risk
SELL03962,39,0.20512820512820512,3.6,Seller Fulfilled,19.102564102564102,19306.426499999998,20.51,30.8,Low Risk
SELL03963,45,0.24444444444444444,4.1,Seller Fulfilled,16.444444444444443,60815.7345,24.44,27.5,Low Risk
SELL03964,13,0.15384615384615385,3.8,Platform Fulfilled,14.23076923076923,1765.3305,15.38,23.9,Low Risk
SELL03965,31,0.12903225806451613,4.7,Seller Fulfilled,18.387096774193548,1616.151,12.9,18.4,Low Risk
SELL03966,36,0.1388888888888889,4.4,Seller Fulfilled,14.166666666666666,1991.898,13.89,18.6,Low Risk
SELL03967,57,0.24561403508771928,4.1,Platform Fulfilled,17.19298245614035,114619.212,24.56,28.0,Low Risk
SELL03968,30,0.2,4.3,Seller Fulfilled,18.666666666666668,17268.5085,20.0,25.1,Low Risk
SELL03969,34,0.20588235294117646,4.1,Seller Fulfilled,20.294117647058822,26720.337,20.59,27.8,Low Risk
SELL03970,29,0.13793103448275862,4.7,Seller Fulfilled,19.137931034482758,24824.1285,13.79,19.3,Low Risk
SELL03971,18,0.3333333333333333,3.7,Seller Fulfilled,12.5,29275.9335,33.33,32.6,Low Risk
SELL03972,44,0.22727272727272727,2.7,Seller Fulfilled,17.613636363636363,145001.856,22.73,37.8,Medium Risk
SELL03973,52,0.11538461538461539,3.8,Seller Fulfilled,20.384615384615383,10814.071499999998,11.54,25.6,Low Risk
SELL03974,25,0.04,4.2,Seller Fulfilled,16.0,29.8125,4.0,16.3,Low Risk
SELL03975,25,0.32,4.0,Seller Fulfilled,10.8,3328.1715,32.0,28.7,Low Risk
SELL03976,22,0.4090909090909091,4.3,Seller Fulfilled,17.272727272727273,90505.9365,40.91,34.7,Medium Risk
SELL03977,38,0.18421052631578946,3.8,Seller Fulfilled,16.842105263157894,6983.205,18.42,27.0,Low Risk
SELL03978,29,0.3793103448275862,3.2,Platform Fulfilled,16.551724137931036,18499.577999999998,37.93,41.1,Medium Risk
SELL03979,15,0.13333333333333333,3.7,Seller Fulfilled,16.0,1643.1704999999997,13.33,24.7,Low Risk
SELL03980,78,0.2948717948717949,3.4,Platform Fulfilled,13.91025641025641,20901.3435,29.49,33.8,Medium Risk
SELL03981,43,0.18604651162790697,5.0,Platform Fulfilled,17.325581395348838,85983.8595,18.6,18.4,Low Risk
SELL03982,9,0.4444444444444444,4.0,Platform Fulfilled,12.222222222222221,1167.906,44.44,35.8,Medium Risk
SELL03983,34,0.17647058823529413,5.0,Seller Fulfilled,13.823529411764707,50528.340000000004,17.65,15.8,Low Risk
SELL03984,24,0.16666666666666666,5.0,Platform Fulfilled,11.25,67761.609,16.67,13.8,Low Risk
SELL03985,48,0.2708333333333333,4.4,Platform Fulfilled,14.479166666666666,26418.641999999996,27.08,25.4,Low Risk
SELL03986,27,0.1111111111111111,4.7,Seller Fulfilled,15.0,15217.845,11.11,15.5,Low Risk
SELL03987,80,0.2875,3.7,Platform Fulfilled,15.0625,91258.1805,28.75,31.8,Low Risk
SELL03988,60,0.11666666666666667,3.3,Seller Fulfilled,14.166666666666666,1725.99,11.67,25.8,Low Risk
SELL03989,34,0.29411764705882354,4.2,Seller Fulfilled,16.470588235294116,31230.878999999997,29.41,29.3,Low Risk
SELL03990,54,0.18518518518518517,4.1,Platform Fulfilled,14.444444444444445,63103.0815,18.52,23.4,Low Risk
SELL03991,51,0.21568627450980393,4.4,Seller Fulfilled,19.019607843137255,16202.284499999998,21.57,25.3,Low Risk
SELL03992,31,0.16129032258064516,5.0,Platform Fulfilled,15.64516129032258,4953.384,16.13,16.1,Low Risk
SELL03993,34,0.20588235294117646,3.9,Platform Fulfilled,16.176470588235293,2408.9939999999997,20.59,26.9,Low Risk
SELL03995,42,0.14285714285714285,3.6,Seller Fulfilled,14.404761904761905,32923.157999999996,14.29,25.0,Low Risk
SELL03996,33,0.24242424242424243,4.0,Seller Fulfilled,14.545454545454545,2030.2904999999998,24.24,27.0,Low Risk
SELL03997,54,0.05555555555555555,4.6,Platform Fulfilled,14.351851851851851,27198.827999999998,5.56,13.1,Low Risk
SELL03998,42,0.07142857142857142,3.9,Seller Fulfilled,16.904761904761905,5836.607999999999,7.14,20.6,Low Risk
SELL03999,49,0.32653061224489793,3.5,Seller Fulfilled,10.816326530612244,40674.03,32.65,32.8,Low Risk
SELL04000,34,0.11764705882352941,4.5,Platform Fulfilled,16.61764705882353,1088.8754999999999,11.76,18.3,Low Risk
SELL04001,32,0.28125,3.6,Seller Fulfilled,19.21875,23007.5895,28.12,34.7,Medium Risk
SELL04002,16,0.25,5.0,Seller Fulfilled,16.5625,2954.3504999999996,25.0,21.1,Low Risk
SELL04003,27,0.2962962962962963,3.8,Platform Fulfilled,18.14814814814815,1916.985,29.63,33.3,Medium Risk
SELL04004,43,0.20930232558139536,3.1,Seller Fulfilled,19.069767441860463,50051.13,20.93,34.8,Medium Risk
SELL04005,31,0.1935483870967742,4.6,Seller Fulfilled,21.93548387096774,7160.900999999999,19.35,24.5,Low Risk
SELL04006,36,0.16666666666666666,3.9,Platform Fulfilled,12.222222222222221,28981.092000000004,16.67,22.7,Low Risk
SELL04007,7,0.0,3.0,Platform Fulfilled,16.428571428571427,0.0,0.0,23.5,Low Risk
SELL04008,38,0.13157894736842105,4.0,Seller Fulfilled,13.421052631578947,4887.985499999999,13.16,20.9,Low Risk
SELL04009,60,0.13333333333333333,3.8,Seller Fulfilled,18.666666666666668,36460.734000000004,13.33,25.5,Low Risk
SELL04010,3,0.3333333333333333,4.2,Seller Fulfilled,6.666666666666667,20025.441,33.33,25.4,Low Risk
SELL04011,20,0.15,4.7,Seller Fulfilled,13.5,2357.9655000000002,15.0,16.6,Low Risk
SELL04012,44,0.20454545454545456,4.0,Platform Fulfilled,20.681818181818183,24465.768,20.45,28.8,Low Risk
SELL04014,24,0.16666666666666666,3.9,Platform Fulfilled,15.833333333333334,1332.48,16.67,24.8,Low Risk
SELL04015,39,0.2564102564102564,4.1,Seller Fulfilled,15.256410256410257,5749.527,25.64,27.4,Low Risk
SELL04016,50,0.26,4.2,Platform Fulfilled,15.7,90725.33550000002,26.0,27.1,Low Risk
SELL04017,63,0.25396825396825395,4.0,Platform Fulfilled,16.11111111111111,92880.86700000001,25.4,28.5,Low Risk
SELL04018,49,0.32653061224489793,3.9,Seller Fulfilled,14.285714285714286,290072.97,32.65,31.9,Low Risk
SELL04019,74,0.21621621621621623,3.8,Seller Fulfilled,13.64864864864865,75979.99650000001,21.62,26.7,Low Risk
SELL04020,62,0.20967741935483872,3.2,Seller Fulfilled,16.774193548387096,51949.857,20.97,32.7,Low Risk
SELL04021,26,0.038461538461538464,3.1,Platform Fulfilled,16.153846153846153,65142.81,3.85,24.5,Low Risk
SELL04022,42,0.2857142857142857,3.2,Platform Fulfilled,12.619047619047619,103656.22499999999,28.57,34.1,Medium Risk
SELL04023,35,0.34285714285714286,3.4,Platform Fulfilled,13.857142857142858,43401.0945,34.29,36.2,Medium Risk
SELL04024,31,0.1935483870967742,3.8,Seller Fulfilled,13.709677419354838,35775.066,19.35,25.6,Low Risk
SELL04025,80,0.425,3.1,Seller Fulfilled,14.25,91677.4935,42.5,42.8,Medium Risk
SELL04026,61,0.14754098360655737,4.0,Seller Fulfilled,15.819672131147541,6753.703499999999,14.75,23.1,Low Risk
SELL04027,30,0.13333333333333333,4.5,Platform Fulfilled,13.833333333333334,76486.41449999998,13.33,17.4,Low Risk
SELL04028,39,0.28205128205128205,3.9,Platform Fulfilled,16.153846153846153,7808.119499999999,28.21,30.7,Low Risk
SELL04029,24,0.2916666666666667,3.0,Platform Fulfilled,17.708333333333332,3741.3779999999997,29.17,38.9,Medium Risk
SELL04030,63,0.3333333333333333,3.1,Platform Fulfilled,21.26984126984127,215468.98349999997,33.33,42.3,Medium Risk
SELL04031,22,0.3181818181818182,2.0,Platform Fulfilled,13.636363636363637,33046.842,31.82,45.3,Medium Risk
SELL04032,52,0.21153846153846154,4.0,Platform Fulfilled,14.51923076923077,73337.40299999999,21.15,25.5,Low Risk
SELL04033,46,0.21739130434782608,5.0,Seller Fulfilled,17.608695652173914,91489.4745,21.74,20.1,Low Risk
SELL04034,43,0.23255813953488372,3.6,Seller Fulfilled,14.883720930232558,37544.665499999996,23.26,29.8,Low Risk
SELL04035,22,0.2727272727272727,4.2,Seller Fulfilled,12.045454545454545,835.1144999999999,27.27,25.6,Low Risk
SELL04037,42,0.21428571428571427,4.2,Seller Fulfilled,14.642857142857142,28882.538999999997,21.43,24.2,Low Risk
SELL04038,19,0.05263157894736842,4.2,Seller Fulfilled,12.105263157894736,104.0565,5.26,14.6,Low Risk
SELL04039,42,0.2619047619047619,4.1,Platform Fulfilled,15.714285714285714,6961.5960000000005,26.19,28.0,Low Risk
SELL04040,6,0.3333333333333333,3.3,Seller Fulfilled,16.666666666666668,253.60649999999998,33.33,38.1,Medium Risk
SELL04041,32,0.125,3.9,Seller Fulfilled,13.90625,5075.985000000001,12.5,21.6,Low Risk
SELL04043,49,0.14285714285714285,3.8,Platform Fulfilled,14.795918367346939,30916.038,14.29,23.7,Low Risk
SELL04044,41,0.17073170731707318,3.4,Seller Fulfilled,17.682926829268293,67786.07699999999,17.07,29.8,Low Risk
SELL04045,26,0.11538461538461539,4.1,Platform Fulfilled,15.384615384615385,2631.1124999999997,11.54,20.4,Low Risk
SELL04046,29,0.3103448275862069,3.6,Platform Fulfilled,20.517241379310345,5746.3724999999995,31.03,36.9,Medium Risk
SELL04047,53,0.3584905660377358,4.3,Seller Fulfilled,15.471698113207546,78383.4075,35.85,31.1,Low Risk
SELL04048,59,0.3389830508474576,3.9,Seller Fulfilled,18.135593220338983,63589.490999999995,33.9,34.7,Medium Risk
SELL04049,37,0.4594594594594595,3.4,Seller Fulfilled,20.135135135135137,10731.416999999998,45.95,45.7,Medium Risk
SELL04050,97,0.26804123711340205,4.2,Seller Fulfilled,12.577319587628866,184347.264,26.8,25.7,Low Risk
SELL04051,35,0.17142857142857143,5.0,Seller Fulfilled,19.0,40285.072499999995,17.14,18.6,Low Risk
SELL04052,68,0.19117647058823528,3.6,Seller Fulfilled,13.970588235294118,11535.763499999997,19.12,27.1,Low Risk
SELL04053,34,0.38235294117647056,3.3,Platform Fulfilled,17.058823529411764,6568.862999999999,38.24,40.8,Medium Risk
SELL04054,54,0.16666666666666666,5.0,Seller Fulfilled,13.333333333333334,24316.86,16.67,15.1,Low Risk
SELL04055,37,0.2702702702702703,3.9,Platform Fulfilled,16.486486486486488,7172.3295,27.03,30.3,Low Risk
SELL04056,36,0.1388888888888889,5.0,Platform Fulfilled,18.47222222222222,930.4005,13.89,16.7,Low Risk
SELL04057,37,0.2702702702702703,3.5,Platform Fulfilled,17.027027027027028,7688.0160000000005,27.03,33.6,Medium Risk
SELL04058,35,0.2,3.5,Platform Fulfilled,18.857142857142858,65735.02799999999,20.0,31.2,Low Risk
SELL04059,69,0.34782608695652173,3.4,Platform Fulfilled,15.289855072463768,54700.776,34.78,37.3,Medium Risk
SELL04060,16,0.125,4.0,Seller Fulfilled,14.375,243.4155,12.5,21.1,Low Risk
SELL04061,31,0.45161290322580644,3.4,Seller Fulfilled,14.35483870967742,7594.228499999999,45.16,41.9,Medium Risk
SELL04062,56,0.19642857142857142,3.5,Platform Fulfilled,16.696428571428573,20614.7205,19.64,29.7,Low Risk
SELL04063,49,0.14285714285714285,3.9,Platform Fulfilled,12.653061224489797,6361.183499999999,14.29,21.7,Low Risk
SELL04064,16,0.0,3.6,Seller Fulfilled,21.875,0.0,0.0,22.2,Low Risk
SELL04065,43,0.37209302325581395,3.4,Seller Fulfilled,16.511627906976745,126045.67199999999,37.21,39.2,Medium Risk
SELL04066,65,0.3384615384615385,3.3,Seller Fulfilled,15.23076923076923,60648.144,33.85,37.5,Medium Risk
SELL04067,23,0.34782608695652173,3.4,Seller Fulfilled,15.869565217391305,2184.1455,34.78,37.6,Medium Risk
SELL04068,37,0.24324324324324326,3.6,Seller Fulfilled,11.35135135135135,7359.5895,24.32,28.2,Low Risk
SELL04069,27,0.2962962962962963,2.7,Platform Fulfilled,11.296296296296296,9532.904999999999,29.63,37.6,Medium Risk
SELL04070,15,0.4666666666666667,3.2,Platform Fulfilled,13.666666666666666,10456.412999999999,46.67,43.8,Medium Risk
SELL04071,28,0.07142857142857142,3.7,Seller Fulfilled,23.214285714285715,48287.94299999999,7.14,25.8,Low Risk
SELL04072,54,0.2037037037037037,4.0,Platform Fulfilled,17.59259259259259,79444.116,20.37,26.9,Low Risk
SELL04073,14,0.0,4.2,Platform Fulfilled,13.214285714285714,0.0,0.0,12.6,Low Risk
SELL04074,20,0.1,4.5,Seller Fulfilled,11.0,6801.3645,10.0,14.1,Low Risk
SELL04075,30,0.6,2.9,Seller Fulfilled,14.166666666666666,115841.8275,60.0,53.0,Medium Risk
SELL04076,36,0.3333333333333333,3.8,Seller Fulfilled,17.5,87387.06749999999,33.33,34.8,Medium Risk
SELL04077,30,0.16666666666666666,4.1,Platform Fulfilled,11.0,4076.7794999999996,16.67,20.4,Low Risk
SELL04078,32,0.5,3.1,Platform Fulfilled,19.21875,91718.757,50.0,49.4,Medium Risk
SELL04079,47,0.2765957446808511,3.2,Platform Fulfilled,12.97872340425532,22325.307,27.66,33.8,Medium Risk
SELL04080,34,0.14705882352941177,4.1,Platform Fulfilled,22.794117647058822,53178.647999999994,14.71,26.4,Low Risk
SELL04081,36,0.25,3.5,Seller Fulfilled,14.444444444444445,84252.048,25.0,31.1,Low Risk
SELL04082,38,0.13157894736842105,5.0,Platform Fulfilled,12.631578947368421,6771.0075,13.16,12.9,Low Risk
SELL04083,43,0.23255813953488372,4.1,Platform Fulfilled,13.720930232558139,24914.496,23.26,25.3,Low Risk
SELL04084,7,0.42857142857142855,5.0,Seller Fulfilled,24.285714285714285,2435.5829999999996,42.86,34.6,Medium Risk
SELL04085,77,0.18181818181818182,3.7,Platform Fulfilled,14.935064935064934,72467.0295,18.18,26.5,Low Risk
SELL04086,22,0.4090909090909091,3.6,Seller Fulfilled,17.272727272727273,171531.94799999997,40.91,40.0,Medium Risk
SELL04087,56,0.23214285714285715,3.4,Seller Fulfilled,17.232142857142858,128167.13849999999,23.21,32.6,Low Risk
SELL04088,6,0.16666666666666666,3.6,Platform Fulfilled,21.666666666666668,6490.155,16.67,30.4,Low Risk
SELL04089,26,0.23076923076923078,3.4,Seller Fulfilled,11.923076923076923,32613.388499999994,23.08,29.4,Low Risk
SELL04090,39,0.28205128205128205,4.0,Seller Fulfilled,18.46153846153846,48242.334,28.21,31.3,Low Risk
SELL04091,14,0.21428571428571427,3.0,Seller Fulfilled,21.428571428571427,1566.9824999999998,21.43,37.2,Medium Risk
SELL04092,52,0.4807692307692308,3.4,Seller Fulfilled,14.807692307692308,56859.252,48.08,43.6,Medium Risk
SELL04093,74,0.4864864864864865,2.8,Seller Fulfilled,14.797297297297296,46812.6795,48.65,48.4,Medium Risk
SELL04094,60,0.16666666666666666,4.8,Seller Fulfilled,18.75,39015.5835,16.67,19.8,Low Risk
SELL04095,37,0.08108108108108109,4.3,Seller Fulfilled,15.675675675675675,2217.384,8.11,17.4,Low Risk
SELL04096,32,0.5625,2.1,Seller Fulfilled,11.875,217272.378,56.25,55.7,Medium Risk
SELL04097,53,0.4716981132075472,3.0,Seller Fulfilled,15.943396226415095,93285.7035,47.17,46.8,Medium Risk
SELL04098,5,0.0,3.0,Seller Fulfilled,17.0,0.0,0.0,23.9,Low Risk
SELL04099,45,0.06666666666666667,4.7,Seller Fulfilled,16.0,6818.721,6.67,13.9,Low Risk
SELL04100,37,0.43243243243243246,3.2,Seller Fulfilled,11.891891891891891,20864.773499999996,43.24,41.0,Medium Risk
SELL04101,61,0.4426229508196721,3.2,Seller Fulfilled,18.19672131147541,97784.60399999999,44.26,45.2,Medium Risk
SELL04102,85,0.18823529411764706,3.6,Platform Fulfilled,14.529411764705882,140146.9095,18.82,27.3,Low Risk
SELL04103,50,0.2,4.1,Seller Fulfilled,17.7,60411.7245,20.0,26.0,Low Risk
SELL04104,3,0.3333333333333333,3.9,Seller Fulfilled,15.0,751.428,33.33,32.6,Low Risk
SELL04105,54,0.24074074074074073,4.3,Platform Fulfilled,12.962962962962964,7149.8265,24.07,23.8,Low Risk
SELL04106,20,0.5,2.4,Seller Fulfilled,15.75,126111.558,50.0,52.6,Medium Risk
SELL04107,51,0.23529411764705882,3.5,Seller Fulfilled,16.274509803921568,23790.965999999997,23.53,31.4,Low Risk
SELL04108,25,0.52,3.3,Seller Fulfilled,19.2,112770.95850000001,52.0,48.9,Medium Risk
SELL04109,56,0.16071428571428573,4.7,Platform Fulfilled,15.0,7534.803,16.07,18.0,Low Risk
SELL04110,34,0.17647058823529413,4.2,Seller Fulfilled,13.970588235294118,20566.328999999998,17.65,21.9,Low Risk
SELL04111,26,0.4230769230769231,3.3,Seller Fulfilled,15.576923076923077,34539.140999999996,42.31,41.9,Medium Risk
SELL04112,58,0.3103448275862069,3.4,Platform Fulfilled,16.379310344827587,152606.238,31.03,36.0,Medium Risk
SELL04113,35,0.3142857142857143,3.2,Seller Fulfilled,16.142857142857142,55434.11249999999,31.43,37.6,Medium Risk
SELL04114,34,0.3235294117647059,2.9,Platform Fulfilled,14.852941176470589,22783.195499999998,32.35,39.6,Medium Risk
SELL04115,72,0.16666666666666666,4.4,Platform Fulfilled,15.555555555555555,8050.099499999999,16.67,20.9,Low Risk
SELL04116,19,0.15789473684210525,3.9,Seller Fulfilled,16.05263157894737,4985.8755,15.79,24.4,Low Risk
SELL04117,44,0.13636363636363635,4.7,Seller Fulfilled,11.931818181818182,6095.572499999999,13.64,15.0,Low Risk
SELL04118,5,0.4,3.9,Seller Fulfilled,8.0,10584.055499999999,40.0,31.8,Low Risk
SELL04119,41,0.2926829268292683,3.3,Seller Fulfilled,18.902439024390244,91593.519,29.27,37.4,Medium Risk
SELL04120,36,0.25,4.0,Seller Fulfilled,16.38888888888889,87262.794,25.0,28.5,Low Risk
SELL04121,63,0.4126984126984127,2.9,Platform Fulfilled,17.063492063492063,201526.56600000002,41.27,45.3,Medium Risk
SELL04122,29,0.13793103448275862,3.8,Platform Fulfilled,17.24137931034483,948.9989999999999,13.79,24.9,Low Risk
SELL04123,22,0.22727272727272727,3.9,Seller Fulfilled,24.772727272727273,6262.5869999999995,22.73,33.0,Low Risk
SELL04124,54,0.3888888888888889,3.0,Platform Fulfilled,14.074074074074074,58806.9885,38.89,41.6,Medium Risk
SELL04125,7,0.0,3.5,Seller Fulfilled,19.285714285714285,0.0,0.0,21.5,Low Risk
SELL04126,74,0.2702702702702703,3.4,Seller Fulfilled,14.18918918918919,46526.77650000001,27.03,32.7,Low Risk
SELL04127,48,0.2916666666666667,3.8,Platform Fulfilled,14.6875,114372.3375,29.17,31.1,Low Risk
SELL04128,45,0.1111111111111111,4.6,Seller Fulfilled,17.11111111111111,1694.07,11.11,17.5,Low Risk
SELL04129,46,0.3695652173913043,3.4,Platform Fulfilled,11.630434782608695,3553.7940000000003,36.96,36.2,Medium Risk
SELL04130,36,0.3611111111111111,3.3,Platform Fulfilled,12.916666666666666,49168.6185,36.11,37.3,Medium Risk
SELL04131,63,0.20634920634920634,3.2,Platform Fulfilled,11.746031746031745,106313.90699999999,20.63,29.6,Low Risk
SELL04132,21,0.47619047619047616,3.3,Seller Fulfilled,17.857142857142858,9672.2895,47.62,45.9,Medium Risk
SELL04133,58,0.1896551724137931,4.4,Platform Fulfilled,14.310344827586206,59497.1475,18.97,21.3,Low Risk
SELL04134,53,0.1320754716981132,3.6,Seller Fulfilled,15.471698113207546,9344.3205,13.21,25.1,Low Risk
SELL04135,30,0.4,3.8,Seller Fulfilled,14.5,7775.127,40.0,36.4,Medium Risk
SELL04136,35,0.2857142857142857,3.7,Platform Fulfilled,13.714285714285714,8085.8295,28.57,31.0,Low Risk
SELL04137,27,0.2222222222222222,4.4,Platform Fulfilled,8.703703703703704,45181.449,22.22,19.6,Low Risk
SELL04138,118,0.5338983050847458,2.6,Seller Fulfilled,17.076271186440678,397218.0345,53.39,53.6,Medium Risk
SELL04139,7,0.2857142857142857,2.9,Platform Fulfilled,22.857142857142858,1778.2664999999997,28.57,42.4,Medium Risk
SELL04140,19,0.2631578947368421,3.7,Seller Fulfilled,17.894736842105264,5171.6175,26.32,32.3,Low Risk
SELL04141,55,0.21818181818181817,4.2,Seller Fulfilled,15.818181818181818,40826.701499999996,21.82,25.1,Low Risk
SELL04142,58,0.1206896551724138,4.7,Platform Fulfilled,17.844827586206897,101811.94949999999,12.07,17.7,Low Risk
SELL04143,51,0.1568627450980392,3.5,Platform Fulfilled,15.882352941176471,10017.9975,15.69,27.3,Low Risk
SELL04144,47,0.2127659574468085,3.5,Seller Fulfilled,16.382978723404257,49995.9735,21.28,30.4,Low Risk
SELL04145,47,0.3191489361702128,3.6,Seller Fulfilled,19.78723404255319,33049.4925,31.91,37.0,Medium Risk
SELL04146,81,0.24691358024691357,3.9,Seller Fulfilled,16.358024691358025,63055.880999999994,24.69,29.1,Low Risk
SELL04147,36,0.4444444444444444,3.2,Seller Fulfilled,15.555555555555555,87367.10399999999,44.44,43.7,Medium Risk
SELL04148,39,0.10256410256410256,4.2,Seller Fulfilled,17.82051282051282,2918.4045,10.26,20.5,Low Risk
SELL04149,21,0.38095238095238093,3.1,Platform Fulfilled,14.285714285714286,8965.2555,38.1,40.6,Medium Risk
SELL04150,91,0.21978021978021978,5.0,Platform Fulfilled,15.384615384615385,67621.215,21.98,18.9,Low Risk
SELL04151,10,0.2,3.4,Seller Fulfilled,21.0,398.139,20.0,33.2,Medium Risk
SELL04152,81,0.1111111111111111,4.7,Platform Fulfilled,19.074074074074073,30217.8735,11.11,17.9,Low Risk
SELL04153,49,0.2653061224489796,3.8,Seller Fulfilled,13.673469387755102,83328.075,26.53,29.2,Low Risk
SELL04154,15,0.2,3.8,Platform Fulfilled,12.666666666666666,2132.778,20.0,25.3,Low Risk
SELL04155,34,0.4117647058823529,3.3,Seller Fulfilled,10.0,24614.951999999997,41.18,38.1,Medium Risk
SELL04156,14,0.35714285714285715,4.4,Platform Fulfilled,20.714285714285715,44870.9415,35.71,33.4,Medium Risk
SELL04157,19,0.6842105263157895,2.8,Platform Fulfilled,16.31578947368421,49948.689,68.42,59.2,Medium Risk
SELL04158,47,0.19148936170212766,3.7,Seller Fulfilled,20.53191489361702,20870.1375,19.15,30.2,Low Risk
SELL04159,3,0.0,4.1,Platform Fulfilled,20.0,0.0,0.0,17.4,Low Risk
SELL04160,30,0.3,4.6,Seller Fulfilled,18.0,116454.84599999999,30.0,27.5,Low Risk
SELL04161,50,0.3,3.8,Platform Fulfilled,15.8,65389.42049999999,30.0,32.2,Low Risk
SELL04162,10,0.1,3.7,Seller Fulfilled,16.0,1121.4765,10.0,23.0,Low Risk
SELL04163,41,0.24390243902439024,3.7,Seller Fulfilled,17.682926829268293,12772.814999999999,24.39,31.2,Low Risk
SELL04164,22,0.2727272727272727,3.5,Seller Fulfilled,9.772727272727273,5243.780999999999,27.27,29.5,Low Risk
SELL04165,95,0.3894736842105263,2.8,Platform Fulfilled,17.789473684210527,86440.9065,38.95,45.3,Medium Risk
SELL04166,84,0.20238095238095238,4.3,Seller Fulfilled,14.821428571428571,4067.4554999999996,20.24,22.9,Low Risk
SELL04167,19,0.3684210526315789,2.9,Seller Fulfilled,12.894736842105264,10429.1235,36.84,40.6,Medium Risk
SELL04168,21,0.14285714285714285,3.6,Seller Fulfilled,16.19047619047619,1324.887,14.29,26.0,Low Risk
SELL04169,40,0.25,4.0,Seller Fulfilled,11.75,19811.2395,25.0,25.8,Low Risk
SELL04170,22,0.3181818181818182,4.5,Seller Fulfilled,16.136363636363637,2527.7055,31.82,28.0,Low Risk
SELL04171,67,0.40298507462686567,3.4,Seller Fulfilled,17.46268656716418,106461.7425,40.3,41.3,Medium Risk
SELL04172,34,0.058823529411764705,5.0,Seller Fulfilled,15.0,726.5459999999999,5.88,10.6,Low Risk
SELL04173,21,0.09523809523809523,4.2,Platform Fulfilled,12.380952380952381,566.16,9.52,16.9,Low Risk
SELL04174,10,0.8,2.9,Seller Fulfilled,11.0,1147.9275,80.0,61.1,Medium Risk
SELL04175,31,0.25806451612903225,3.7,Seller Fulfilled,14.193548387096774,73362.34799999998,25.81,29.9,Low Risk
SELL04176,28,0.17857142857142858,3.1,Platform Fulfilled,13.571428571428571,4356.348,17.86,30.1,Low Risk
SELL04177,59,0.4915254237288136,2.8,Platform Fulfilled,13.983050847457626,142896.43199999997,49.15,48.2,Medium Risk
SELL04178,14,0.5,3.0,Seller Fulfilled,15.357142857142858,61630.8465,50.0,47.9,Medium Risk
SELL04179,66,0.36363636363636365,3.2,Seller Fulfilled,14.848484848484848,164595.6495,36.36,39.3,Medium Risk
SELL04180,36,0.25,4.4,Platform Fulfilled,14.027777777777779,9468.8145,25.0,24.1,Low Risk
SELL04181,77,0.09090909090909091,5.0,Seller Fulfilled,13.636363636363637,4954.7955,9.09,11.4,Low Risk
SELL04182,44,0.22727272727272727,3.9,Platform Fulfilled,13.863636363636363,51644.4915,22.73,26.6,Low Risk
SELL04183,56,0.21428571428571427,3.1,Platform Fulfilled,15.982142857142858,119961.84300000001,21.43,33.2,Medium Risk
SELL04185,52,0.2692307692307692,3.4,Platform Fulfilled,18.46153846153846,6976.4235,26.92,35.2,Medium Risk
SELL04186,37,0.3783783783783784,4.0,Seller Fulfilled,15.945945945945946,122199.12299999998,37.84,34.6,Medium Risk
SELL04187,26,0.23076923076923078,3.6,Seller Fulfilled,19.23076923076923,37133.6955,23.08,32.2,Low Risk
SELL04188,47,0.1276595744680851,3.6,Platform Fulfilled,14.574468085106384,4811.457,12.77,24.3,Low Risk
SELL04189,31,0.12903225806451613,4.3,Platform Fulfilled,9.838709677419354,6441.222,12.9,16.4,Low Risk
SELL04190,51,0.19607843137254902,4.4,Seller Fulfilled,16.372549019607842,6679.2255000000005,19.61,22.8,Low Risk
SELL04191,36,0.2222222222222222,3.8,Seller Fulfilled,15.694444444444445,72997.47150000001,22.22,28.2,Low Risk
SELL04192,34,0.3235294117647059,4.4,Seller Fulfilled,19.41176470588235,196212.24599999998,32.35,31.0,Low Risk
SELL04193,29,0.13793103448275862,4.6,Seller Fulfilled,20.517241379310345,4618.767,13.79,20.8,Low Risk
SELL04194,35,0.14285714285714285,3.8,Platform Fulfilled,11.571428571428571,47195.15849999999,14.29,21.8,Low Risk
SELL04195,70,0.2571428571428571,3.1,Platform Fulfilled,20.0,58054.36649999999,25.71,37.7,Medium Risk
SELL04196,42,0.38095238095238093,2.9,Seller Fulfilled,12.023809523809524,84606.9435,38.1,40.7,Medium Risk
SELL04197,26,0.3076923076923077,4.2,Platform Fulfilled,12.5,97527.147,30.77,27.6,Low Risk
SELL04198,39,0.02564102564102564,4.6,Seller Fulfilled,16.025641025641026,297.729,2.56,12.6,Low Risk
SELL04199,66,0.16666666666666666,3.8,Platform Fulfilled,13.56060606060606,6935.019,16.67,24.2,Low Risk
SELL04200,74,0.28378378378378377,4.4,Seller Fulfilled,14.18918918918919,214122.52499999997,28.38,25.9,Low Risk
SELL04201,53,0.2830188679245283,4.2,Platform Fulfilled,17.07547169811321,37744.08299999999,28.3,29.0,Low Risk
SELL04202,41,0.3170731707317073,4.3,Seller Fulfilled,14.390243902439025,105791.8965,31.71,28.4,Low Risk
SELL04203,39,0.3333333333333333,3.0,Platform Fulfilled,19.23076923076923,6250.300499999999,33.33,41.8,Medium Risk
SELL04204,67,0.373134328358209,3.3,Platform Fulfilled,11.567164179104477,32178.769500000002,37.31,37.1,Medium Risk
SELL04205,41,0.36585365853658536,2.6,Seller Fulfilled,14.390243902439025,85511.178,36.59,43.6,Medium Risk
SELL04206,38,0.18421052631578946,3.6,Seller Fulfilled,15.657894736842104,6825.620999999999,18.42,27.8,Low Risk
SELL04207,20,0.15,3.8,Seller Fulfilled,19.25,24532.6365,15.0,26.7,Low Risk
SELL04208,35,0.14285714285714285,2.8,Platform Fulfilled,19.571428571428573,2204.9775,14.29,34.0,Medium Risk
SELL04209,47,0.3829787234042553,3.6,Seller Fulfilled,18.404255319148938,24707.002499999995,38.3,39.3,Medium Risk
SELL04210,55,0.21818181818181817,4.0,Platform Fulfilled,22.363636363636363,78273.2205,21.82,30.4,Low Risk
SELL04211,27,0.07407407407407407,4.3,Platform Fulfilled,10.925925925925926,13421.9385,7.41,14.2,Low Risk
SELL04212,22,0.13636363636363635,3.8,Platform Fulfilled,15.454545454545455,579.9044999999999,13.64,23.8,Low Risk
SELL04213,45,0.2,3.9,Seller Fulfilled,20.444444444444443,6594.6585,20.0,29.1,Low Risk
SELL04214,16,0.375,4.5,Seller Fulfilled,18.4375,947.385,37.5,32.2,Low Risk
SELL04215,22,0.09090909090909091,4.2,Platform Fulfilled,13.863636363636363,433.52549999999997,9.09,17.6,Low Risk
SELL04216,31,0.45161290322580644,2.9,Seller Fulfilled,16.612903225806452,104628.621,45.16,47.0,Medium Risk
SELL04217,40,0.55,2.7,Seller Fulfilled,12.5,222416.77949999998,55.0,51.0,Medium Risk
SELL04218,10,0.4,3.4,Platform Fulfilled,14.0,781.2839999999999,40.0,39.1,Medium Risk
SELL04219,47,0.19148936170212766,3.5,Platform Fulfilled,14.574468085106384,68622.58649999999,19.15,28.2,Low Risk
SELL04220,93,0.16129032258064516,4.4,Seller Fulfilled,16.989247311827956,8494.839,16.13,21.4,Low Risk
SELL04221,72,0.19444444444444445,4.8,Seller Fulfilled,15.555555555555555,101559.7695,19.44,19.2,Low Risk
SELL04222,67,0.208955223880597,4.0,Seller Fulfilled,16.64179104477612,47796.6,20.9,26.6,Low Risk
SELL04223,84,0.2261904761904762,4.3,Platform Fulfilled,15.773809523809524,47497.30649999999,22.62,24.7,Low Risk
SELL04224,33,0.24242424242424243,3.4,Seller Fulfilled,16.515151515151516,14595.1875,24.24,32.7,Low Risk
SELL04225,17,0.23529411764705882,3.0,Platform Fulfilled,15.882352941176471,9482.386499999999,23.53,35.0,Medium Risk
SELL04226,13,0.23076923076923078,3.6,Seller Fulfilled,14.23076923076923,36689.398499999996,23.08,29.3,Low Risk
SELL04227,50,0.22,3.1,Seller Fulfilled,17.4,10195.636499999999,22.0,34.4,Medium Risk
SELL04228,43,0.13953488372093023,4.0,Seller Fulfilled,14.186046511627907,4354.9349999999995,13.95,21.7,Low Risk
SELL04229,23,0.13043478260869565,4.7,Platform Fulfilled,18.043478260869566,35920.381499999996,13.04,18.2,Low Risk
SELL04230,20,0.45,2.8,Seller Fulfilled,14.5,1912.7399999999998,45.0,46.4,Medium Risk
SELL04231,40,0.675,2.7,Seller Fulfilled,20.125,83293.146,67.5,61.7,Medium Risk
SELL04232,58,0.1896551724137931,3.7,Seller Fulfilled,17.75862068965517,3311.1014999999998,18.97,28.6,Low Risk
SELL04233,40,0.25,4.1,Platform Fulfilled,19.875,5266.1235,25.0,29.8,Low Risk
SELL04234,26,0.38461538461538464,3.1,Platform Fulfilled,16.53846153846154,34025.421,38.46,42.1,Medium Risk
SELL04235,40,0.2,3.9,Seller Fulfilled,15.125,8931.019499999999,20.0,26.0,Low Risk
SELL04236,26,0.34615384615384615,3.4,Platform Fulfilled,18.653846153846153,6566.976000000001,34.62,39.1,Medium Risk
SELL04237,32,0.1875,4.4,Platform Fulfilled,14.6875,3817.6454999999996,18.75,21.4,Low Risk
SELL04238,22,0.36363636363636365,3.6,Seller Fulfilled,18.181818181818183,7329.522,36.36,38.3,Medium Risk
SELL04239,30,0.1,4.3,Seller Fulfilled,20.833333333333332,1377.855,10.0,21.4,Low Risk
SELL04240,25,0.44,3.6,Seller Fulfilled,18.0,11801.037,44.0,42.0,Medium Risk
SELL04241,69,0.10144927536231885,5.0,Seller Fulfilled,17.536231884057973,9346.953,10.14,14.2,Low Risk
SELL04242,29,0.27586206896551724,3.0,Platform Fulfilled,18.79310344827586,23567.4195,27.59,38.7,Medium Risk
SELL04243,69,0.18840579710144928,3.7,Platform Fulfilled,14.565217391304348,43287.328499999996,18.84,26.6,Low Risk
SELL04244,48,0.1875,4.6,Seller Fulfilled,15.625,48780.816,18.75,20.5,Low Risk
SELL04245,72,0.2638888888888889,3.1,Platform Fulfilled,18.680555555555557,112996.95299999998,26.39,37.3,Medium Risk
SELL04246,23,0.2608695652173913,4.3,Seller Fulfilled,20.434782608695652,1317.8685,26.09,29.2,Low Risk
SELL04247,53,0.22641509433962265,3.9,Seller Fulfilled,10.754716981132075,30788.022000000004,22.64,24.8,Low Risk
SELL04248,39,0.3333333333333333,3.7,Platform Fulfilled,20.256410256410255,146955.0135,33.33,37.2,Medium Risk
SELL04249,8,0.375,4.0,Platform Fulfilled,24.375,1386.0434999999998,37.5,39.4,Medium Risk
SELL04250,111,0.25225225225225223,4.3,Seller Fulfilled,16.44144144144144,168524.2185,25.23,26.4,Low Risk
SELL04251,26,0.2692307692307692,3.8,Platform Fulfilled,12.307692307692308,5205.1725,26.92,28.6,Low Risk
SELL04252,56,0.19642857142857142,4.4,Platform Fulfilled,16.875,78862.3185,19.64,23.1,Low Risk
SELL04253,49,0.24489795918367346,3.4,Seller Fulfilled,15.408163265306122,132996.102,24.49,32.2,Low Risk
SELL04254,17,0.17647058823529413,4.0,Seller Fulfilled,13.823529411764707,2276.115,17.65,23.3,Low Risk
SELL04255,55,0.16363636363636364,3.9,Platform Fulfilled,15.0,28012.9815,16.36,24.2,Low Risk
SELL04256,21,0.23809523809523808,3.3,Platform Fulfilled,8.571428571428571,60685.254,23.81,28.6,Low Risk
SELL04257,47,0.14893617021276595,4.6,Platform Fulfilled,13.404255319148936,68791.8165,14.89,17.2,Low Risk
SELL04258,43,0.32558139534883723,3.1,Seller Fulfilled,20.11627906976744,16116.376499999998,32.56,41.2,Medium Risk
SELL04259,90,0.4222222222222222,2.5,Platform Fulfilled,15.277777777777779,407426.02499999997,42.22,47.7,Medium Risk
SELL04260,48,0.1875,3.1,Seller Fulfilled,15.0,9220.875,18.75,31.4,Low Risk
SELL04261,22,0.2727272727272727,4.1,Platform Fulfilled,24.318181818181817,77191.1655,27.27,33.6,Medium Risk
SELL04262,37,0.10810810810810811,4.9,Platform Fulfilled,15.675675675675675,2558.115,10.81,14.2,Low Risk
SELL04263,33,0.5757575757575758,2.9,Seller Fulfilled,14.242424242424242,21699.1665,57.58,51.8,Medium Risk
SELL04264,29,0.3103448275862069,4.2,Seller Fulfilled,16.379310344827587,9988.310999999998,31.03,30.0,Low Risk
SELL04265,43,0.627906976744186,2.9,Platform Fulfilled,21.162790697674417,273245.355,62.79,58.4,Medium Risk
SELL04266,81,0.2962962962962963,3.7,Seller Fulfilled,16.234567901234566,31795.4175,29.63,33.0,Low Risk
SELL04268,41,0.17073170731707318,4.5,Platform Fulfilled,16.829268292682926,72889.85250000001,17.07,21.1,Low Risk
SELL04269,37,0.16216216216216217,4.6,Platform Fulfilled,13.91891891891892,18040.3455,16.22,18.2,Low Risk
SELL04270,51,0.21568627450980393,4.5,Platform Fulfilled,16.372549019607842,87223.81199999999,21.57,23.0,Low Risk
SELL04271,29,0.27586206896551724,3.1,Platform Fulfilled,17.75862068965517,15634.644,27.59,37.4,Medium Risk
SELL04272,37,0.2702702702702703,4.0,Seller Fulfilled,17.16216216216216,38741.41499999999,27.03,30.0,Low Risk
SELL04273,55,0.2727272727272727,3.5,Seller Fulfilled,15.181818181818182,136868.16299999997,27.27,32.7,Low Risk
SELL04274,17,0.29411764705882354,4.5,Seller Fulfilled,12.058823529411764,65628.801,29.41,24.4,Low Risk
SELL04275,33,0.12121212121212122,4.9,Seller Fulfilled,15.909090909090908,3691.71,12.12,15.0,Low Risk
SELL04276,17,0.47058823529411764,2.2,Platform Fulfilled,22.352941176470587,30270.998999999996,47.06,56.6,Medium Risk
SELL04277,52,0.15384615384615385,3.8,Seller Fulfilled,19.51923076923077,5871.179999999999,15.38,27.0,Low Risk
SELL04278,31,0.06451612903225806,4.2,Seller Fulfilled,16.129032258064516,7135.251,6.45,17.6,Low Risk
SELL04279,36,0.1111111111111111,4.6,Platform Fulfilled,13.75,4752.6269999999995,11.11,15.5,Low Risk
SELL04280,41,0.1951219512195122,4.5,Seller Fulfilled,15.731707317073171,67140.573,19.51,21.6,Low Risk
SELL04281,56,0.375,3.4,Platform Fulfilled,19.464285714285715,87764.166,37.5,41.0,Medium Risk
SELL04282,26,0.19230769230769232,3.2,Seller Fulfilled,13.846153846153847,39197.892,19.23,30.1,Low Risk
SELL04283,19,0.15789473684210525,3.8,Seller Fulfilled,20.789473684210527,2992.9035,15.79,28.0,Low Risk
SELL04284,62,0.14516129032258066,3.8,Seller Fulfilled,13.790322580645162,22405.6305,14.52,23.2,Low Risk
SELL04285,23,0.17391304347826086,4.0,Seller Fulfilled,19.565217391304348,59533.056000000004,17.39,26.6,Low Risk
SELL04286,78,0.1794871794871795,3.6,Platform Fulfilled,16.794871794871796,100267.6695,17.95,28.2,Low Risk
SELL04287,17,0.23529411764705882,3.9,Seller Fulfilled,26.470588235294116,974.0759999999999,23.53,34.4,Medium Risk
SELL04288,15,0.6,3.4,Platform Fulfilled,25.0,132342.687,60.0,55.6,Medium Risk
SELL04289,56,0.23214285714285715,3.7,Seller Fulfilled,18.839285714285715,26083.83,23.21,31.3,Low Risk
SELL04290,66,0.18181818181818182,4.2,Platform Fulfilled,12.651515151515152,40604.426999999996,18.18,21.4,Low Risk
SELL04291,16,0.3125,4.2,Seller Fulfilled,15.9375,56784.069,31.25,29.8,Low Risk
SELL04292,24,0.25,3.7,Seller Fulfilled,13.958333333333334,49507.9755,25.0,29.3,Low Risk
SELL04293,45,0.2,3.7,Seller Fulfilled,14.0,3766.5405,20.0,26.8,Low Risk
SELL04294,22,0.045454545454545456,5.0,Seller Fulfilled,22.5,8595.7905,4.55,14.3,Low Risk
SELL04295,15,0.13333333333333333,3.5,Platform Fulfilled,11.333333333333334,1335.33,13.33,23.4,Low Risk
SELL04296,21,0.2857142857142857,2.9,Platform Fulfilled,14.047619047619047,7244.7825,28.57,37.2,Medium Risk
SELL04297,12,0.8333333333333334,3.0,Platform Fulfilled,19.166666666666668,78890.9385,83.33,66.8,High Risk
SELL04298,18,0.2222222222222222,3.7,Platform Fulfilled,18.333333333333332,24963.5655,22.22,30.5,Low Risk
SELL04299,75,0.29333333333333333,4.2,Platform Fulfilled,12.866666666666667,70736.955,29.33,27.1,Low Risk
SELL04300,31,0.5483870967741935,3.3,Platform Fulfilled,14.03225806451613,50046.36749999999,54.84,47.3,Medium Risk
SELL04301,12,0.25,4.6,Seller Fulfilled,17.083333333333332,31460.807999999997,25.0,24.4,Low Risk
SELL04302,37,0.16216216216216217,3.7,Platform Fulfilled,18.243243243243242,2779.7099999999996,16.22,27.4,Low Risk
SELL04303,43,0.27906976744186046,5.0,Seller Fulfilled,18.023255813953487,182612.4225,27.91,23.4,Low Risk
SELL04304,22,0.5,3.2,Platform Fulfilled,20.227272727272727,60196.0275,50.0,49.3,Medium Risk
SELL04305,62,0.41935483870967744,3.6,Seller Fulfilled,16.85483870967742,133827.98399999997,41.94,40.2,Medium Risk
SELL04306,11,0.2727272727272727,3.0,Seller Fulfilled,8.636363636363637,1875.0765000000001,27.27,32.6,Low Risk
SELL04307,31,0.4838709677419355,3.5,Seller Fulfilled,17.580645161290324,86168.769,48.39,44.7,Medium Risk
SELL04308,58,0.46551724137931033,2.2,Platform Fulfilled,16.46551724137931,105844.15950000001,46.55,52.9,Medium Risk
SELL04309,31,0.2903225806451613,4.3,Seller Fulfilled,11.129032258064516,23253.709500000004,29.03,25.2,Low Risk
SELL04310,52,0.25,4.0,Platform Fulfilled,19.903846153846153,43831.794,25.0,30.6,Low Risk
SELL04311,43,0.16279069767441862,4.7,Seller Fulfilled,14.186046511627907,2250.0854999999997,16.28,17.6,Low Risk
SELL04312,28,0.14285714285714285,2.7,Platform Fulfilled,15.178571428571429,3363.852,14.29,32.2,Low Risk
SELL04313,21,0.23809523809523808,4.0,Seller Fulfilled,16.666666666666668,14498.093999999997,23.81,28.1,Low Risk
SELL04314,52,0.5,2.9,Platform Fulfilled,12.211538461538462,71634.59999999999,50.0,46.8,Medium Risk
SELL04315,35,0.2,3.8,Platform Fulfilled,15.857142857142858,12061.1865,20.0,27.2,Low Risk
SELL04316,39,0.15384615384615385,4.3,Seller Fulfilled,18.205128205128204,5142.612,15.38,22.5,Low Risk
SELL04317,17,0.7058823529411765,2.6,Seller Fulfilled,17.647058823529413,74325.88650000001,70.59,62.5,Medium Risk
SELL04318,73,0.2602739726027397,3.5,Seller Fulfilled,13.356164383561644,38326.8285,26.03,31.0,Low Risk
SELL04319,31,0.1935483870967742,3.8,Platform Fulfilled,21.451612903225808,23598.927,19.35,30.2,Low Risk
SELL04320,66,0.3333333333333333,3.9,Seller Fulfilled,12.803030303030303,55587.288,33.33,31.3,Low Risk
SELL04321,87,0.12643678160919541,4.3,Platform Fulfilled,15.862068965517242,29293.654499999997,12.64,19.8,Low Risk
SELL04322,20,0.3,3.4,Platform Fulfilled,14.25,9989.892,30.0,34.3,Medium Risk
SELL04323,39,0.3333333333333333,3.6,Platform Fulfilled,14.743589743589743,126312.81450000001,33.33,34.7,Medium Risk
SELL04324,28,0.32142857142857145,4.3,Seller Fulfilled,13.035714285714286,9303.0165,32.14,27.8,Low Risk
SELL04325,54,0.14814814814814814,3.9,Seller Fulfilled,19.90740740740741,5429.6805,14.81,26.2,Low Risk
SELL04326,27,0.2222222222222222,3.3,Seller Fulfilled,16.666666666666668,7376.205,22.22,32.5,Low Risk
SELL04327,25,0.12,3.7,Platform Fulfilled,13.8,160.5285,12.0,22.7,Low Risk
SELL04328,52,0.46153846153846156,3.4,Seller Fulfilled,10.384615384615385,142764.4065,46.15,40.1,Medium Risk
SELL04329,73,0.2054794520547945,4.0,Seller Fulfilled,14.863013698630137,24708.354,20.55,25.4,Low Risk
SELL04330,63,0.15873015873015872,5.0,Seller Fulfilled,13.968253968253968,55001.377499999995,15.87,15.0,Low Risk
SELL04331,65,0.2,4.8,Platform Fulfilled,16.615384615384617,17469.854999999996,20.0,20.1,Low Risk
SELL04332,79,0.4936708860759494,2.7,Platform Fulfilled,15.063291139240507,20473.0815,49.37,49.7,Medium Risk
SELL04333,56,0.26785714285714285,4.0,Seller Fulfilled,14.107142857142858,112665.9795,26.79,28.1,Low Risk
SELL04334,33,0.5757575757575758,3.3,Seller Fulfilled,18.03030303030303,6201.4665,57.58,51.0,Medium Risk
SELL04335,55,0.09090909090909091,3.3,Platform Fulfilled,12.545454545454545,4370.8485,9.09,23.6,Low Risk
SELL04336,7,0.42857142857142855,3.8,Seller Fulfilled,15.0,1873.071,42.86,38.2,Medium Risk
SELL04337,78,0.23076923076923078,4.2,Seller Fulfilled,16.53846153846154,57816.349500000004,23.08,26.2,Low Risk
SELL04338,26,0.4230769230769231,4.1,Platform Fulfilled,12.307692307692308,43493.16749999999,42.31,34.0,Medium Risk
SELL04339,33,0.24242424242424243,3.3,Platform Fulfilled,9.848484848484848,77810.9565,24.24,29.5,Low Risk
SELL04340,59,0.2033898305084746,4.3,Platform Fulfilled,15.76271186440678,67206.5235,20.34,23.5,Low Risk
SELL04341,23,0.17391304347826086,4.5,Platform Fulfilled,23.47826086956522,1509.774,17.39,25.1,Low Risk
SELL04342,19,0.42105263157894735,2.7,Seller Fulfilled,12.368421052631579,875.2275,42.11,44.4,Medium Risk
SELL04343,92,0.18478260869565216,4.3,Seller Fulfilled,15.108695652173912,94277.2125,18.48,22.3,Low Risk
SELL04344,55,0.23636363636363636,5.0,Seller Fulfilled,14.818181818181818,121920.159,23.64,19.4,Low Risk
SELL04345,12,0.16666666666666666,4.3,Seller Fulfilled,20.0,109.02,16.67,24.2,Low Risk
SELL04346,42,0.09523809523809523,4.9,Seller Fulfilled,18.452380952380953,4134.2505,9.52,15.2,Low Risk
SELL04347,31,0.41935483870967744,3.1,Seller Fulfilled,16.29032258064516,16946.396999999997,41.94,43.6,Medium Risk
SELL04348,34,0.2647058823529412,2.3,Seller Fulfilled,12.794117647058824,3008.9444999999996,26.47,39.9,Medium Risk
SELL04349,19,0.15789473684210525,2.9,Seller Fulfilled,16.31578947368421,3543.6704999999997,15.79,32.1,Low Risk
SELL04350,28,0.2857142857142857,4.4,Seller Fulfilled,13.75,4087.1189999999997,28.57,25.8,Low Risk
SELL04351,49,0.3673469387755102,3.1,Seller Fulfilled,15.408163265306122,27716.781,36.73,40.5,Medium Risk
SELL04352,14,0.07142857142857142,5.0,Seller Fulfilled,12.142857142857142,1473.99,7.14,9.6,Low Risk
SELL04353,39,0.2564102564102564,3.5,Seller Fulfilled,18.71794871794872,6463.0605,25.64,33.9,Medium Risk
SELL04354,38,0.2631578947368421,3.9,Seller Fulfilled,12.236842105263158,26425.053,26.32,27.5,Low Risk
SELL04355,26,0.038461538461538464,5.0,Seller Fulfilled,15.576923076923077,6218.659500000001,3.85,9.9,Low Risk
SELL04356,10,0.3,3.3,Seller Fulfilled,6.5,6556.304999999999,30.0,30.5,Low Risk
SELL04357,56,0.5714285714285714,2.5,Seller Fulfilled,14.375,64363.79699999999,57.14,54.6,Medium Risk
SELL04358,59,0.288135593220339,4.0,Platform Fulfilled,14.915254237288135,64105.5345,28.81,29.5,Low Risk
SELL04359,28,0.35714285714285715,4.1,Platform Fulfilled,20.535714285714285,132901.623,35.71,35.5,Medium Risk
SELL04360,78,0.41025641025641024,3.3,Seller Fulfilled,16.666666666666668,85579.58249999999,41.03,41.9,Medium Risk
SELL04361,26,0.4230769230769231,4.5,Seller Fulfilled,9.615384615384615,4528.1115,42.31,29.4,Low Risk
SELL04362,73,0.4383561643835616,2.5,Platform Fulfilled,16.164383561643834,180141.93600000002,43.84,49.0,Medium Risk
SELL04363,41,0.3170731707317073,4.5,Seller Fulfilled,14.268292682926829,66480.7035,31.71,26.9,Low Risk
SELL04364,48,0.2708333333333333,4.0,Seller Fulfilled,15.3125,50882.78549999999,27.08,28.9,Low Risk
SELL04365,63,0.15873015873015872,3.7,Platform Fulfilled,14.126984126984127,12845.497499999998,15.87,24.9,Low Risk
SELL04366,19,0.3684210526315789,3.6,Platform Fulfilled,15.0,26320.260000000002,36.84,36.6,Medium Risk
SELL04367,33,0.12121212121212122,4.4,Seller Fulfilled,15.909090909090908,1539.1154999999999,12.12,18.8,Low Risk
SELL04368,41,0.1951219512195122,3.8,Seller Fulfilled,20.121951219512194,52565.44799999999,19.51,29.4,Low Risk
SELL04369,29,0.1724137931034483,4.2,Seller Fulfilled,17.06896551724138,28325.13,17.24,23.5,Low Risk
SELL04370,24,0.4166666666666667,3.1,Platform Fulfilled,21.25,39075.3465,41.67,46.5,Medium Risk
SELL04371,10,0.3,4.2,Platform Fulfilled,23.0,783.276,30.0,33.4,Medium Risk
SELL04372,10,0.7,3.3,Seller Fulfilled,5.5,3849.3284999999996,70.0,49.9,Medium Risk
SELL04373,29,0.5517241379310345,2.3,Seller Fulfilled,9.655172413793103,162806.70600000003,55.17,52.4,Medium Risk
SELL04374,23,0.13043478260869565,5.0,Platform Fulfilled,17.608695652173914,47447.218499999995,13.04,15.7,Low Risk
SELL04375,59,0.4745762711864407,3.3,Platform Fulfilled,14.491525423728813,70429.3065,47.46,43.9,Medium Risk
SELL04376,28,0.14285714285714285,3.6,Seller Fulfilled,14.642857142857142,14531.954999999998,14.29,25.1,Low Risk
SELL04377,20,0.45,3.3,Seller Fulfilled,19.25,2073.6929999999998,45.0,45.4,Medium Risk
SELL04378,26,0.34615384615384615,4.4,Platform Fulfilled,18.26923076923077,6529.681500000001,34.62,31.4,Low Risk
SELL04379,24,0.08333333333333333,3.6,Seller Fulfilled,16.875,594.345,8.33,23.5,Low Risk
SELL04380,58,0.39655172413793105,4.5,Seller Fulfilled,16.03448275862069,55315.612499999996,39.66,31.9,Low Risk
SELL04381,32,0.40625,3.7,Platform Fulfilled,17.1875,43961.1915,40.62,39.0,Medium Risk
SELL04382,21,0.23809523809523808,4.7,Platform Fulfilled,16.904761904761905,4245.765,23.81,23.0,Low Risk
SELL04383,9,0.2222222222222222,4.8,Seller Fulfilled,8.88888888888889,4599.804,22.22,16.7,Low Risk
SELL04384,30,0.3333333333333333,2.5,Seller Fulfilled,16.0,40274.418,33.33,43.7,Medium Risk
SELL04385,48,0.16666666666666666,5.0,Seller Fulfilled,17.1875,100565.214,16.67,17.3,Low Risk
SELL04386,24,0.4166666666666667,3.2,Seller Fulfilled,15.0,9706.6935,41.67,42.1,Medium Risk
SELL04387,34,0.14705882352941177,4.6,Platform Fulfilled,17.941176470588236,29857.885500000004,14.71,19.8,Low Risk
SELL04388,45,0.17777777777777778,4.5,Platform Fulfilled,10.222222222222221,53537.0805,17.78,17.6,Low Risk
SELL04389,68,0.4852941176470588,2.7,Seller Fulfilled,20.36764705882353,192903.3465,48.53,52.3,Medium Risk
SELL04390,52,0.4807692307692308,2.6,Seller Fulfilled,21.25,119238.3285,48.08,53.4,Medium Risk
SELL04391,30,0.2,4.5,Platform Fulfilled,16.166666666666668,46725.926999999996,20.0,22.1,Low Risk
SELL04392,37,0.13513513513513514,3.5,Platform Fulfilled,16.08108108108108,35439.559499999996,13.51,26.3,Low Risk
SELL04393,31,0.16129032258064516,4.8,Platform Fulfilled,21.93548387096774,9229.926,16.13,21.3,Low Risk
SELL04394,37,0.32432432432432434,3.5,Seller Fulfilled,16.756756756756758,45614.463,32.43,36.2,Medium Risk
SELL04395,21,0.09523809523809523,3.6,Seller Fulfilled,17.142857142857142,32387.1825,9.52,24.2,Low Risk
SELL04396,66,0.4696969696969697,3.3,Seller Fulfilled,14.848484848484848,73586.87999999999,46.97,43.8,Medium Risk
SELL04397,15,0.0,3.7,Platform Fulfilled,23.0,0.0,0.0,22.1,Low Risk
SELL04398,9,0.5555555555555556,3.0,Seller Fulfilled,21.666666666666668,596.748,55.56,54.4,Medium Risk
SELL04399,8,0.75,3.3,Platform Fulfilled,12.5,5243.0385,75.0,56.5,Medium Risk
SELL04400,52,0.23076923076923078,3.0,Seller Fulfilled,14.326923076923077,5129.8935,23.08,33.8,Medium Risk
SELL04401,47,0.2765957446808511,4.0,Seller Fulfilled,19.361702127659573,14071.998,27.66,31.6,Low Risk
SELL04402,12,0.3333333333333333,3.8,Seller Fulfilled,15.416666666666666,2271.696,33.33,33.6,Medium Risk
SELL04403,38,0.05263157894736842,4.6,Platform Fulfilled,13.421052631578947,12856.5585,5.26,12.4,Low Risk
SELL04404,66,0.22727272727272727,4.4,Platform Fulfilled,18.03030303030303,13283.466,22.73,25.3,Low Risk
SELL04405,58,0.5,3.0,Seller Fulfilled,14.741379310344827,324897.9795,50.0,47.5,Medium Risk
SELL04406,25,0.2,4.5,Platform Fulfilled,16.6,4981.428,20.0,22.4,Low Risk
SELL04407,47,0.48936170212765956,3.3,Seller Fulfilled,14.361702127659575,20122.0905,48.94,44.5,Medium Risk
SELL04408,75,0.4266666666666667,2.8,Seller Fulfilled,17.4,32204.3505,42.67,47.0,Medium Risk
SELL04409,6,0.0,4.7,Platform Fulfilled,2.5,0.0,0.0,2.6,Low Risk
SELL04410,34,0.3235294117647059,3.8,Seller Fulfilled,11.470588235294118,4478.3369999999995,32.35,30.8,Low Risk
SELL04411,50,0.12,3.6,Platform Fulfilled,17.4,9748.3455,12.0,25.6,Low Risk
SELL04412,17,0.23529411764705882,4.0,Seller Fulfilled,10.294117647058824,64093.303499999995,23.53,24.2,Low Risk
SELL04413,21,0.14285714285714285,3.0,Platform Fulfilled,11.904761904761905,3678.6825,14.29,28.0,Low Risk
SELL04414,15,0.13333333333333333,3.7,Seller Fulfilled,22.666666666666668,675.9015,13.33,28.6,Low Risk
SELL04415,67,0.34328358208955223,3.0,Seller Fulfilled,17.01492537313433,45320.693999999996,34.33,41.0,Medium Risk
SELL04416,25,0.04,4.9,Seller Fulfilled,21.4,401.1225,4.0,14.2,Low Risk
SELL04417,67,0.31343283582089554,3.5,Platform Fulfilled,15.746268656716419,50601.97499999999,31.34,35.0,Medium Risk
SELL04418,79,0.31645569620253167,3.1,Platform Fulfilled,16.0126582278481,266431.12049999996,31.65,38.3,Medium Risk
SELL04419,12,0.25,4.7,Platform Fulfilled,13.75,45499.3305,25.0,21.7,Low Risk
SELL04420,63,0.23809523809523808,4.7,Seller Fulfilled,16.11111111111111,6819.7095,23.81,22.5,Low Risk
SELL04421,46,0.21739130434782608,4.1,Seller Fulfilled,13.804347826086957,5765.6939999999995,21.74,24.6,Low Risk
SELL04422,44,0.3409090909090909,2.4,Platform Fulfilled,16.25,177536.8095,34.09,45.0,Medium Risk
SELL04423,67,0.3582089552238806,3.3,Seller Fulfilled,15.671641791044776,88743.276,35.82,38.7,Medium Risk
SELL04424,46,0.21739130434782608,3.3,Seller Fulfilled,17.065217391304348,43005.7845,21.74,32.5,Low Risk
SELL04425,20,0.25,3.5,Seller Fulfilled,16.75,1652.3580000000002,25.0,32.5,Low Risk
SELL04426,9,0.2222222222222222,4.5,Platform Fulfilled,13.88888888888889,27852.708,22.22,21.9,Low Risk
SELL04427,17,0.11764705882352941,4.9,Seller Fulfilled,20.88235294117647,6404.7225,11.76,17.8,Low Risk
SELL04428,37,0.10810810810810811,4.5,Seller Fulfilled,13.243243243243244,1543.5929999999998,10.81,15.8,Low Risk
SELL04429,14,0.14285714285714285,4.7,Seller Fulfilled,18.214285714285715,6473.411999999999,14.29,19.0,Low Risk
SELL04430,11,0.36363636363636365,3.7,Seller Fulfilled,15.909090909090908,10720.944,36.36,36.2,Medium Risk
SELL04431,35,0.37142857142857144,2.7,Seller Fulfilled,12.714285714285714,19906.264499999997,37.14,42.2,Medium Risk
SELL04432,9,0.0,4.7,Seller Fulfilled,11.11111111111111,0.0,0.0,7.7,Low Risk
SELL04433,21,0.19047619047619047,3.4,Platform Fulfilled,18.333333333333332,41787.93,19.05,31.1,Low Risk
SELL04434,17,0.29411764705882354,4.2,Seller Fulfilled,25.0,8063.151,29.41,34.3,Medium Risk
SELL04435,5,0.0,4.4,Seller Fulfilled,9.0,0.0,0.0,8.7,Low Risk
SELL04436,76,0.5526315789473685,3.3,Seller Fulfilled,15.855263157894736,145037.6145,55.26,48.6,Medium Risk
SELL04437,50,0.18,4.7,Platform Fulfilled,15.6,44710.53,18.0,19.3,Low Risk
SELL04438,23,0.21739130434782608,3.2,Platform Fulfilled,13.695652173913043,2751.1605,21.74,31.3,Low Risk
SELL04439,32,0.3125,3.0,Platform Fulfilled,11.71875,44221.043999999994,31.25,36.4,Medium Risk
SELL04440,34,0.08823529411764706,4.8,Seller Fulfilled,15.294117647058824,2133.216,8.82,13.8,Low Risk
SELL04441,19,0.05263157894736842,4.0,Seller Fulfilled,16.57894736842105,17289.279,5.26,18.8,Low Risk
SELL04442,89,0.15730337078651685,4.0,Platform Fulfilled,16.06741573033708,5349.079500000001,15.73,23.7,Low Risk
SELL04443,43,0.4186046511627907,3.1,Seller Fulfilled,11.046511627906977,53715.954000000005,41.86,40.6,Medium Risk
SELL04444,19,0.15789473684210525,3.9,Seller Fulfilled,18.42105263157895,469.8689999999999,15.79,25.8,Low Risk
SELL04445,48,0.1875,4.0,Seller Fulfilled,15.833333333333334,10318.053,18.75,25.1,Low Risk
SELL04446,9,0.1111111111111111,3.5,Platform Fulfilled,11.666666666666666,2225.3925,11.11,22.5,Low Risk
SELL04447,20,0.1,4.0,Seller Fulfilled,16.25,2112.8819999999996,10.0,20.9,Low Risk
SELL04448,38,0.2631578947368421,4.8,Seller Fulfilled,20.526315789473685,96068.943,26.32,25.6,Low Risk
SELL04450,93,0.13978494623655913,3.8,Platform Fulfilled,19.032258064516128,128279.00399999999,13.98,26.1,Low Risk
SELL04451,22,0.2727272727272727,4.2,Seller Fulfilled,16.59090909090909,1513.3545,27.27,28.3,Low Risk
SELL04452,39,0.15384615384615385,3.3,Platform Fulfilled,8.333333333333334,3432.4320000000002,15.38,24.2,Low Risk
SELL04453,29,0.20689655172413793,4.4,Platform Fulfilled,13.275862068965518,24204.023999999998,20.69,21.5,Low Risk
SELL04454,52,0.25,4.4,Seller Fulfilled,14.615384615384615,123538.902,25.0,24.5,Low Risk
SELL04455,35,0.37142857142857144,3.4,Platform Fulfilled,19.714285714285715,54741.615,37.14,41.0,Medium Risk
SELL04456,17,0.11764705882352941,4.4,Platform Fulfilled,10.294117647058824,687.8820000000001,11.76,15.3,Low Risk
SELL04457,49,0.42857142857142855,2.8,Seller Fulfilled,17.755102040816325,68620.917,42.86,47.2,Medium Risk
SELL04458,25,0.12,4.7,Platform Fulfilled,17.0,42611.529,12.0,17.1,Low Risk
SELL04459,35,0.34285714285714286,3.6,Seller Fulfilled,19.285714285714285,18481.035,34.29,37.8,Medium Risk
SELL04460,12,0.3333333333333333,4.4,Platform Fulfilled,25.416666666666668,1690.8105,33.33,35.0,Medium Risk
SELL04462,35,0.14285714285714285,4.7,Platform Fulfilled,17.0,3474.4259999999995,14.29,18.3,Low Risk
SELL04463,47,0.2765957446808511,3.3,Platform Fulfilled,16.170212765957448,18578.8635,27.66,35.0,Medium Risk
SELL04464,27,0.037037037037037035,3.5,Seller Fulfilled,13.703703703703704,39.168,3.7,20.0,Low Risk
SELL04465,23,0.13043478260869565,3.7,Platform Fulfilled,13.91304347826087,29775.991499999996,13.04,23.3,Low Risk
SELL04466,10,0.3,4.2,Seller Fulfilled,17.0,1470.144,30.0,29.9,Low Risk
SELL04467,65,0.15384615384615385,4.9,Seller Fulfilled,17.076923076923077,115848.1005,15.38,17.4,Low Risk
SELL04468,52,0.17307692307692307,3.8,Seller Fulfilled,13.26923076923077,9892.68,17.31,24.3,Low Risk
SELL04469,61,0.13114754098360656,4.2,Platform Fulfilled,17.62295081967213,11598.574499999997,13.11,21.8,Low Risk
SELL04470,41,0.2926829268292683,3.6,Seller Fulfilled,16.463414634146343,114647.9025,29.27,33.7,Medium Risk
SELL04471,39,0.23076923076923078,4.1,Platform Fulfilled,16.153846153846153,10526.049,23.08,26.7,Low Risk
SELL04472,35,0.05714285714285714,5.0,Seller Fulfilled,13.285714285714286,13365.763500000001,5.71,9.5,Low Risk
SELL04473,16,0.125,3.3,Seller Fulfilled,10.3125,722.5815,12.5,23.9,Low Risk
SELL04474,85,0.18823529411764706,4.0,Platform Fulfilled,19.11764705882353,72935.8605,18.82,27.0,Low Risk
SELL04475,103,0.23300970873786409,3.9,Platform Fulfilled,12.864077669902912,106034.5545,23.3,26.3,Low Risk
SELL04476,16,0.1875,4.5,Seller Fulfilled,15.3125,1669.3725,18.75,21.0,Low Risk
SELL04477,23,0.34782608695652173,1.8,Seller Fulfilled,18.043478260869566,66054.51299999999,34.78,50.9,Medium Risk
SELL04478,13,0.38461538461538464,3.5,Seller Fulfilled,13.461538461538462,3518.3940000000002,38.46,37.3,Medium Risk
SELL04479,70,0.34285714285714286,3.9,Seller Fulfilled,17.0,162391.236,34.29,34.3,Medium Risk
SELL04480,46,0.3695652173913043,3.2,Seller Fulfilled,19.23913043478261,71307.96149999999,36.96,42.2,Medium Risk
SELL04481,49,0.4897959183673469,2.5,Seller Fulfilled,15.510204081632653,215333.77649999998,48.98,51.2,Medium Risk
SELL04482,69,0.21739130434782608,4.1,Seller Fulfilled,15.289855072463768,55531.6125,21.74,25.5,Low Risk
SELL04483,12,0.08333333333333333,4.0,Platform Fulfilled,12.083333333333334,131.382,8.33,17.6,Low Risk
SELL04484,19,0.3157894736842105,3.1,Seller Fulfilled,19.210526315789473,1712.2455000000002,31.58,40.2,Medium Risk
SELL04485,36,0.2222222222222222,4.0,Seller Fulfilled,15.416666666666666,20557.999499999994,22.22,26.5,Low Risk
SELL04486,50,0.32,2.6,Platform Fulfilled,15.4,161717.71800000002,32.0,41.9,Medium Risk
SELL04487,12,0.4166666666666667,4.1,Seller Fulfilled,17.083333333333332,72647.181,41.67,36.5,Medium Risk
SELL04488,48,0.25,3.1,Platform Fulfilled,16.875,23649.66,25.0,35.6,Medium Risk
SELL04489,66,0.18181818181818182,3.5,Seller Fulfilled,16.742424242424242,10679.034,18.18,29.1,Low Risk
SELL04490,19,0.3157894736842105,3.3,Platform Fulfilled,12.894736842105264,66507.4125,31.58,35.0,Medium Risk
SELL04491,47,0.19148936170212766,4.3,Seller Fulfilled,10.319148936170214,112561.992,19.15,19.7,Low Risk
SELL04492,42,0.35714285714285715,3.9,Seller Fulfilled,20.357142857142858,126665.54699999999,35.71,36.9,Medium Risk
SELL04493,27,0.37037037037037035,3.5,Seller Fulfilled,14.814814814814815,61755.678,37.04,37.3,Medium Risk
SELL04494,46,0.2826086956521739,4.5,Seller Fulfilled,13.58695652173913,12025.1325,28.26,24.8,Low Risk
SELL04495,44,0.4090909090909091,3.4,Seller Fulfilled,19.772727272727273,269274.1995,40.91,42.9,Medium Risk
SELL04496,23,0.2608695652173913,3.8,Seller Fulfilled,12.826086956521738,5002.221,26.09,28.5,Low Risk
SELL04497,71,0.15492957746478872,3.9,Seller Fulfilled,15.211267605633802,69889.42950000001,15.49,23.8,Low Risk
SELL04498,65,0.13846153846153847,5.0,Seller Fulfilled,19.923076923076923,62723.563500000004,13.85,17.5,Low Risk
SELL04499,32,0.15625,4.0,Platform Fulfilled,22.03125,1993.9065,15.62,27.1,Low Risk
SELL04500,29,0.06896551724137931,3.1,Seller Fulfilled,21.03448275862069,129.1875,6.9,28.9,Low Risk
SELL04501,46,0.06521739130434782,5.0,Platform Fulfilled,12.717391304347826,27369.550499999998,6.52,9.6,Low Risk
SELL04502,38,0.13157894736842105,4.0,Seller Fulfilled,9.473684210526315,22863.426,13.16,18.6,Low Risk
SELL04503,26,0.0,3.9,Seller Fulfilled,12.307692307692308,0.0,0.0,14.4,Low Risk
SELL04504,30,0.3333333333333333,4.2,Platform Fulfilled,16.166666666666668,10262.015999999996,33.33,31.0,Low Risk
SELL04505,47,0.2127659574468085,4.4,Platform Fulfilled,14.361702127659575,98642.60250000001,21.28,22.5,Low Risk
SELL04506,23,0.08695652173913043,4.2,Platform Fulfilled,16.304347826086957,264.3345,8.7,18.8,Low Risk
SELL04507,39,0.1282051282051282,3.7,Platform Fulfilled,10.384615384615385,22468.372499999994,12.82,21.1,Low Risk
SELL04508,63,0.19047619047619047,5.0,Platform Fulfilled,13.65079365079365,28485.6135,19.05,16.4,Low Risk
SELL04509,39,0.3333333333333333,3.7,Seller Fulfilled,16.28205128205128,7407.352499999999,33.33,34.8,Medium Risk
SELL04510,37,0.1891891891891892,3.5,Platform Fulfilled,15.81081081081081,33822.768,18.92,28.9,Low Risk
SELL04511,91,0.16483516483516483,3.8,Seller Fulfilled,18.13186813186813,56783.413499999995,16.48,26.8,Low Risk
SELL04512,13,0.15384615384615385,5.0,Seller Fulfilled,18.46153846153846,3099.3615,15.38,17.4,Low Risk
SELL04514,20,0.15,3.9,Seller Fulfilled,19.75,630.6915,15.0,26.2,Low Risk
SELL04515,42,0.30952380952380953,4.1,Platform Fulfilled,19.761904761904763,135202.8045,30.95,32.7,Low Risk
SELL04516,43,0.18604651162790697,3.4,Platform Fulfilled,16.976744186046513,58427.1045,18.6,30.2,Low Risk
SELL04517,14,0.35714285714285715,2.8,Seller Fulfilled,22.5,3659.6639999999998,35.71,46.4,Medium Risk
SELL04518,37,0.13513513513513514,4.4,Seller Fulfilled,16.08108108108108,53899.4505,13.51,19.6,Low Risk
SELL04519,39,0.3333333333333333,3.6,Platform Fulfilled,13.717948717948717,46036.937999999995,33.33,34.1,Medium Risk
SELL04520,25,0.52,3.3,Seller Fulfilled,11.6,6838.704,52.0,44.4,Medium Risk
SELL04521,10,0.5,2.4,Seller Fulfilled,19.0,60974.784,50.0,54.5,Medium Risk
SELL04522,33,0.21212121212121213,3.9,Platform Fulfilled,12.575757575757576,4158.531,21.21,25.1,Low Risk
SELL04523,33,0.09090909090909091,3.8,Seller Fulfilled,13.787878787878787,2200.7895,9.09,20.5,Low Risk
SELL04524,33,0.36363636363636365,3.0,Seller Fulfilled,14.393939393939394,71899.87349999999,36.36,40.5,Medium Risk
SELL04525,56,0.26785714285714285,3.6,Platform Fulfilled,11.785714285714286,155990.34149999998,26.79,29.7,Low Risk
SELL04526,68,0.3235294117647059,4.3,Seller Fulfilled,18.38235294117647,58759.80300000001,32.35,31.1,Low Risk
SELL04527,35,0.11428571428571428,4.1,Platform Fulfilled,16.714285714285715,3883.1189999999997,11.43,21.2,Low Risk
SELL04528,11,0.0,3.1,Seller Fulfilled,18.181818181818183,0.0,0.0,23.8,Low Risk
SELL04529,54,0.2222222222222222,4.1,Seller Fulfilled,14.537037037037036,7423.465499999999,22.22,25.3,Low Risk
SELL04530,45,0.15555555555555556,3.8,Platform Fulfilled,18.77777777777778,9495.4065,15.56,26.7,Low Risk
SELL04531,27,0.18518518518518517,3.9,Seller Fulfilled,13.333333333333334,20571.4815,18.52,24.2,Low Risk
SELL04532,87,0.2413793103448276,3.7,Seller Fulfilled,13.96551724137931,56110.74299999999,24.14,28.9,Low Risk
SELL04533,9,0.2222222222222222,4.1,Platform Fulfilled,12.222222222222221,58.6905,22.22,23.9,Low Risk
SELL04534,53,0.18867924528301888,3.9,Seller Fulfilled,16.50943396226415,9653.043,18.87,26.3,Low Risk
SELL04535,40,0.1,4.3,Platform Fulfilled,19.75,1750.8,10.0,20.7,Low Risk
SELL04536,25,0.16,4.7,Platform Fulfilled,15.6,11659.1775,16.0,18.3,Low Risk
SELL04537,20,0.4,3.3,Platform Fulfilled,16.75,1796.0055,40.0,41.5,Medium Risk
SELL04538,55,0.14545454545454545,4.1,Platform Fulfilled,15.181818181818182,2735.118,14.55,21.8,Low Risk
SELL04539,11,0.2727272727272727,4.8,Seller Fulfilled,20.0,2284.1115,27.27,25.8,Low Risk
SELL04540,32,0.1875,3.5,Seller Fulfilled,14.21875,1365.7409999999998,18.75,27.9,Low Risk
SELL04542,109,0.21100917431192662,3.8,Platform Fulfilled,16.146788990825687,75234.45,21.1,27.9,Low Risk
SELL04543,26,0.23076923076923078,4.6,Platform Fulfilled,12.307692307692308,66961.7865,23.08,20.7,Low Risk
SELL04544,31,0.3225806451612903,3.9,Platform Fulfilled,15.161290322580646,77460.7575,32.26,32.2,Low Risk
SELL04545,7,0.0,3.7,Platform Fulfilled,9.285714285714286,0.0,0.0,14.1,Low Risk
SELL04546,27,0.2962962962962963,3.0,Platform Fulfilled,17.77777777777778,6732.083999999999,29.63,39.1,Medium Risk
SELL04547,8,0.0,4.5,Platform Fulfilled,11.25,0.0,0.0,9.2,Low Risk
SELL04548,36,0.2222222222222222,3.5,Platform Fulfilled,18.75,44860.254,22.22,32.2,Low Risk
SELL04549,99,0.23232323232323232,4.0,Platform Fulfilled,16.464646464646464,166710.97799999997,23.23,27.7,Low Risk
SELL04550,57,0.3684210526315789,4.0,Seller Fulfilled,17.80701754385965,68776.65,36.84,35.2,Medium Risk
SELL04551,23,0.21739130434782608,3.7,Seller Fulfilled,16.73913043478261,456.18600000000004,21.74,29.3,Low Risk
SELL04552,12,0.0,4.7,Seller Fulfilled,13.75,0.0,0.0,9.2,Low Risk
SELL04553,57,0.24561403508771928,3.6,Seller Fulfilled,17.36842105263158,101088.222,24.56,31.9,Low Risk
SELL04554,58,0.1206896551724138,4.0,Seller Fulfilled,17.24137931034483,3113.844,12.07,22.6,Low Risk
SELL04555,21,0.2857142857142857,3.8,Seller Fulfilled,10.476190476190476,14083.083,28.57,28.3,Low Risk
SELL04556,9,0.1111111111111111,3.2,Platform Fulfilled,15.555555555555555,371.262,11.11,27.1,Low Risk
SELL04557,45,0.15555555555555556,4.6,Platform Fulfilled,18.0,6036.3825,15.56,20.3,Low Risk
SELL04558,33,0.09090909090909091,4.0,Seller Fulfilled,18.939393939393938,221.076,9.09,22.0,Low Risk
SELL04559,32,0.09375,4.2,Platform Fulfilled,20.625,1123.3875,9.38,21.7,Low Risk
SELL04560,71,0.19718309859154928,4.5,Platform Fulfilled,16.267605633802816,21462.614999999998,19.72,22.0,Low Risk
SELL04561,33,0.36363636363636365,3.9,Seller Fulfilled,18.78787878787879,47287.963500000005,36.36,36.4,Medium Risk
SELL04562,21,0.47619047619047616,3.2,Seller Fulfilled,14.285714285714286,27815.286,47.62,44.6,Medium Risk
SELL04563,49,0.14285714285714285,3.9,Platform Fulfilled,15.204081632653061,6008.6835,14.29,23.2,Low Risk
SELL04564,39,0.2564102564102564,3.4,Platform Fulfilled,13.58974358974359,84518.42249999999,25.64,31.7,Low Risk
SELL04565,29,0.06896551724137931,4.8,Platform Fulfilled,10.689655172413794,1479.54,6.9,10.1,Low Risk
SELL04566,23,0.13043478260869565,3.7,Seller Fulfilled,13.91304347826087,2471.5935,13.04,23.3,Low Risk
SELL04567,46,0.30434782608695654,2.9,Platform Fulfilled,14.673913043478262,82460.69999999998,30.43,38.4,Medium Risk
SELL04568,38,0.02631578947368421,4.2,Platform Fulfilled,13.289473684210526,143.22,2.63,14.0,Low Risk
SELL04569,49,0.40816326530612246,3.4,Seller Fulfilled,14.693877551020408,88604.04299999998,40.82,39.9,Medium Risk
SELL04570,52,0.09615384615384616,3.7,Platform Fulfilled,15.48076923076923,7138.549499999998,9.62,22.5,Low Risk
SELL04571,47,0.23404255319148937,4.2,Platform Fulfilled,15.425531914893616,150256.3185,23.4,25.6,Low Risk
SELL04572,20,0.1,3.6,Seller Fulfilled,9.25,418.593,10.0,19.8,Low Risk
SELL04573,16,0.5,3.8,Platform Fulfilled,23.4375,52765.67999999999,50.0,46.6,Medium Risk
SELL04574,41,0.24390243902439024,3.6,Seller Fulfilled,22.5609756097561,63164.83499999999,24.39,34.8,Medium Risk
SELL04575,8,0.25,3.2,Platform Fulfilled,17.5,8452.682999999999,25.0,35.2,Medium Risk
SELL04576,46,0.17391304347826086,4.4,Platform Fulfilled,15.869565217391305,1944.1964999999998,17.39,21.4,Low Risk
SELL04577,29,0.1724137931034483,3.5,Platform Fulfilled,19.655172413793103,2806.8959999999997,17.24,30.3,Low Risk
SELL04578,54,0.2962962962962963,4.5,Platform Fulfilled,20.555555555555557,12296.214,29.63,29.5,Low Risk
SELL04579,1,0.0,2.5,Platform Fulfilled,15.0,0.0,0.0,26.4,Low Risk
SELL04580,48,0.08333333333333333,4.7,Platform Fulfilled,14.375,3152.004,8.33,13.7,Low Risk
SELL04581,15,0.26666666666666666,5.0,Seller Fulfilled,25.0,3297.3509999999997,26.67,26.9,Low Risk
SELL04582,26,0.038461538461538464,3.6,Platform Fulfilled,16.346153846153847,72.96,3.85,20.9,Low Risk
SELL04583,43,0.20930232558139536,3.8,Platform Fulfilled,14.883720930232558,24531.578999999998,20.93,27.1,Low Risk
SELL04584,27,0.2222222222222222,4.6,Seller Fulfilled,13.703703703703704,29660.2785,22.22,21.0,Low Risk
SELL04585,18,0.2222222222222222,4.5,Platform Fulfilled,13.055555555555555,86801.916,22.22,21.4,Low Risk
SELL04586,14,0.07142857142857142,5.0,Seller Fulfilled,20.357142857142858,511.6545,7.14,14.4,Low Risk
SELL04587,15,0.06666666666666667,3.2,Seller Fulfilled,7.333333333333333,64.254,6.67,20.0,Low Risk
SELL04588,36,0.16666666666666666,3.9,Platform Fulfilled,15.972222222222221,5329.2255,16.67,24.9,Low Risk
SELL04589,34,0.4117647058823529,2.2,Seller Fulfilled,14.411764705882353,13880.243999999999,41.18,48.9,Medium Risk
SELL04590,46,0.08695652173913043,4.7,Platform Fulfilled,15.0,8648.3805,8.7,14.3,Low Risk
SELL04591,42,0.4523809523809524,2.4,Seller Fulfilled,20.952380952380953,128289.39749999999,45.24,53.3,Medium Risk
SELL04592,42,0.07142857142857142,4.2,Seller Fulfilled,14.523809523809524,15577.251,7.14,17.0,Low Risk
SELL04593,51,0.11764705882352941,5.0,Seller Fulfilled,13.823529411764707,23558.046,11.76,12.9,Low Risk
SELL04595,41,0.2926829268292683,4.2,Seller Fulfilled,21.341463414634145,131790.33899999998,29.27,32.0,Low Risk
SELL04596,28,0.39285714285714285,4.3,Seller Fulfilled,14.821428571428571,76718.9625,39.29,32.5,Low Risk
SELL04597,13,0.6153846153846154,2.7,Platform Fulfilled,9.615384615384615,21356.266499999994,61.54,52.5,Medium Risk
SELL04598,12,0.0,4.5,Platform Fulfilled,13.333333333333334,0.0,0.0,10.5,Low Risk
SELL04599,55,0.34545454545454546,3.1,Platform Fulfilled,13.0,11727.7365,34.55,38.0,Medium Risk
SELL04600,19,0.2631578947368421,4.2,Seller Fulfilled,22.894736842105264,3086.0445,26.32,31.5,Low Risk
SELL04601,40,0.225,3.7,Platform Fulfilled,17.0,5344.296,22.5,29.9,Low Risk
SELL04602,22,0.045454545454545456,3.0,Seller Fulfilled,18.40909090909091,400.932,4.55,27.0,Low Risk
SELL04603,51,0.21568627450980393,3.4,Seller Fulfilled,14.215686274509803,6273.4710000000005,21.57,30.0,Low Risk
SELL04604,68,0.1323529411764706,3.7,Seller Fulfilled,14.191176470588236,1015.1445,13.24,23.6,Low Risk
SELL04605,33,0.45454545454545453,3.5,Seller Fulfilled,20.606060606060606,48256.449,45.45,45.0,Medium Risk
SELL04606,12,0.0,4.2,Platform Fulfilled,9.166666666666666,0.0,0.0,10.3,Low Risk
SELL04607,34,0.3235294117647059,3.7,Platform Fulfilled,19.558823529411764,11819.507999999998,32.35,36.3,Medium Risk
SELL04608,48,0.10416666666666667,3.6,Platform Fulfilled,13.125,61521.471,10.42,22.3,Low Risk
SELL04609,46,0.2608695652173913,4.5,Platform Fulfilled,15.326086956521738,89049.327,26.09,24.7,Low Risk
SELL04610,33,0.36363636363636365,2.8,Seller Fulfilled,16.515151515151516,8121.769499999999,36.36,43.3,Medium Risk
SELL04611,75,0.52,3.3,Seller Fulfilled,15.0,335001.8475,52.0,46.4,Medium Risk
SELL04612,8,0.125,4.9,Platform Fulfilled,5.625,114.60449999999999,12.5,9.2,Low Risk
SELL04613,60,0.2,3.8,Seller Fulfilled,13.916666666666666,80116.704,20.0,26.1,Low Risk
SELL04614,28,0.07142857142857142,5.0,Platform Fulfilled,21.607142857142858,1422.966,7.14,15.1,Low Risk
SELL04615,37,0.2702702702702703,3.6,Platform Fulfilled,14.45945945945946,16033.581,27.03,31.4,Low Risk
SELL04616,26,0.5384615384615384,3.0,Seller Fulfilled,15.76923076923077,57115.29149999999,53.85,50.0,Medium Risk
SELL04617,58,0.27586206896551724,3.8,Seller Fulfilled,18.275862068965516,43689.235499999995,27.59,32.4,Low Risk
SELL04618,35,0.3142857142857143,4.2,Seller Fulfilled,20.571428571428573,80755.9575,31.43,32.7,Low Risk
SELL04619,50,0.22,4.1,Seller Fulfilled,14.6,39570.9675,22.0,25.2,Low Risk
SELL04620,79,0.20253164556962025,5.0,Seller Fulfilled,18.164556962025316,47169.456,20.25,19.7,Low Risk
SELL04622,24,0.125,4.2,Seller Fulfilled,15.625,1840.1894999999997,12.5,20.3,Low Risk
SELL04624,12,0.25,2.5,Seller Fulfilled,25.0,1939.7325,25.0,44.8,Medium Risk
SELL04625,9,0.1111111111111111,4.2,Seller Fulfilled,11.666666666666666,84.687,11.11,17.3,Low Risk
SELL04626,73,0.3835616438356164,4.3,Seller Fulfilled,13.424657534246576,171015.90750000003,38.36,31.2,Low Risk
SELL04627,68,0.25,3.9,Seller Fulfilled,18.970588235294116,44832.29549999999,25.0,30.8,Low Risk
SELL04628,15,0.26666666666666666,3.3,Seller Fulfilled,18.0,3426.7515,26.67,35.6,Medium Risk
SELL04629,30,0.1,4.2,Platform Fulfilled,16.5,46830.3765,10.0,19.6,Low Risk
SELL04630,50,0.16,1.7,Platform Fulfilled,16.3,3994.0934999999995,16.0,41.2,Medium Risk
SELL04631,25,0.32,2.4,Seller Fulfilled,14.0,8038.884,32.0,42.6,Medium Risk
SELL04632,32,0.1875,3.5,Platform Fulfilled,20.15625,1614.2505,18.75,31.4,Low Risk
SELL04633,40,0.125,4.9,Seller Fulfilled,12.5,1709.4195,12.5,13.2,Low Risk
SELL04634,58,0.3275862068965517,3.0,Platform Fulfilled,15.60344827586207,7290.0525,32.76,39.4,Medium Risk
SELL04635,55,0.32727272727272727,4.2,Seller Fulfilled,13.545454545454545,70299.6795,32.73,29.2,Low Risk
SELL04636,24,0.3333333333333333,3.9,Seller Fulfilled,11.666666666666666,54520.40699999999,33.33,30.6,Low Risk
SELL04637,24,0.16666666666666666,3.9,Seller Fulfilled,16.666666666666668,3824.2065,16.67,25.3,Low Risk
SELL04638,52,0.3269230769230769,3.4,Platform Fulfilled,15.576923076923077,20314.351499999997,32.69,36.4,Medium Risk
SELL04639,54,0.18518518518518517,5.0,Platform Fulfilled,14.074074074074074,29494.4565,18.52,16.4,Low Risk
SELL04640,27,0.25925925925925924,4.5,Platform Fulfilled,10.185185185185185,14435.553,25.93,21.6,Low Risk
SELL04641,66,0.2878787878787879,3.1,Seller Fulfilled,16.060606060606062,93978.219,28.79,37.0,Medium Risk
SELL04642,20,0.15,5.0,Platform Fulfilled,22.0,4435.1175,15.0,19.3,Low Risk
SELL04643,29,0.3448275862068966,2.6,Seller Fulfilled,16.551724137931036,62216.98649999999,34.48,43.8,Medium Risk
SELL04644,7,0.14285714285714285,3.8,Seller Fulfilled,12.857142857142858,2897.775,14.29,22.6,Low Risk
SELL04645,23,0.13043478260869565,3.8,Seller Fulfilled,19.565217391304348,3241.9395,13.04,25.9,Low Risk
SELL04646,33,0.21212121212121213,3.7,Seller Fulfilled,21.818181818181817,20346.668999999998,21.21,32.0,Low Risk
SELL04647,31,0.0967741935483871,4.5,Platform Fulfilled,16.129032258064516,33754.561499999996,9.68,17.0,Low Risk
SELL04648,27,0.2962962962962963,3.1,Platform Fulfilled,12.777777777777779,51156.4755,29.63,35.4,Medium Risk
SELL04649,21,0.2857142857142857,4.0,Seller Fulfilled,16.666666666666668,1582.3740000000003,28.57,30.5,Low Risk
SELL04650,34,0.5,3.3,Platform Fulfilled,17.058823529411764,266990.2065,50.0,46.6,Medium Risk
SELL04651,29,0.13793103448275862,5.0,Platform Fulfilled,15.0,17974.703999999998,13.79,14.6,Low Risk
SELL04652,24,0.125,4.6,Seller Fulfilled,16.041666666666668,1430.301,12.5,17.6,Low Risk
SELL04653,44,0.4090909090909091,3.4,Platform Fulfilled,17.386363636363637,12772.7865,40.91,41.6,Medium Risk
SELL04654,24,0.25,4.4,Platform Fulfilled,12.291666666666666,48743.0775,25.0,23.1,Low Risk
SELL04655,22,0.36363636363636365,3.5,Seller Fulfilled,21.818181818181817,3194.5455,36.36,41.1,Medium Risk
SELL04656,27,0.37037037037037035,4.3,Seller Fulfilled,14.444444444444445,15882.544499999998,37.04,31.1,Low Risk
SELL04657,56,0.14285714285714285,4.6,Seller Fulfilled,18.125,70966.98299999998,14.29,19.7,Low Risk
SELL04658,61,0.32786885245901637,3.1,Seller Fulfilled,19.098360655737704,108248.226,32.79,40.8,Medium Risk
SELL04659,62,0.14516129032258066,5.0,Seller Fulfilled,18.70967741935484,13652.4015,14.52,17.1,Low Risk
SELL04660,54,0.37037037037037035,4.0,Seller Fulfilled,18.425925925925927,77100.882,37.04,35.7,Medium Risk
SELL04661,28,0.10714285714285714,4.3,Platform Fulfilled,13.928571428571429,4721.8395,10.71,17.7,Low Risk
SELL04662,19,0.21052631578947367,3.7,Seller Fulfilled,16.842105263157894,30221.641499999998,21.05,29.1,Low Risk
SELL04663,45,0.3333333333333333,4.1,Platform Fulfilled,22.0,41724.081,33.33,35.2,Medium Risk
SELL04664,58,0.1896551724137931,4.1,Seller Fulfilled,14.568965517241379,124484.553,18.97,23.7,Low Risk
SELL04665,25,0.2,4.4,Seller Fulfilled,15.2,39158.049,20.0,22.3,Low Risk
SELL04666,24,0.125,3.8,Platform Fulfilled,12.916666666666666,1708.437,12.5,21.7,Low Risk
SELL04667,39,0.1282051282051282,3.6,Seller Fulfilled,16.53846153846154,15257.864999999998,12.82,25.5,Low Risk
SELL04668,30,0.16666666666666666,3.9,Seller Fulfilled,17.833333333333332,8347.363500000001,16.67,26.0,Low Risk
SELL04669,10,0.4,4.2,Seller Fulfilled,17.5,35761.1505,40.0,35.2,Medium Risk
SELL04670,21,0.19047619047619047,4.0,Platform Fulfilled,24.523809523809526,7906.9545,19.05,30.3,Low Risk
SELL04671,44,0.29545454545454547,4.4,Seller Fulfilled,18.068181818181817,99621.456,29.55,28.8,Low Risk
SELL04672,40,0.175,5.0,Seller Fulfilled,12.75,41861.53799999999,17.5,15.1,Low Risk
SELL04673,33,0.3333333333333333,3.4,Seller Fulfilled,14.848484848484848,114019.0845,33.33,36.2,Medium Risk
SELL04674,72,0.2638888888888889,4.1,Platform Fulfilled,14.166666666666666,141646.4985,26.39,27.2,Low Risk
SELL04675,33,0.2727272727272727,2.1,Seller Fulfilled,16.515151515151516,1327.3905,27.27,44.0,Medium Risk
SELL04676,21,0.3333333333333333,3.3,Seller Fulfilled,21.19047619047619,1936.8525000000002,33.33,40.7,Medium Risk
SELL04677,42,0.14285714285714285,3.7,Seller Fulfilled,15.833333333333334,19139.749499999998,14.29,25.1,Low Risk
SELL04678,62,0.12903225806451613,5.0,Seller Fulfilled,17.741935483870968,7934.360999999999,12.9,15.8,Low Risk
SELL04679,41,0.21951219512195122,3.9,Seller Fulfilled,15.731707317073171,10860.695999999998,21.95,27.4,Low Risk
SELL04680,56,0.21428571428571427,4.2,Seller Fulfilled,13.035714285714286,7458.934499999999,21.43,23.2,Low Risk
SELL04682,68,0.22058823529411764,4.1,Seller Fulfilled,16.397058823529413,164832.4005,22.06,26.3,Low Risk
SELL04683,46,0.2608695652173913,3.9,Platform Fulfilled,13.91304347826087,71639.658,26.09,28.4,Low Risk
SELL04684,46,0.34782608695652173,3.2,Platform Fulfilled,19.130434782608695,62401.6215,34.78,41.0,Medium Risk
SELL04685,56,0.26785714285714285,3.7,Seller Fulfilled,21.25,49839.3915,26.79,34.5,Medium Risk
SELL04686,23,0.21739130434782608,4.2,Seller Fulfilled,16.956521739130434,23878.322999999997,21.74,25.7,Low Risk
SELL04687,9,0.7777777777777778,3.9,Platform Fulfilled,12.777777777777779,133848.1695,77.78,53.5,Medium Risk
SELL04688,35,0.2857142857142857,3.5,Platform Fulfilled,14.571428571428571,125435.7615,28.57,33.0,Low Risk
SELL04689,33,0.5454545454545454,2.9,Seller Fulfilled,11.666666666666666,97668.7815,54.55,48.7,Medium Risk
SELL04690,68,0.07352941176470588,4.6,Platform Fulfilled,20.294117647058822,3449.8725,7.35,17.5,Low Risk
SELL04691,59,0.15254237288135594,5.0,Seller Fulfilled,20.0,11083.431,15.25,18.3,Low Risk
SELL04692,18,0.5555555555555556,2.6,Seller Fulfilled,12.5,173946.0045,55.56,52.0,Medium Risk
SELL04693,59,0.3050847457627119,3.8,Seller Fulfilled,16.52542372881356,93528.05099999999,30.51,32.8,Low Risk
SELL04694,27,0.18518518518518517,3.5,Seller Fulfilled,16.85185185185185,28028.958000000002,18.52,29.3,Low Risk
SELL04695,35,0.22857142857142856,3.6,Platform Fulfilled,13.142857142857142,3394.9605,22.86,28.6,Low Risk
SELL04696,45,0.17777777777777778,3.6,Platform Fulfilled,16.22222222222222,17336.5305,17.78,27.8,Low Risk
SELL04697,16,0.25,4.4,Seller Fulfilled,19.6875,4578.4439999999995,25.0,27.4,Low Risk
SELL04698,31,0.25806451612903225,3.9,Platform Fulfilled,21.612903225806452,61657.068,25.81,32.7,Low Risk
SELL04699,33,0.15151515151515152,3.9,Platform Fulfilled,8.181818181818182,41125.258499999996,15.15,19.6,Low Risk
SELL04700,68,0.2647058823529412,3.8,Platform Fulfilled,18.08823529411765,196534.34699999998,26.47,31.8,Low Risk
SELL04701,64,0.328125,3.2,Platform Fulfilled,17.96875,20746.1715,32.81,39.3,Medium Risk
SELL04702,13,0.46153846153846156,2.9,Seller Fulfilled,18.46153846153846,3358.4985,46.15,48.6,Medium Risk
SELL04703,31,0.16129032258064516,3.8,Platform Fulfilled,18.870967741935484,5624.964,16.13,27.0,Low Risk
SELL04704,62,0.6774193548387096,2.9,Platform Fulfilled,15.0,312563.5395,67.74,57.3,Medium Risk
SELL04705,9,0.1111111111111111,4.6,Platform Fulfilled,22.77777777777778,288.834,11.11,20.8,Low Risk
SELL04706,20,0.5,2.5,Seller Fulfilled,19.5,3522.3675000000003,50.0,54.1,Medium Risk
SELL04707,97,0.18556701030927836,3.9,Seller Fulfilled,18.608247422680414,37337.751000000004,18.56,27.4,Low Risk
SELL04708,33,0.15151515151515152,5.0,Platform Fulfilled,16.363636363636363,36197.208,15.15,16.1,Low Risk
SELL04709,36,0.16666666666666666,3.8,Platform Fulfilled,15.972222222222221,131533.5495,16.67,25.6,Low Risk
SELL04710,53,0.20754716981132076,4.8,Seller Fulfilled,16.32075471698113,153513.2775,20.75,20.4,Low Risk
SELL04711,26,0.38461538461538464,3.3,Platform Fulfilled,14.615384615384615,11630.2905,38.46,39.5,Medium Risk
SELL04712,28,0.2857142857142857,3.9,Platform Fulfilled,20.178571428571427,50115.15299999999,28.57,33.3,Medium Risk
SELL04713,56,0.42857142857142855,3.0,Seller Fulfilled,14.375,59551.5315,42.86,43.8,Medium Risk
SELL04714,20,0.65,2.8,Seller Fulfilled,17.0,110415.63299999999,65.0,57.9,Medium Risk
SELL04715,54,0.12962962962962962,3.5,Platform Fulfilled,16.666666666666668,30009.049499999997,12.96,26.4,Low Risk
SELL04716,23,0.08695652173913043,3.9,Platform Fulfilled,7.826086956521739,19931.8275,8.7,16.1,Low Risk
SELL04717,81,0.09876543209876543,4.8,Seller Fulfilled,17.77777777777778,18524.836499999998,9.88,15.8,Low Risk
SELL04718,36,0.5,3.1,Seller Fulfilled,18.055555555555557,86086.95899999999,50.0,48.7,Medium Risk
SELL04719,13,0.3076923076923077,3.0,Platform Fulfilled,15.0,3571.8599999999997,30.77,38.1,Medium Risk
SELL04720,54,0.18518518518518517,4.1,Platform Fulfilled,14.907407407407407,7445.2605,18.52,23.6,Low Risk
SELL04721,41,0.5853658536585366,2.6,Platform Fulfilled,16.70731707317073,54192.72149999999,58.54,56.0,Medium Risk
SELL04722,67,0.582089552238806,2.6,Seller Fulfilled,14.104477611940299,180115.79399999997,58.21,54.3,Medium Risk
SELL04723,28,0.14285714285714285,3.9,Seller Fulfilled,10.535714285714286,31246.819499999994,14.29,20.5,Low Risk
SELL04724,36,0.19444444444444445,5.0,Platform Fulfilled,20.833333333333332,6873.188999999999,19.44,20.8,Low Risk
SELL04725,43,0.23255813953488372,4.0,Platform Fulfilled,14.767441860465116,52756.915499999996,23.26,26.7,Low Risk
SELL04726,21,0.047619047619047616,4.3,Platform Fulfilled,9.761904761904763,116.055,4.76,12.3,Low Risk
SELL04727,70,0.2571428571428571,4.2,Seller Fulfilled,11.214285714285714,73855.812,25.71,24.3,Low Risk
SELL04728,23,0.21739130434782608,4.5,Platform Fulfilled,13.043478260869565,41980.0965,21.74,21.1,Low Risk
SELL04729,39,0.23076923076923078,3.5,Seller Fulfilled,13.205128205128204,7196.319,23.08,29.4,Low Risk
SELL04730,63,0.3333333333333333,3.4,Platform Fulfilled,14.682539682539682,178316.38650000002,33.33,36.2,Medium Risk
SELL04731,17,0.7647058823529411,3.4,Seller Fulfilled,12.941176470588236,65802.543,76.47,56.7,Medium Risk
SELL04732,36,0.2777777777777778,2.9,Seller Fulfilled,17.22222222222222,9230.889,27.78,38.6,Medium Risk
SELL04733,41,0.36585365853658536,3.6,Seller Fulfilled,19.26829268292683,20689.233000000004,36.59,39.0,Medium Risk
SELL04734,48,0.25,3.4,Seller Fulfilled,14.6875,18928.725,25.0,32.0,Low Risk
SELL04735,7,0.14285714285714285,4.0,Seller Fulfilled,6.428571428571429,7851.2519999999995,14.29,17.3,Low Risk
SELL04736,32,0.25,4.4,Platform Fulfilled,17.03125,1635.789,25.0,25.9,Low Risk
SELL04737,12,0.16666666666666666,2.7,Platform Fulfilled,12.916666666666666,28017.7065,16.67,32.1,Low Risk
SELL04738,60,0.1,4.6,Seller Fulfilled,15.25,4669.414500000001,10.0,15.8,Low Risk
SELL04739,15,0.06666666666666667,3.8,Seller Fulfilled,14.333333333333334,430.785,6.67,19.6,Low Risk
SELL04740,87,0.3448275862068966,3.3,Seller Fulfilled,18.620689655172413,81703.17,34.48,39.8,Medium Risk
SELL04741,38,0.23684210526315788,4.7,Seller Fulfilled,18.68421052631579,37931.45699999999,23.68,24.0,Low Risk
SELL04742,35,0.14285714285714285,4.8,Seller Fulfilled,13.142857142857142,4769.9580000000005,14.29,15.2,Low Risk
SELL04743,19,0.3157894736842105,3.6,Seller Fulfilled,9.473684210526315,28149.27,31.58,30.8,Low Risk
SELL04744,75,0.5066666666666667,3.4,Seller Fulfilled,15.933333333333334,133544.25149999998,50.67,45.6,Medium Risk
SELL04745,84,0.16666666666666666,3.9,Seller Fulfilled,17.202380952380953,71554.503,16.67,25.6,Low Risk
SELL04746,40,0.225,4.1,Seller Fulfilled,16.5,71714.83799999999,22.5,26.6,Low Risk
SELL04747,24,0.125,3.4,Seller Fulfilled,16.666666666666668,26995.754999999997,12.5,26.9,Low Risk
SELL04748,38,0.15789473684210525,4.7,Seller Fulfilled,20.657894736842106,21430.489500000003,15.79,21.2,Low Risk
SELL04749,47,0.2978723404255319,4.0,Seller Fulfilled,15.212765957446809,6038.575499999999,29.79,30.2,Low Risk
SELL04750,16,0.125,3.7,Seller Fulfilled,14.6875,7216.630499999999,12.5,23.5,Low Risk
SELL04751,26,0.46153846153846156,3.3,Seller Fulfilled,18.076923076923077,59557.280999999995,46.15,45.4,Medium Risk
SELL04752,63,0.2222222222222222,4.4,Seller Fulfilled,19.285714285714285,74941.734,22.22,25.8,Low Risk
SELL04753,53,0.22641509433962265,5.0,Seller Fulfilled,15.754716981132075,10864.868999999999,22.64,19.4,Low Risk
SELL04754,32,0.375,3.4,Seller Fulfilled,17.5,10195.392,37.5,39.9,Medium Risk
SELL04755,100,0.51,3.0,Seller Fulfilled,15.6,230019.96149999998,51.0,48.5,Medium Risk
SELL04756,29,0.1724137931034483,3.7,Seller Fulfilled,11.206896551724139,63074.6835,17.24,23.8,Low Risk
SELL04757,73,0.136986301369863,4.1,Seller Fulfilled,18.561643835616437,5240.201999999999,13.7,23.4,Low Risk
SELL04758,33,0.24242424242424243,3.7,Platform Fulfilled,14.848484848484848,81837.1845,24.24,29.4,Low Risk
SELL04759,42,0.09523809523809523,3.6,Seller Fulfilled,16.19047619047619,6273.387,9.52,23.6,Low Risk
SELL04760,24,0.16666666666666666,3.6,Seller Fulfilled,11.875,70700.7525,16.67,24.7,Low Risk
SELL04761,75,0.16,3.7,Seller Fulfilled,12.866666666666667,8339.964,16.0,24.2,Low Risk
SELL04762,56,0.19642857142857142,3.0,Seller Fulfilled,18.214285714285715,21748.4355,19.64,34.4,Medium Risk
SELL04763,35,0.17142857142857143,5.0,Seller Fulfilled,16.714285714285715,3034.4669999999996,17.14,17.2,Low Risk
SELL04764,9,0.0,4.2,Seller Fulfilled,7.222222222222222,0.0,0.0,9.1,Low Risk
SELL04765,81,0.4567901234567901,3.4,Seller Fulfilled,17.469135802469136,94365.924,45.68,44.0,Medium Risk
SELL04766,22,0.18181818181818182,3.9,Seller Fulfilled,15.454545454545455,2916.3464999999997,18.18,25.3,Low Risk
SELL04767,13,0.23076923076923078,4.0,Platform Fulfilled,14.615384615384615,16441.952999999998,23.08,26.5,Low Risk
SELL04768,73,0.4520547945205479,3.0,Platform Fulfilled,17.876712328767123,344207.40299999993,45.21,47.0,Medium Risk
SELL04769,64,0.28125,3.8,Platform Fulfilled,18.4375,113074.842,28.12,32.8,Low Risk
SELL04770,70,0.15714285714285714,4.8,Platform Fulfilled,16.285714285714285,7437.3015000000005,15.71,17.8,Low Risk
SELL04771,61,0.19672131147540983,3.5,Platform Fulfilled,15.98360655737705,89882.7405,19.67,29.4,Low Risk
SELL04772,39,0.15384615384615385,3.2,Seller Fulfilled,13.846153846153847,3666.549,15.38,28.2,Low Risk
SELL04773,43,0.18604651162790697,3.7,Platform Fulfilled,12.55813953488372,44787.457500000004,18.6,25.3,Low Risk
SELL04774,41,0.21951219512195122,4.8,Seller Fulfilled,14.390243902439025,10575.5445,21.95,19.8,Low Risk
SELL04775,59,0.4067796610169492,3.4,Seller Fulfilled,15.338983050847459,22995.108,40.68,40.2,Medium Risk
SELL04776,70,0.18571428571428572,3.9,Platform Fulfilled,16.0,127288.27050000001,18.57,25.8,Low Risk
SELL04777,40,0.2,3.7,Seller Fulfilled,16.25,8022.2775,20.0,28.2,Low Risk
SELL04778,35,0.2857142857142857,3.6,Platform Fulfilled,9.857142857142858,124322.217,28.57,29.5,Low Risk
SELL04779,40,0.175,3.9,Seller Fulfilled,18.375,88841.53199999999,17.5,26.7,Low Risk
SELL04780,60,0.3,3.2,Platform Fulfilled,14.833333333333334,271085.586,30.0,36.1,Medium Risk
SELL04781,22,0.045454545454545456,4.2,Platform Fulfilled,10.681818181818182,770.4735,4.55,13.4,Low Risk
SELL04782,44,0.13636363636363635,4.5,Seller Fulfilled,15.454545454545455,10832.560499999998,13.64,18.5,Low Risk
SELL04783,38,0.15789473684210525,3.9,Platform Fulfilled,15.789473684210526,5414.6804999999995,15.79,24.3,Low Risk
SELL04784,43,0.46511627906976744,2.6,Platform Fulfilled,18.953488372093023,79341.0465,46.51,51.2,Medium Risk
SELL04785,49,0.24489795918367346,3.6,Seller Fulfilled,14.693877551020408,40835.564999999995,24.49,30.3,Low Risk
SELL04786,17,0.4117647058823529,4.2,Seller Fulfilled,16.176470588235293,58417.7625,41.18,35.0,Medium Risk
SELL04787,33,0.36363636363636365,2.0,Seller Fulfilled,15.303030303030303,10772.883000000002,36.36,48.6,Medium Risk
SELL04788,36,0.25,3.8,Seller Fulfilled,19.305555555555557,4687.626,25.0,31.7,Low Risk
SELL04789,20,0.45,4.0,Platform Fulfilled,17.75,40875.94649999999,45.0,39.3,Medium Risk
SELL04790,59,0.4576271186440678,2.9,Platform Fulfilled,16.864406779661017,69217.683,45.76,47.4,Medium Risk
SELL04791,75,0.24,4.1,Platform Fulfilled,18.266666666666666,98136.60900000001,24.0,28.4,Low Risk
SELL04792,22,0.5909090909090909,2.2,Platform Fulfilled,13.181818181818182,46385.87699999999,59.09,57.2,Medium Risk
SELL04793,39,0.2564102564102564,4.5,Seller Fulfilled,18.71794871794872,27565.898999999998,25.64,26.4,Low Risk
SELL04794,47,0.2553191489361702,4.6,Seller Fulfilled,15.53191489361702,46363.8675,25.53,23.8,Low Risk
SELL04795,53,0.2830188679245283,3.4,Seller Fulfilled,13.584905660377359,50857.11149999999,28.3,33.0,Low Risk
SELL04796,32,0.21875,4.1,Platform Fulfilled,15.9375,57126.29699999999,21.88,25.9,Low Risk
SELL04797,35,0.2571428571428571,3.0,Seller Fulfilled,12.428571428571429,5170.2029999999995,25.71,34.0,Medium Risk
SELL04799,74,0.12162162162162163,3.7,Seller Fulfilled,16.68918918918919,4218.455999999999,12.16,24.5,Low Risk
SELL04800,43,0.23255813953488372,3.8,Seller Fulfilled,14.883720930232558,85267.185,23.26,28.3,Low Risk
SELL04801,60,0.2,3.6,Seller Fulfilled,15.75,51090.437999999995,20.0,28.6,Low Risk
SELL04802,24,0.3333333333333333,3.8,Seller Fulfilled,13.75,75305.54699999999,33.33,32.6,Low Risk
SELL04803,28,0.25,5.0,Platform Fulfilled,16.071428571428573,34025.6535,25.0,20.8,Low Risk
SELL04804,40,0.1,4.9,Platform Fulfilled,13.125,17829.702,10.0,12.4,Low Risk
SELL04805,40,0.3,3.4,Seller Fulfilled,11.375,93772.38600000001,30.0,32.6,Low Risk
SELL04806,17,0.11764705882352941,4.1,Platform Fulfilled,21.764705882352942,381.96449999999993,11.76,24.3,Low Risk
SELL04807,22,0.3181818181818182,3.1,Seller Fulfilled,13.636363636363637,2444.3715,31.82,37.0,Medium Risk
SELL04808,68,0.3235294117647059,4.1,Seller Fulfilled,17.13235294117647,16641.072,32.35,31.9,Low Risk
SELL04809,26,0.3076923076923077,4.3,Seller Fulfilled,22.692307692307693,17745.228,30.77,32.8,Low Risk
SELL04810,38,0.13157894736842105,4.6,Seller Fulfilled,18.94736842105263,1270.2945,13.16,19.6,Low Risk
SELL04811,25,0.72,2.8,Platform Fulfilled,12.2,15910.569,72.0,58.6,Medium Risk
SELL04812,36,0.25,4.0,Platform Fulfilled,17.63888888888889,39095.196,25.0,29.2,Low Risk
SELL04813,47,0.19148936170212766,4.0,Seller Fulfilled,22.4468085106383,2856.894,19.15,29.1,Low Risk
SELL04814,70,0.2714285714285714,4.3,Seller Fulfilled,16.857142857142858,38003.67149999999,27.14,27.6,Low Risk
SELL04815,36,0.3055555555555556,3.4,Seller Fulfilled,15.555555555555555,7315.347,30.56,35.3,Medium Risk
SELL04816,32,0.21875,3.4,Platform Fulfilled,11.40625,85620.32699999999,21.88,28.5,Low Risk
SELL04817,31,0.0967741935483871,5.0,Platform Fulfilled,16.93548387096774,34706.556,9.68,13.7,Low Risk
SELL04818,77,0.24675324675324675,3.6,Seller Fulfilled,19.415584415584416,112167.93,24.68,33.1,Medium Risk
SELL04819,19,0.21052631578947367,4.8,Seller Fulfilled,11.31578947368421,17305.116,21.05,17.6,Low Risk
SELL04820,44,0.1590909090909091,4.7,Seller Fulfilled,18.636363636363637,16204.5915,15.91,20.0,Low Risk
SELL04821,65,0.47692307692307695,3.1,Seller Fulfilled,15.153846153846153,57342.53999999999,47.69,45.9,Medium Risk
SELL04822,54,0.24074074074074073,3.0,Seller Fulfilled,18.24074074074074,35126.556,24.07,36.7,Medium Risk
SELL04823,34,0.3235294117647059,3.1,Seller Fulfilled,14.558823529411764,80919.3465,32.35,37.9,Medium Risk
SELL04824,53,0.20754716981132076,5.0,Seller Fulfilled,14.90566037735849,21221.1555,20.75,18.0,Low Risk
SELL04825,42,0.3333333333333333,3.4,Platform Fulfilled,21.071428571428573,71866.48349999999,33.33,39.9,Medium Risk
SELL04826,26,0.07692307692307693,4.4,Platform Fulfilled,10.384615384615385,3735.807,7.69,13.3,Low Risk
SELL04827,37,0.1891891891891892,3.9,Seller Fulfilled,17.027027027027028,59796.393,18.92,26.6,Low Risk
SELL04828,24,0.375,4.0,Platform Fulfilled,11.666666666666666,66987.5565,37.5,32.0,Low Risk
SELL04829,38,0.13157894736842105,4.1,Seller Fulfilled,13.68421052631579,22268.583,13.16,20.3,Low Risk
SELL04830,25,0.24,3.9,Platform Fulfilled,18.6,5689.803,24.0,30.0,Low Risk
SELL04831,27,0.25925925925925924,4.2,Platform Fulfilled,14.814814814814815,30741.447,25.93,26.5,Low Risk
SELL04832,33,0.15151515151515152,4.1,Platform Fulfilled,18.939393939393938,23770.516499999998,15.15,24.4,Low Risk
SELL04833,51,0.21568627450980393,3.5,Platform Fulfilled,14.705882352941176,45165.159,21.57,29.6,Low Risk
SELL04834,75,0.26666666666666666,4.1,Seller Fulfilled,13.733333333333333,90273.2745,26.67,27.0,Low Risk
SELL04835,33,0.12121212121212122,3.6,Platform Fulfilled,17.424242424242426,8354.748,12.12,25.7,Low Risk
SELL04836,24,0.08333333333333333,4.9,Platform Fulfilled,17.916666666666668,415.18049999999994,8.33,14.3,Low Risk
SELL04837,39,0.28205128205128205,4.1,Seller Fulfilled,18.46153846153846,16486.284,28.21,30.6,Low Risk
SELL04838,68,0.08823529411764706,4.6,Seller Fulfilled,14.338235294117647,3601.3215,8.82,14.7,Low Risk
SELL04839,24,0.16666666666666666,5.0,Seller Fulfilled,21.666666666666668,29028.239999999998,16.67,20.0,Low Risk
SELL04840,61,0.3770491803278688,3.4,Seller Fulfilled,13.60655737704918,134537.0685,37.7,37.7,Medium Risk
SELL04841,69,0.37681159420289856,3.1,Seller Fulfilled,15.217391304347826,246078.86700000003,37.68,40.9,Medium Risk
SELL04842,62,0.25806451612903225,3.9,Platform Fulfilled,15.96774193548387,15361.493999999997,25.81,29.4,Low Risk
SELL04843,23,0.17391304347826086,4.2,Seller Fulfilled,15.434782608695652,75363.147,17.39,22.6,Low Risk
SELL04844,28,0.07142857142857142,4.6,Platform Fulfilled,15.535714285714286,2282.082,7.14,14.6,Low Risk
SELL04845,43,0.5348837209302325,2.7,Platform Fulfilled,15.232558139534884,42419.682,53.49,51.8,Medium Risk
SELL04846,6,0.5,3.7,Seller Fulfilled,23.333333333333332,32474.121,50.0,47.3,Medium Risk
SELL04847,35,0.22857142857142856,5.0,Seller Fulfilled,19.714285714285715,5224.754999999999,22.86,21.9,Low Risk
SELL04848,20,0.2,4.3,Seller Fulfilled,22.75,7520.495999999999,20.0,27.5,Low Risk
SELL04849,12,0.16666666666666666,4.0,Platform Fulfilled,14.166666666666666,1074.4139999999998,16.67,23.0,Low Risk
SELL04850,52,0.11538461538461539,4.7,Platform Fulfilled,14.711538461538462,24373.311,11.54,15.5,Low Risk
SELL04851,43,0.4186046511627907,2.3,Platform Fulfilled,11.744186046511627,55208.176499999994,41.86,47.0,Medium Risk
SELL04852,17,0.17647058823529413,2.7,Platform Fulfilled,16.176470588235293,3478.2585,17.65,34.4,Medium Risk
SELL04853,43,0.06976744186046512,3.5,Platform Fulfilled,15.348837209302326,2743.5915,6.98,22.6,Low Risk
SELL04855,75,0.3466666666666667,3.3,Seller Fulfilled,15.8,130167.2655,34.67,38.3,Medium Risk
SELL04856,86,0.12790697674418605,3.8,Seller Fulfilled,15.63953488372093,69219.65849999999,12.79,23.5,Low Risk
SELL04857,43,0.2558139534883721,3.6,Platform Fulfilled,11.976744186046512,9012.705,25.58,29.2,Low Risk
SELL04858,80,0.2125,5.0,Seller Fulfilled,16.0,19709.513999999996,21.25,18.9,Low Risk
SELL04859,10,0.0,4.7,Platform Fulfilled,15.5,0.0,0.0,10.2,Low Risk
SELL04860,34,0.17647058823529413,4.0,Platform Fulfilled,16.764705882352942,6704.6415,17.65,25.0,Low Risk
SELL04861,57,0.19298245614035087,3.3,Platform Fulfilled,18.333333333333332,3233.6804999999995,19.3,32.0,Low Risk
SELL04862,42,0.19047619047619047,4.0,Platform Fulfilled,16.30952380952381,18025.002,19.05,25.5,Low Risk
SELL04863,17,0.23529411764705882,4.2,Seller Fulfilled,10.0,5876.7045,23.53,22.5,Low Risk
SELL04864,32,0.15625,3.7,Seller Fulfilled,19.84375,9687.7545,15.62,28.1,Low Risk
SELL04865,42,0.40476190476190477,3.7,Platform Fulfilled,18.452380952380953,78473.1555,40.48,39.7,Medium Risk
SELL04866,20,0.1,4.0,Platform Fulfilled,10.75,9106.617,10.0,17.7,Low Risk
SELL04867,31,0.5806451612903226,2.7,Seller Fulfilled,15.483870967741936,90006.2895,58.06,54.3,Medium Risk
SELL04868,38,0.18421052631578946,4.4,Seller Fulfilled,20.0,15311.745,18.42,24.3,Low Risk
SELL04869,30,0.06666666666666667,4.8,Seller Fulfilled,15.0,4647.168,6.67,12.6,Low Risk
SELL04870,34,0.29411764705882354,3.3,Platform Fulfilled,16.61764705882353,52434.15,29.41,36.1,Medium Risk
SELL04871,54,0.09259259259259259,3.8,Seller Fulfilled,22.12962962962963,2584.2465,9.26,25.5,Low Risk
SELL04872,55,0.07272727272727272,3.5,Platform Fulfilled,19.181818181818183,4183.968000000001,7.27,25.0,Low Risk
SELL04873,32,0.28125,3.3,Platform Fulfilled,16.09375,18927.875999999997,28.12,35.1,Medium Risk
SELL04874,33,0.30303030303030304,4.4,Platform Fulfilled,18.333333333333332,141514.47449999998,30.3,29.3,Low Risk
SELL04875,39,0.3333333333333333,3.4,Seller Fulfilled,18.46153846153846,43932.7455,33.33,38.4,Medium Risk
SELL04876,23,0.043478260869565216,4.0,Seller Fulfilled,16.52173913043478,110.856,4.35,18.2,Low Risk
SELL04877,14,0.8571428571428571,3.2,Seller Fulfilled,20.0,162885.42900000003,85.71,67.0,High Risk
SELL04878,34,0.08823529411764706,4.5,Platform Fulfilled,16.91176470588235,1460.8739999999998,8.82,17.0,Low Risk
SELL04879,42,0.23809523809523808,4.1,Seller Fulfilled,14.404761904761905,37142.918999999994,23.81,26.0,Low Risk
SELL04880,25,0.28,4.5,Platform Fulfilled,17.2,5688.7605,28.0,26.7,Low Risk
SELL04881,89,0.2247191011235955,3.6,Seller Fulfilled,17.191011235955056,169765.68449999997,22.47,30.7,Low Risk
SELL04882,43,0.4186046511627907,3.4,Seller Fulfilled,19.069767441860463,298883.6985,41.86,43.0,Medium Risk
SELL04883,44,0.20454545454545456,5.0,Seller Fulfilled,16.022727272727273,65142.015,20.45,18.6,Low Risk
SELL04884,53,0.39622641509433965,4.3,Platform Fulfilled,12.358490566037736,182656.70100000003,39.62,31.2,Low Risk
SELL04885,30,0.13333333333333333,5.0,Platform Fulfilled,15.0,61725.385500000004,13.33,14.4,Low Risk
SELL04886,10,0.4,3.5,Platform Fulfilled,18.5,767.241,40.0,41.0,Medium Risk
SELL04887,51,0.39215686274509803,4.5,Seller Fulfilled,11.07843137254902,127662.32400000001,39.22,28.8,Low Risk
SELL04888,22,0.2727272727272727,3.3,Platform Fulfilled,9.545454545454545,1481.9609999999998,27.27,30.9,Low Risk
SELL04889,24,0.2916666666666667,2.9,Seller Fulfilled,18.958333333333332,6445.9035,29.17,40.4,Medium Risk
SELL04890,18,0.2777777777777778,4.2,Seller Fulfilled,21.11111111111111,49346.2155,27.78,31.2,Low Risk
SELL04891,80,0.2125,4.0,Platform Fulfilled,17.0,22182.033,21.25,27.0,Low Risk
SELL04892,19,0.0,3.9,Platform Fulfilled,15.263157894736842,0.0,0.0,16.1,Low Risk
SELL04893,63,0.4126984126984127,2.7,Seller Fulfilled,19.365079365079364,104888.3835,41.27,48.2,Medium Risk
SELL04894,78,0.3076923076923077,2.5,Seller Fulfilled,15.512820512820513,14182.413,30.77,42.2,Medium Risk
SELL04895,46,0.21739130434782608,4.0,Seller Fulfilled,17.391304347826086,59589.73649999999,21.74,27.4,Low Risk
SELL04896,28,0.6071428571428571,2.8,Platform Fulfilled,19.107142857142858,101895.13049999998,60.71,57.0,Medium Risk
SELL04897,84,0.16666666666666666,4.5,Platform Fulfilled,15.654761904761905,90566.61600000001,16.67,20.2,Low Risk
SELL04898,105,0.18095238095238095,4.3,Seller Fulfilled,16.38095238095238,21464.424000000003,18.1,22.8,Low Risk
SELL04899,25,0.08,5.0,Seller Fulfilled,18.2,651.3599999999999,8.0,13.6,Low Risk
SELL04900,26,0.4230769230769231,4.3,Platform Fulfilled,18.076923076923077,137275.389,42.31,35.9,Medium Risk
SELL04901,43,0.23255813953488372,3.5,Platform Fulfilled,11.279069767441861,67102.5555,23.26,28.4,Low Risk
SELL04902,56,0.25,4.2,Seller Fulfilled,14.821428571428571,13253.9025,25.0,26.1,Low Risk
SELL04903,33,0.24242424242424243,3.1,Platform Fulfilled,11.515151515151516,13768.4625,24.24,32.0,Low Risk
SELL04904,48,0.1875,4.4,Platform Fulfilled,15.625,18309.128999999997,18.75,22.0,Low Risk
SELL04905,24,0.20833333333333334,4.9,Seller Fulfilled,13.333333333333334,11006.979,20.83,17.9,Low Risk
SELL04906,17,0.47058823529411764,3.8,Seller Fulfilled,16.176470588235293,12806.88,47.06,40.9,Medium Risk
SELL04907,56,0.25,3.7,Seller Fulfilled,17.321428571428573,87291.2175,25.0,31.3,Low Risk
SELL04908,23,0.43478260869565216,3.8,Platform Fulfilled,17.608695652173914,83127.06300000001,43.48,40.0,Medium Risk
SELL04909,30,0.16666666666666666,4.2,Seller Fulfilled,13.333333333333334,3763.3889999999997,16.67,21.1,Low Risk
SELL04910,70,0.07142857142857142,4.2,Platform Fulfilled,14.571428571428571,30813.195,7.14,17.0,Low Risk
SELL04911,39,0.1794871794871795,4.4,Seller Fulfilled,12.692307692307692,8219.2485,17.95,19.8,Low Risk
SELL04912,24,0.125,3.6,Seller Fulfilled,11.875,1690.533,12.5,22.6,Low Risk
SELL04913,54,0.1111111111111111,5.0,Seller Fulfilled,16.11111111111111,37663.76849999999,11.11,13.9,Low Risk
SELL04914,40,0.15,3.5,Platform Fulfilled,15.5,2393.3115,15.0,26.7,Low Risk
SELL04915,118,0.3220338983050847,3.0,Seller Fulfilled,17.54237288135593,171366.009,32.2,40.3,Medium Risk
SELL04916,68,0.4411764705882353,2.9,Seller Fulfilled,19.558823529411764,110630.3685,44.12,48.2,Medium Risk
SELL04917,89,0.1348314606741573,3.8,Platform Fulfilled,15.224719101123595,111268.2585,13.48,23.6,Low Risk
SELL04918,42,0.35714285714285715,3.7,Seller Fulfilled,16.785714285714285,86607.18599999999,35.71,36.3,Medium Risk
SELL04919,18,0.3333333333333333,3.6,Platform Fulfilled,18.055555555555557,45552.867,33.33,36.6,Medium Risk
SELL04920,35,0.2,4.5,Seller Fulfilled,20.285714285714285,65942.2665,20.0,24.6,Low Risk
SELL04921,32,0.125,4.7,Platform Fulfilled,18.59375,3060.282,12.5,18.3,Low Risk
SELL04922,11,0.18181818181818182,3.5,Platform Fulfilled,16.818181818181817,1755.951,18.18,29.1,Low Risk
SELL04923,37,0.13513513513513514,4.7,Seller Fulfilled,14.324324324324325,27533.799,13.51,16.3,Low Risk
SELL04924,50,0.16,5.0,Platform Fulfilled,16.0,6835.635,16.0,16.3,Low Risk
SELL04925,27,0.37037037037037035,3.1,Platform Fulfilled,14.62962962962963,38688.460499999994,37.04,40.2,Medium Risk
SELL04926,36,0.25,4.4,Seller Fulfilled,18.194444444444443,72225.88949999999,25.0,26.6,Low Risk
SELL04927,41,0.14634146341463414,4.0,Platform Fulfilled,16.829268292682926,14764.3695,14.63,23.6,Low Risk
SELL04928,62,0.4032258064516129,3.4,Platform Fulfilled,18.70967741935484,11200.939499999999,40.32,42.0,Medium Risk
SELL04929,45,0.24444444444444444,4.2,Platform Fulfilled,15.333333333333334,11865.108,24.44,26.1,Low Risk
SELL04930,30,0.4,3.1,Seller Fulfilled,18.0,84375.5355,40.0,43.7,Medium Risk
SELL04931,27,0.14814814814814814,4.0,Seller Fulfilled,17.962962962962962,3315.3464999999997,14.81,24.3,Low Risk
SELL04932,50,0.2,4.1,Seller Fulfilled,14.2,11211.7755,20.0,24.0,Low Risk
SELL04933,35,0.37142857142857144,4.0,Seller Fulfilled,14.0,76525.6905,37.14,33.2,Medium Risk
SELL04934,55,0.23636363636363636,4.2,Seller Fulfilled,13.727272727272727,83570.67450000001,23.64,24.7,Low Risk
SELL04935,47,0.23404255319148937,4.5,Seller Fulfilled,18.617021276595743,48107.7795,23.4,25.3,Low Risk
SELL04936,36,0.4166666666666667,3.3,Platform Fulfilled,15.416666666666666,62316.435,41.67,41.5,Medium Risk
SELL04937,49,0.24489795918367346,5.0,Seller Fulfilled,12.551020408163266,8925.228000000001,24.49,18.5,Low Risk
SELL04938,56,0.21428571428571427,4.1,Platform Fulfilled,16.785714285714285,35864.629499999995,21.43,26.2,Low Risk
SELL04939,44,0.1590909090909091,3.6,Seller Fulfilled,15.113636363636363,4318.648499999999,15.91,26.2,Low Risk
SELL04940,69,0.2898550724637681,4.3,Platform Fulfilled,14.855072463768115,93442.47899999999,28.99,27.4,Low Risk
SELL04942,19,0.7368421052631579,3.3,Seller Fulfilled,13.68421052631579,29853.553499999998,73.68,56.5,Medium Risk
SELL04943,39,0.20512820512820512,4.1,Seller Fulfilled,17.82051282051282,45911.766,20.51,26.3,Low Risk
SELL04944,51,0.1568627450980392,4.3,Platform Fulfilled,16.568627450980394,56970.69900000001,15.69,21.7,Low Risk
SELL04945,42,0.19047619047619047,3.5,Seller Fulfilled,17.142857142857142,13602.192,19.05,29.7,Low Risk
SELL04946,36,0.3611111111111111,3.4,Seller Fulfilled,15.277777777777779,11817.015000000001,36.11,37.9,Medium Risk
SELL04947,8,0.5,3.5,Platform Fulfilled,10.0,49848.609,50.0,41.0,Medium Risk
SELL04948,68,0.16176470588235295,4.2,Seller Fulfilled,20.66176470588235,21089.961,16.18,25.1,Low Risk
SELL04949,37,0.5405405405405406,3.1,Seller Fulfilled,12.162162162162161,139392.43050000002,54.05,47.3,Medium Risk
SELL04950,49,0.2857142857142857,3.5,Seller Fulfilled,15.204081632653061,26114.271,28.57,33.4,Medium Risk
SELL04951,36,0.1388888888888889,3.7,Platform Fulfilled,18.75,53130.046500000004,13.89,26.6,Low Risk
SELL04952,31,0.2903225806451613,3.0,Seller Fulfilled,19.032258064516128,18570.2355,29.03,39.6,Medium Risk
SELL04953,23,0.17391304347826086,4.3,Seller Fulfilled,10.869565217391305,2127.7815,17.39,19.2,Low Risk
SELL04954,50,0.24,3.8,Platform Fulfilled,20.6,84125.952,24.0,32.0,Low Risk
SELL04955,48,0.14583333333333334,5.0,Seller Fulfilled,14.375,28231.011000000002,14.58,14.6,Low Risk
SELL04956,40,0.275,5.0,Seller Fulfilled,15.125,130650.039,27.5,21.5,Low Risk
SELL04957,20,0.65,3.4,Platform Fulfilled,12.25,130835.87399999998,65.0,50.6,Medium Risk
SELL04958,7,0.0,4.5,Platform Fulfilled,19.285714285714285,0.0,0.0,14.0,Low Risk
SELL04959,20,0.2,3.6,Platform Fulfilled,13.25,2079.8129999999996,20.0,27.2,Low Risk
SELL04960,16,0.125,4.5,Seller Fulfilled,10.9375,1673.364,12.5,15.3,Low Risk
SELL04961,7,0.0,4.6,Platform Fulfilled,12.857142857142858,0.0,0.0,9.4,Low Risk
SELL04962,9,0.1111111111111111,2.1,Platform Fulfilled,18.333333333333332,121.24349999999998,11.11,36.9,Medium Risk
SELL04963,77,0.5454545454545454,2.2,Seller Fulfilled,16.818181818181817,269802.3255,54.55,57.0,Medium Risk
SELL04964,32,0.125,4.1,Seller Fulfilled,15.9375,2704.2780000000002,12.5,21.2,Low Risk
SELL04965,72,0.3472222222222222,4.5,Seller Fulfilled,17.708333333333332,135149.78100000002,34.72,30.4,Low Risk
SELL04966,31,0.5483870967741935,2.2,Seller Fulfilled,19.677419354838708,173316.87149999998,54.84,58.8,Medium Risk
SELL04967,51,0.27450980392156865,3.2,Seller Fulfilled,15.098039215686274,40029.2265,27.45,35.0,Medium Risk
SELL04968,20,0.3,5.0,Seller Fulfilled,9.75,5722.869,30.0,19.6,Low Risk
SELL04969,34,0.5,2.9,Platform Fulfilled,17.647058823529413,27772.778999999995,50.0,50.0,Medium Risk
SELL04970,48,0.125,3.6,Seller Fulfilled,15.729166666666666,5108.4585,12.5,24.9,Low Risk
SELL04971,25,0.12,5.0,Seller Fulfilled,17.8,13214.851499999997,12.0,15.3,Low Risk
SELL04972,43,0.18604651162790697,3.9,Seller Fulfilled,18.25581395348837,26825.814,18.6,27.2,Low Risk
SELL04973,53,0.39622641509433965,3.4,Platform Fulfilled,18.11320754716981,181776.65399999995,39.62,41.3,Medium Risk
SELL04974,52,0.21153846153846154,4.4,Platform Fulfilled,16.53846153846154,41639.97749999999,21.15,23.7,Low Risk
SELL04975,28,0.32142857142857145,4.2,Seller Fulfilled,15.0,7398.6525,32.14,29.8,Low Risk
SELL04976,21,0.3333333333333333,3.7,Seller Fulfilled,19.761904761904763,25115.907,33.33,36.9,Medium Risk
SELL04977,13,0.15384615384615385,4.8,Seller Fulfilled,18.076923076923077,23330.046,15.38,18.7,Low Risk
SELL04978,39,0.3076923076923077,3.8,Platform Fulfilled,13.974358974358974,109862.76000000001,30.77,31.5,Low Risk
SELL04979,25,0.12,3.7,Seller Fulfilled,17.0,1610.541,12.0,24.6,Low Risk
SELL04980,22,0.5,3.5,Seller Fulfilled,20.681818181818183,88797.29549999998,50.0,47.3,Medium Risk
SELL04981,9,0.2222222222222222,4.1,Seller Fulfilled,16.666666666666668,1909.5525,22.22,26.5,Low Risk
SELL04982,6,0.16666666666666666,4.0,Platform Fulfilled,27.5,215.415,16.67,30.9,Low Risk
SELL04983,55,0.2545454545454545,4.2,Seller Fulfilled,13.272727272727273,39033.864,25.45,25.4,Low Risk
SELL04984,37,0.6486486486486487,3.2,Seller Fulfilled,16.756756756756758,374183.6535,64.86,54.7,Medium Risk
SELL04985,24,0.041666666666666664,3.9,Seller Fulfilled,14.375,91.22099999999999,4.17,17.7,Low Risk
SELL04986,30,0.5,3.1,Seller Fulfilled,15.166666666666666,6060.819,50.0,47.0,Medium Risk
SELL04987,45,0.26666666666666666,2.6,Seller Fulfilled,18.22222222222222,111973.056,26.67,40.9,Medium Risk
SELL04988,77,0.38961038961038963,3.3,Seller Fulfilled,13.181818181818182,287270.811,38.96,38.9,Medium Risk
SELL04989,54,0.2962962962962963,3.5,Seller Fulfilled,17.685185185185187,26603.1915,29.63,35.3,Medium Risk
SELL04990,101,0.2871287128712871,2.0,Platform Fulfilled,15.297029702970297,11126.491499999998,28.71,44.7,Medium Risk
SELL04991,40,0.575,3.1,Seller Fulfilled,22.5,232000.128,57.5,55.1,Medium Risk
SELL04992,28,0.25,4.2,Seller Fulfilled,19.821428571428573,30734.455499999996,25.0,29.0,Low Risk
SELL04993,39,0.23076923076923078,3.9,Seller Fulfilled,16.41025641025641,95695.12349999999,23.08,28.3,Low Risk
SELL04994,37,0.16216216216216217,4.1,Seller Fulfilled,18.243243243243242,2722.0605,16.22,24.5,Low Risk
SELL04995,24,0.2916666666666667,5.0,Seller Fulfilled,22.708333333333332,36591.381,29.17,26.8,Low Risk
SELL04996,28,0.32142857142857145,3.8,Platform Fulfilled,18.571428571428573,27639.475499999997,32.14,34.8,Medium Risk
SELL04997,22,0.045454545454545456,4.1,Platform Fulfilled,21.818181818181817,4184.6835,4.55,20.7,Low Risk
SELL04998,90,0.13333333333333333,5.0,Seller Fulfilled,16.5,48128.9805,13.33,15.2,Low Risk
SELL04999,38,0.5526315789473685,2.8,Seller Fulfilled,15.394736842105264,122909.15250000001,55.26,52.1,Medium Risk
SELL05000,49,0.20408163265306123,4.2,Seller Fulfilled,17.551020408163264,14684.0595,20.41,25.4,Low Risk
